{"type":"FeatureCollection","features":[{"type":"Feature","properties":{"id":"dep-BE","nombre":"Beni","nivel":"departamento","municipio":null,"provincia":null,"departamento":"Beni","fuente":"YoViajo/geodatos (límites departamentales)"},"geometry":{"type":"MultiPolygon","coordinates":[[[[-67.53,-14.65],[-67.53,-14.64],[-67.52,-14.64],[-67.52,-14.65],[-67.53,-14.65]]],[[[-67.45,-13.71],[-67.45,-13.73],[-67.46,-13.73],[-67.46,-13.71],[-67.45,-13.71]]],[[[-67.3,-13.29],[-67.3,-13.27],[-67.29,-13.27],[-67.29,-13.29],[-67.3,-13.29]]],[[[-67.26,-13.25],[-67.26,-13.26],[-67.29,-13.26],[-67.29,-13.24],[-67.27,-13.24],[-67.27,-13.25],[-67.26,-13.25]]],[[[-67.1,-13.03],[-67.1,-13.04],[-67.11,-13.04],[-67.11,-13.03],[-67.1,-13.02],[-67.09,-13.02],[-67.09,-13.03],[-67.1,-13.03]]],[[[-66.3,-11.26],[-66.28,-11.26],[-66.28,-11.27],[-66.3,-11.27],[-66.3,-11.26]]],[[[-63.43,-15.8],[-63.43,-15.81],[-63.44,-15.8],[-63.43,-15.8]]],[[[-63.43,-15.78],[-63.43,-15.79],[-63.44,-15.78],[-63.43,-15.78]]],[[[-61.57,-13.5],[-61.58,-13.5],[-61.58,-13.49],[-61.57,-13.49],[-61.57,-13.5]]],[[[-63.43,-15.81],[-63.43,-15.83],[-63.42,-15.83],[-63.42,-15.85],[-63.41,-15.85],[-63.41,-15.84],[-63.4,-15.84],[-63.4,-15.85],[-63.39,-15.85],[-63.38,-15.86],[-63.39,-15.87],[-63.38,-15.88],[-63.44,-15.88],[-63.87,-15.85],[-64.02,-15.85],[-64.46,-15.82],[-64.49,-15.82],[-64.73,-15.8],[-65.1,-15.8],[-65.13,-15.79],[-65.23,-15.79],[-65.25,-15.8],[-65.29,-15.83],[-65.32,-15.85],[-65.39,-15.92],[-65.42,-15.97],[-65.48,-16.09],[-65.53,-16.21],[-65.57,-16.25],[-65.59,-16.26],[-65.61,-16.28],[-65.63,-16.29],[-65.66,-16.31],[-65.69,-16.32],[-65.72,-16.34],[-65.78,-16.37],[-65.83,-16.39],[-65.93,-16.41],[-65.96,-16.41],[-65.99,-16.42],[-66.02,-16.41],[-66.06,-16.4],[-66.11,-16.38],[-66.15,-16.37],[-66.25,-16.31],[-66.3,-16.29],[-66.34,-16.26],[-66.38,-16.24],[-66.41,-16.21],[-66.45,-16.19],[-66.47,-16.17],[-66.52,-16.09],[-66.57,-16.02],[-66.6,-15.97],[-66.64,-15.88],[-66.68,-15.8],[-66.78,-15.7],[-66.8,-15.67],[-66.93,-15.56],[-66.94,-15.56],[-66.94,-15.55],[-66.93,-15.55],[-66.93,-15.54],[-66.94,-15.54],[-66.94,-15.53],[-66.95,-15.53],[-66.95,-15.52],[-66.96,-15.52],[-66.96,-15.5],[-66.98,-15.5],[-66.98,-15.49],[-66.99,-15.49],[-66.99,-15.48],[-67.0,-15.48],[-67.0,-15.47],[-67.02,-15.47],[-67.02,-15.46],[-67.04,-15.46],[-67.04,-15.44],[-67.06,-15.44],[-67.06,-15.43],[-67.07,-15.43],[-67.07,-15.42],[-67.09,-15.42],[-67.09,-15.4],[-67.11,-15.4],[-67.11,-15.39],[-67.12,-15.39],[-67.12,-15.38],[-67.11,-15.38],[-67.11,-15.37],[-67.1,-15.36],[-67.09,-15.36],[-67.09,-15.34],[-67.08,-15.34],[-67.08,-15.3],[-67.1,-15.3],[-67.1,-15.29],[-67.11,-15.29],[-67.11,-15.28],[-67.12,-15.28],[-67.12,-15.27],[-67.13,-15.27],[-67.13,-15.23],[-67.14,-15.23],[-67.14,-15.2],[-67.16,-15.2],[-67.16,-15.18],[-67.17,-15.18],[-67.17,-15.16],[-67.18,-15.16],[-67.18,-15.15],[-67.19,-15.15],[-67.19,-15.13],[-67.2,-15.13],[-67.2,-15.12],[-67.21,-15.12],[-67.21,-15.11],[-67.24,-15.11],[-67.24,-15.08],[-67.23,-15.07],[-67.24,-15.07],[-67.24,-15.05],[-67.26,-15.05],[-67.26,-15.04],[-67.28,-15.04],[-67.28,-15.03],[-67.29,-15.03],[-67.29,-15.02],[-67.3,-15.03],[-67.3,-15.04],[-67.31,-15.04],[-67.31,-15.03],[-67.32,-15.03],[-67.32,-15.04],[-67.34,-15.04],[-67.34,-15.03],[-67.35,-15.03],[-67.35,-15.02],[-67.36,-15.02],[-67.36,-15.03],[-67.37,-15.03],[-67.37,-15.02],[-67.39,-15.02],[-67.39,-15.01],[-67.4,-15.01],[-67.4,-14.99],[-67.42,-14.99],[-67.42,-14.98],[-67.41,-14.98],[-67.41,-14.97],[-67.42,-14.97],[-67.42,-14.95],[-67.41,-14.95],[-67.41,-14.94],[-67.42,-14.94],[-67.42,-14.92],[-67.43,-14.92],[-67.43,-14.91],[-67.41,-14.91],[-67.42,-14.9],[-67.43,-14.9],[-67.43,-14.88],[-67.42,-14.88],[-67.42,-14.87],[-67.41,-14.87],[-67.41,-14.85],[-67.4,-14.85],[-67.4,-14.84],[-67.41,-14.84],[-67.41,-14.82],[-67.39,-14.82],[-67.39,-14.81],[-67.4,-14.81],[-67.4,-14.8],[-67.39,-14.8],[-67.39,-14.79],[-67.4,-14.79],[-67.4,-14.78],[-67.41,-14.78],[-67.41,-14.76],[-67.42,-14.76],[-67.42,-14.73],[-67.44,-14.73],[-67.44,-14.72],[-67.45,-14.72],[-67.45,-14.71],[-67.46,-14.71],[-67.46,-14.7],[-67.48,-14.7],[-67.48,-14.69],[-67.47,-14.69],[-67.47,-14.68],[-67.49,-14.68],[-67.49,-14.67],[-67.5,-14.67],[-67.5,-14.66],[-67.51,-14.66],[-67.51,-14.64],[-67.52,-14.64],[-67.52,-14.63],[-67.53,-14.63],[-67.52,-14.62],[-67.52,-14.61],[-67.53,-14.61],[-67.53,-14.6],[-67.54,-14.6],[-67.54,-14.59],[-67.52,-14.59],[-67.52,-14.57],[-67.51,-14.56],[-67.5,-14.56],[-67.5,-14.52],[-67.49,-14.51],[-67.48,-14.51],[-67.48,-14.49],[-67.51,-14.49],[-67.51,-14.47],[-67.52,-14.47],[-67.53,-14.46],[-67.53,-14.43],[-67.54,-14.43],[-67.54,-14.41],[-67.56,-14.41],[-67.56,-14.4],[-67.55,-14.39],[-67.54,-14.39],[-67.54,-14.38],[-67.55,-14.37],[-67.54,-14.37],[-67.54,-14.36],[-67.53,-14.35],[-67.54,-14.34],[-67.56,-14.34],[-67.56,-14.33],[-67.54,-14.33],[-67.54,-14.32],[-67.53,-14.31],[-67.53,-14.3],[-67.5,-14.3],[-67.49,-14.29],[-67.48,-14.29],[-67.48,-14.27],[-67.49,-14.27],[-67.5,-14.26],[-67.5,-14.24],[-67.51,-14.24],[-67.51,-14.23],[-67.53,-14.23],[-67.53,-14.2],[-67.52,-14.19],[-67.52,-14.18],[-67.53,-14.17],[-67.53,-14.16],[-67.52,-14.15],[-67.52,-14.11],[-67.53,-14.11],[-67.53,-14.12],[-67.54,-14.12],[-67.54,-14.09],[-67.53,-14.09],[-67.53,-14.08],[-67.52,-14.08],[-67.5,-14.06],[-67.5,-14.05],[-67.51,-14.05],[-67.52,-14.04],[-67.53,-14.04],[-67.54,-14.05],[-67.54,-14.07],[-67.55,-14.07],[-67.56,-14.06],[-67.56,-14.03],[-67.53,-14.03],[-67.53,-14.0],[-67.52,-13.99],[-67.53,-13.98],[-67.53,-13.95],[-67.51,-13.93],[-67.5,-13.93],[-67.49,-13.92],[-67.5,-13.91],[-67.51,-13.91],[-67.51,-13.9],[-67.5,-13.9],[-67.5,-13.89],[-67.48,-13.89],[-67.48,-13.87],[-67.47,-13.87],[-67.47,-13.86],[-67.45,-13.86],[-67.45,-13.85],[-67.47,-13.85],[-67.48,-13.84],[-67.51,-13.84],[-67.51,-13.81],[-67.49,-13.81],[-67.5,-13.8],[-67.48,-13.8],[-67.48,-13.79],[-67.47,-13.78],[-67.48,-13.78],[-67.48,-13.77],[-67.49,-13.78],[-67.5,-13.78],[-67.5,-13.79],[-67.52,-13.79],[-67.52,-13.78],[-67.51,-13.77],[-67.49,-13.77],[-67.49,-13.76],[-67.48,-13.76],[-67.46,-13.74],[-67.45,-13.74],[-67.45,-13.73],[-67.43,-13.73],[-67.43,-13.7],[-67.42,-13.7],[-67.42,-13.69],[-67.43,-13.69],[-67.43,-13.68],[-67.44,-13.67],[-67.44,-13.66],[-67.43,-13.65],[-67.42,-13.65],[-67.41,-13.64],[-67.36,-13.64],[-67.36,-13.63],[-67.37,-13.63],[-67.37,-13.62],[-67.38,-13.61],[-67.39,-13.61],[-67.39,-13.6],[-67.37,-13.6],[-67.37,-13.61],[-67.36,-13.61],[-67.36,-13.58],[-67.35,-13.57],[-67.35,-13.56],[-67.36,-13.56],[-67.37,-13.57],[-67.38,-13.56],[-67.38,-13.53],[-67.4,-13.53],[-67.4,-13.51],[-67.39,-13.51],[-67.38,-13.52],[-67.38,-13.51],[-67.37,-13.51],[-67.37,-13.49],[-67.36,-13.49],[-67.35,-13.48],[-67.35,-13.46],[-67.36,-13.47],[-67.37,-13.47],[-67.37,-13.48],[-67.38,-13.48],[-67.39,-13.47],[-67.39,-13.45],[-67.35,-13.45],[-67.35,-13.44],[-67.39,-13.44],[-67.39,-13.43],[-67.4,-13.43],[-67.39,-13.42],[-67.38,-13.42],[-67.38,-13.41],[-67.39,-13.41],[-67.39,-13.39],[-67.38,-13.39],[-67.38,-13.38],[-67.36,-13.38],[-67.34,-13.37],[-67.33,-13.37],[-67.33,-13.35],[-67.36,-13.35],[-67.36,-13.34],[-67.35,-13.34],[-67.34,-13.33],[-67.32,-13.32],[-67.31,-13.31],[-67.31,-13.3],[-67.3,-13.3],[-67.29,-13.29],[-67.29,-13.3],[-67.28,-13.3],[-67.27,-13.29],[-67.26,-13.29],[-67.26,-13.26],[-67.25,-13.26],[-67.25,-13.24],[-67.27,-13.22],[-67.27,-13.21],[-67.26,-13.2],[-67.26,-13.21],[-67.24,-13.19],[-67.22,-13.19],[-67.21,-13.2],[-67.2,-13.19],[-67.2,-13.18],[-67.22,-13.18],[-67.22,-13.17],[-67.23,-13.17],[-67.22,-13.16],[-67.16,-13.16],[-67.16,-13.15],[-67.17,-13.13],[-67.18,-13.13],[-67.19,-13.12],[-67.16,-13.12],[-67.16,-13.1],[-67.14,-13.1],[-67.14,-13.09],[-67.13,-13.09],[-67.14,-13.08],[-67.14,-13.07],[-67.15,-13.06],[-67.15,-13.05],[-67.14,-13.04],[-67.11,-13.04],[-67.11,-13.05],[-67.12,-13.06],[-67.1,-13.06],[-67.1,-13.04],[-67.08,-13.04],[-67.06,-13.02],[-67.06,-13.05],[-67.05,-13.05],[-67.04,-13.04],[-67.04,-13.01],[-67.05,-13.01],[-67.06,-13.0],[-67.07,-13.0],[-67.07,-12.99],[-67.06,-12.99],[-67.06,-12.98],[-67.05,-12.98],[-67.05,-12.95],[-67.04,-12.95],[-67.04,-12.93],[-67.01,-12.93],[-67.01,-12.91],[-67.02,-12.91],[-67.02,-12.9],[-67.04,-12.9],[-67.04,-12.89],[-67.03,-12.89],[-67.03,-12.88],[-67.0,-12.88],[-67.0,-12.87],[-66.99,-12.87],[-66.99,-12.86],[-66.98,-12.86],[-66.98,-12.85],[-67.0,-12.85],[-67.0,-12.83],[-66.98,-12.83],[-66.98,-12.8],[-66.99,-12.8],[-66.99,-12.79],[-66.96,-12.79],[-66.96,-12.8],[-66.95,-12.8],[-66.95,-12.78],[-66.96,-12.78],[-66.96,-12.76],[-66.97,-12.76],[-66.97,-12.75],[-66.98,-12.74],[-66.98,-12.73],[-66.96,-12.73],[-66.95,-12.72],[-66.96,-12.71],[-66.96,-12.7],[-66.97,-12.7],[-66.97,-12.69],[-66.95,-12.69],[-66.95,-12.68],[-66.94,-12.68],[-66.95,-12.67],[-66.96,-12.67],[-66.96,-12.63],[-66.93,-12.63],[-66.93,-12.61],[-66.94,-12.6],[-66.98,-12.6],[-66.98,-12.58],[-66.96,-12.56],[-66.95,-12.56],[-66.95,-12.55],[-66.94,-12.55],[-66.94,-12.54],[-66.92,-12.54],[-66.92,-12.52],[-66.94,-12.52],[-66.94,-12.51],[-66.95,-12.51],[-66.96,-12.5],[-66.96,-12.49],[-66.97,-12.49],[-66.97,-12.48],[-66.96,-12.48],[-66.96,-12.47],[-66.93,-12.47],[-66.93,-12.46],[-66.94,-12.46],[-66.94,-12.45],[-66.95,-12.45],[-66.95,-12.44],[-66.96,-12.44],[-66.96,-12.43],[-66.97,-12.42],[-66.97,-12.41],[-66.95,-12.41],[-66.95,-12.4],[-66.94,-12.4],[-66.94,-12.39],[-66.93,-12.39],[-66.93,-12.38],[-66.92,-12.38],[-66.92,-12.37],[-66.9,-12.37],[-66.9,-12.34],[-66.91,-12.34],[-66.91,-12.33],[-66.94,-12.33],[-66.94,-12.32],[-66.95,-12.32],[-66.95,-12.29],[-66.92,-12.29],[-66.92,-12.28],[-66.91,-12.28],[-66.91,-12.27],[-66.9,-12.27],[-66.9,-12.26],[-66.89,-12.26],[-66.89,-12.25],[-66.88,-12.25],[-66.88,-12.21],[-66.89,-12.21],[-66.89,-12.19],[-66.9,-12.19],[-66.91,-12.18],[-66.92,-12.18],[-66.92,-12.15],[-66.91,-12.14],[-66.9,-12.14],[-66.9,-12.13],[-66.89,-12.13],[-66.89,-12.12],[-66.88,-12.12],[-66.88,-12.11],[-66.87,-12.11],[-66.87,-12.09],[-66.88,-12.09],[-66.88,-12.06],[-66.89,-12.06],[-66.89,-12.05],[-66.91,-12.05],[-66.91,-12.04],[-66.9,-12.03],[-66.9,-12.01],[-66.89,-12.01],[-66.89,-11.99],[-66.9,-11.99],[-66.9,-11.95],[-66.91,-11.95],[-66.91,-11.94],[-66.92,-11.94],[-66.92,-11.95],[-66.93,-11.95],[-66.93,-11.91],[-66.96,-11.91],[-66.96,-11.92],[-66.95,-11.92],[-66.95,-11.94],[-66.96,-11.94],[-66.96,-11.93],[-66.97,-11.93],[-66.97,-11.92],[-66.98,-11.92],[-66.98,-11.89],[-66.95,-11.89],[-66.95,-11.87],[-66.93,-11.87],[-66.92,-11.86],[-66.89,-11.86],[-66.89,-11.85],[-66.88,-11.85],[-66.88,-11.84],[-66.87,-11.84],[-66.87,-11.83],[-66.86,-11.83],[-66.86,-11.81],[-66.87,-11.81],[-66.87,-11.78],[-66.88,-11.77],[-66.9,-11.77],[-66.9,-11.78],[-66.92,-11.78],[-66.92,-11.76],[-66.91,-11.76],[-66.91,-11.74],[-66.86,-11.74],[-66.86,-11.75],[-66.85,-11.76],[-66.84,-11.76],[-66.84,-11.74],[-66.83,-11.74],[-66.83,-11.7],[-66.81,-11.7],[-66.81,-11.69],[-66.77,-11.69],[-66.77,-11.71],[-66.78,-11.71],[-66.78,-11.72],[-66.79,-11.72],[-66.8,-11.73],[-66.79,-11.74],[-66.77,-11.74],[-66.77,-11.73],[-66.76,-11.73],[-66.76,-11.7],[-66.74,-11.7],[-66.74,-11.69],[-66.72,-11.69],[-66.72,-11.68],[-66.71,-11.68],[-66.71,-11.65],[-66.73,-11.65],[-66.73,-11.63],[-66.72,-11.63],[-66.72,-11.62],[-66.71,-11.62],[-66.71,-11.61],[-66.73,-11.61],[-66.73,-11.6],[-66.75,-11.6],[-66.75,-11.59],[-66.76,-11.59],[-66.76,-11.58],[-66.75,-11.58],[-66.75,-11.57],[-66.73,-11.57],[-66.73,-11.56],[-66.68,-11.56],[-66.68,-11.51],[-66.69,-11.51],[-66.69,-11.49],[-66.7,-11.49],[-66.71,-11.48],[-66.73,-11.48],[-66.73,-11.47],[-66.72,-11.46],[-66.72,-11.45],[-66.71,-11.45],[-66.71,-11.44],[-66.67,-11.44],[-66.67,-11.45],[-66.66,-11.45],[-66.65,-11.46],[-66.64,-11.46],[-66.64,-11.47],[-66.63,-11.47],[-66.63,-11.44],[-66.64,-11.43],[-66.64,-11.42],[-66.62,-11.42],[-66.61,-11.43],[-66.59,-11.43],[-66.58,-11.42],[-66.56,-11.42],[-66.56,-11.41],[-66.53,-11.41],[-66.52,-11.42],[-66.51,-11.42],[-66.51,-11.43],[-66.47,-11.43],[-66.47,-11.42],[-66.46,-11.42],[-66.47,-11.41],[-66.46,-11.4],[-66.46,-11.39],[-66.44,-11.37],[-66.37,-11.37],[-66.37,-11.36],[-66.35,-11.36],[-66.33,-11.38],[-66.32,-11.38],[-66.31,-11.39],[-66.3,-11.39],[-66.3,-11.38],[-66.29,-11.38],[-66.29,-11.35],[-66.3,-11.34],[-66.31,-11.34],[-66.31,-11.35],[-66.32,-11.35],[-66.32,-11.36],[-66.33,-11.36],[-66.33,-11.34],[-66.34,-11.33],[-66.33,-11.33],[-66.33,-11.32],[-66.32,-11.32],[-66.32,-11.31],[-66.28,-11.31],[-66.28,-11.32],[-66.26,-11.32],[-66.26,-11.33],[-66.23,-11.33],[-66.23,-11.31],[-66.24,-11.3],[-66.25,-11.3],[-66.25,-11.29],[-66.27,-11.29],[-66.27,-11.28],[-66.28,-11.27],[-66.25,-11.27],[-66.25,-11.26],[-66.26,-11.25],[-66.26,-11.24],[-66.27,-11.24],[-66.27,-11.21],[-66.26,-11.21],[-66.26,-11.2],[-66.25,-11.2],[-66.25,-11.21],[-66.24,-11.21],[-66.24,-11.22],[-66.23,-11.22],[-66.23,-11.21],[-66.21,-11.21],[-66.21,-11.2],[-66.2,-11.2],[-66.2,-11.19],[-66.19,-11.19],[-66.19,-11.18],[-66.18,-11.18],[-66.18,-11.17],[-66.19,-11.16],[-66.19,-11.14],[-66.21,-11.12],[-66.21,-11.1],[-66.2,-11.09],[-66.2,-11.07],[-66.18,-11.07],[-66.18,-11.08],[-66.17,-11.08],[-66.17,-11.1],[-66.16,-11.11],[-66.16,-11.13],[-66.14,-11.13],[-66.12,-11.11],[-66.12,-11.08],[-66.13,-11.07],[-66.13,-11.06],[-66.14,-11.05],[-66.14,-11.04],[-66.12,-11.04],[-66.11,-11.05],[-66.1,-11.04],[-66.1,-10.96],[-66.09,-10.96],[-66.09,-10.98],[-66.08,-10.99],[-66.06,-10.99],[-66.06,-10.98],[-66.05,-10.98],[-66.05,-10.91],[-66.04,-10.91],[-66.04,-10.89],[-66.03,-10.89],[-66.03,-10.88],[-66.02,-10.88],[-66.02,-10.87],[-66.01,-10.87],[-66.01,-10.85],[-66.03,-10.85],[-66.03,-10.86],[-66.06,-10.86],[-66.07,-10.85],[-66.07,-10.84],[-66.06,-10.84],[-66.05,-10.83],[-66.04,-10.83],[-66.03,-10.82],[-66.02,-10.82],[-66.02,-10.81],[-66.01,-10.81],[-66.0,-10.8],[-65.99,-10.8],[-65.98,-10.79],[-65.97,-10.79],[-65.96,-10.8],[-65.95,-10.8],[-65.94,-10.81],[-65.92,-10.82],[-65.87,-10.82],[-65.86,-10.83],[-65.85,-10.83],[-65.85,-10.78],[-65.86,-10.77],[-65.86,-10.76],[-65.88,-10.76],[-65.88,-10.75],[-65.9,-10.75],[-65.9,-10.74],[-65.91,-10.74],[-65.91,-10.73],[-65.9,-10.73],[-65.9,-10.72],[-65.88,-10.7],[-65.88,-10.69],[-65.85,-10.69],[-65.85,-10.7],[-65.84,-10.71],[-65.83,-10.73],[-65.82,-10.74],[-65.8,-10.74],[-65.8,-10.73],[-65.78,-10.73],[-65.77,-10.72],[-65.73,-10.7],[-65.72,-10.7],[-65.72,-10.69],[-65.71,-10.68],[-65.71,-10.66],[-65.7,-10.66],[-65.7,-10.64],[-65.71,-10.63],[-65.73,-10.59],[-65.73,-10.56],[-65.62,-10.56],[-65.62,-10.54],[-65.6,-10.54],[-65.59,-10.53],[-65.58,-10.53],[-65.57,-10.52],[-65.57,-10.51],[-65.56,-10.51],[-65.55,-10.5],[-65.53,-10.5],[-65.52,-10.49],[-65.5,-10.49],[-65.49,-10.48],[-65.49,-10.46],[-65.48,-10.44],[-65.48,-10.43],[-65.47,-10.43],[-65.47,-10.42],[-65.46,-10.42],[-65.45,-10.41],[-65.4,-10.41],[-65.4,-10.39],[-65.39,-10.38],[-65.39,-10.39],[-65.38,-10.39],[-65.38,-10.44],[-65.39,-10.44],[-65.39,-10.45],[-65.4,-10.46],[-65.42,-10.46],[-65.42,-10.47],[-65.43,-10.47],[-65.43,-10.49],[-65.42,-10.49],[-65.42,-10.5],[-65.41,-10.5],[-65.41,-10.52],[-65.42,-10.52],[-65.42,-10.54],[-65.41,-10.54],[-65.41,-10.55],[-65.4,-10.55],[-65.4,-10.6],[-65.41,-10.6],[-65.41,-10.62],[-65.4,-10.63],[-65.4,-10.64],[-65.38,-10.64],[-65.37,-10.65],[-65.36,-10.65],[-65.36,-10.66],[-65.35,-10.66],[-65.35,-10.67],[-65.34,-10.67],[-65.34,-10.73],[-65.35,-10.73],[-65.35,-10.75],[-65.34,-10.75],[-65.34,-10.77],[-65.35,-10.77],[-65.35,-10.8],[-65.34,-10.8],[-65.34,-10.81],[-65.33,-10.81],[-65.33,-10.82],[-65.31,-10.82],[-65.31,-10.84],[-65.3,-10.84],[-65.3,-10.85],[-65.29,-10.85],[-65.29,-10.86],[-65.28,-10.86],[-65.28,-10.87],[-65.27,-10.87],[-65.27,-10.91],[-65.26,-10.92],[-65.26,-10.93],[-65.27,-10.93],[-65.27,-10.96],[-65.25,-10.98],[-65.25,-10.99],[-65.26,-10.99],[-65.26,-11.0],[-65.28,-11.0],[-65.28,-11.01],[-65.29,-11.01],[-65.29,-11.02],[-65.3,-11.03],[-65.3,-11.04],[-65.29,-11.04],[-65.29,-11.05],[-65.28,-11.05],[-65.28,-11.09],[-65.3,-11.09],[-65.3,-11.1],[-65.33,-11.1],[-65.33,-11.11],[-65.34,-11.11],[-65.34,-11.12],[-65.35,-11.12],[-65.35,-11.13],[-65.36,-11.13],[-65.36,-11.16],[-65.35,-11.16],[-65.35,-11.18],[-65.32,-11.18],[-65.32,-11.21],[-65.36,-11.21],[-65.36,-11.26],[-65.35,-11.26],[-65.35,-11.3],[-65.34,-11.3],[-65.34,-11.31],[-65.29,-11.31],[-65.29,-11.33],[-65.32,-11.33],[-65.32,-11.34],[-65.33,-11.34],[-65.33,-11.39],[-65.32,-11.39],[-65.32,-11.45],[-65.31,-11.45],[-65.31,-11.49],[-65.3,-11.49],[-65.3,-11.5],[-65.27,-11.5],[-65.27,-11.51],[-65.22,-11.51],[-65.22,-11.52],[-65.21,-11.52],[-65.21,-11.55],[-65.22,-11.55],[-65.22,-11.56],[-65.23,-11.56],[-65.23,-11.59],[-65.22,-11.59],[-65.22,-11.6],[-65.23,-11.6],[-65.23,-11.62],[-65.22,-11.62],[-65.22,-11.67],[-65.23,-11.67],[-65.23,-11.68],[-65.24,-11.68],[-65.25,-11.69],[-65.26,-11.69],[-65.26,-11.71],[-65.25,-11.71],[-65.25,-11.72],[-65.24,-11.72],[-65.24,-11.73],[-65.22,-11.73],[-65.22,-11.74],[-65.2,-11.74],[-65.2,-11.75],[-65.17,-11.75],[-65.17,-11.74],[-65.18,-11.74],[-65.18,-11.72],[-65.12,-11.72],[-65.12,-11.71],[-65.11,-11.71],[-65.11,-11.7],[-65.09,-11.7],[-65.09,-11.71],[-65.08,-11.71],[-65.08,-11.73],[-65.07,-11.73],[-65.07,-11.76],[-65.06,-11.77],[-65.06,-11.84],[-65.07,-11.84],[-65.07,-11.87],[-65.06,-11.87],[-65.06,-11.88],[-65.02,-11.88],[-65.02,-11.89],[-65.01,-11.89],[-65.01,-11.91],[-65.02,-11.92],[-65.02,-11.93],[-65.03,-11.94],[-65.03,-11.95],[-65.04,-11.96],[-65.03,-11.96],[-65.03,-11.97],[-65.03,-11.98],[-65.04,-11.98],[-65.04,-11.99],[-65.0,-11.99],[-64.99,-12.0],[-64.99,-12.01],[-64.97,-12.01],[-64.97,-12.0],[-64.96,-12.0],[-64.96,-11.99],[-64.94,-11.99],[-64.94,-12.01],[-64.93,-12.01],[-64.92,-12.02],[-64.91,-12.02],[-64.89,-12.01],[-64.86,-12.01],[-64.85,-12.0],[-64.84,-12.01],[-64.83,-12.01],[-64.83,-12.02],[-64.82,-12.02],[-64.82,-12.03],[-64.81,-12.04],[-64.81,-12.07],[-64.83,-12.07],[-64.83,-12.08],[-64.84,-12.08],[-64.84,-12.11],[-64.83,-12.12],[-64.82,-12.11],[-64.82,-12.1],[-64.81,-12.1],[-64.81,-12.09],[-64.8,-12.08],[-64.79,-12.08],[-64.78,-12.09],[-64.76,-12.09],[-64.76,-12.13],[-64.77,-12.13],[-64.77,-12.15],[-64.74,-12.15],[-64.74,-12.12],[-64.73,-12.12],[-64.73,-12.11],[-64.74,-12.1],[-64.74,-12.09],[-64.73,-12.09],[-64.72,-12.08],[-64.71,-12.08],[-64.7,-12.09],[-64.7,-12.11],[-64.71,-12.11],[-64.71,-12.12],[-64.72,-12.13],[-64.72,-12.15],[-64.71,-12.16],[-64.71,-12.17],[-64.69,-12.19],[-64.66,-12.19],[-64.65,-12.2],[-64.64,-12.2],[-64.63,-12.21],[-64.57,-12.21],[-64.57,-12.22],[-64.55,-12.24],[-64.54,-12.24],[-64.54,-12.23],[-64.53,-12.23],[-64.53,-12.22],[-64.51,-12.22],[-64.51,-12.23],[-64.5,-12.24],[-64.5,-12.27],[-64.49,-12.27],[-64.49,-12.3],[-64.5,-12.31],[-64.5,-12.33],[-64.51,-12.33],[-64.51,-12.36],[-64.49,-12.36],[-64.49,-12.37],[-64.48,-12.37],[-64.48,-12.38],[-64.46,-12.38],[-64.46,-12.39],[-64.45,-12.39],[-64.45,-12.41],[-64.43,-12.41],[-64.43,-12.43],[-64.42,-12.43],[-64.42,-12.44],[-64.41,-12.44],[-64.4,-12.45],[-64.37,-12.45],[-64.37,-12.46],[-64.34,-12.46],[-64.34,-12.45],[-64.3,-12.45],[-64.3,-12.46],[-64.29,-12.46],[-64.29,-12.48],[-64.3,-12.48],[-64.3,-12.5],[-64.28,-12.5],[-64.28,-12.49],[-64.27,-12.49],[-64.27,-12.48],[-64.26,-12.48],[-64.26,-12.47],[-64.24,-12.47],[-64.24,-12.45],[-64.22,-12.45],[-64.22,-12.46],[-64.2,-12.46],[-64.2,-12.47],[-64.19,-12.47],[-64.19,-12.46],[-64.17,-12.46],[-64.17,-12.51],[-64.15,-12.51],[-64.14,-12.5],[-64.14,-12.49],[-64.15,-12.49],[-64.14,-12.48],[-64.14,-12.47],[-64.13,-12.47],[-64.13,-12.48],[-64.12,-12.48],[-64.12,-12.5],[-64.11,-12.5],[-64.11,-12.49],[-64.1,-12.49],[-64.1,-12.48],[-64.09,-12.48],[-64.09,-12.49],[-64.08,-12.49],[-64.08,-12.5],[-64.07,-12.5],[-64.07,-12.49],[-64.05,-12.49],[-64.05,-12.5],[-64.04,-12.51],[-64.0,-12.51],[-64.0,-12.5],[-63.99,-12.5],[-63.98,-12.51],[-63.97,-12.51],[-63.97,-12.52],[-63.96,-12.53],[-63.95,-12.53],[-63.94,-12.52],[-63.93,-12.52],[-63.93,-12.51],[-63.91,-12.51],[-63.91,-12.5],[-63.9,-12.5],[-63.9,-12.47],[-63.89,-12.47],[-63.89,-12.44],[-63.87,-12.44],[-63.87,-12.45],[-63.86,-12.45],[-63.83,-12.46],[-63.82,-12.46],[-63.82,-12.44],[-63.79,-12.44],[-63.79,-12.43],[-63.77,-12.43],[-63.77,-12.44],[-63.71,-12.44],[-63.7,-12.45],[-63.68,-12.45],[-63.68,-12.46],[-63.67,-12.46],[-63.67,-12.47],[-63.62,-12.47],[-63.62,-12.48],[-63.6,-12.48],[-63.6,-12.49],[-63.58,-12.49],[-63.58,-12.5],[-63.55,-12.5],[-63.55,-12.51],[-63.54,-12.51],[-63.54,-12.53],[-63.53,-12.53],[-63.53,-12.54],[-63.52,-12.54],[-63.52,-12.55],[-63.51,-12.55],[-63.51,-12.56],[-63.43,-12.56],[-63.44,-12.57],[-63.44,-12.58],[-63.43,-12.58],[-63.43,-12.59],[-63.44,-12.59],[-63.44,-12.6],[-63.41,-12.6],[-63.41,-12.61],[-63.4,-12.62],[-63.4,-12.64],[-63.39,-12.64],[-63.38,-12.65],[-63.37,-12.65],[-63.37,-12.66],[-63.36,-12.66],[-63.36,-12.65],[-63.35,-12.65],[-63.33,-12.67],[-63.3,-12.67],[-63.3,-12.68],[-63.25,-12.68],[-63.24,-12.69],[-63.23,-12.68],[-63.24,-12.67],[-63.24,-12.66],[-63.22,-12.66],[-63.22,-12.65],[-63.19,-12.65],[-63.19,-12.63],[-63.2,-12.63],[-63.19,-12.62],[-63.18,-12.62],[-63.18,-12.63],[-63.17,-12.63],[-63.17,-12.64],[-63.16,-12.64],[-63.16,-12.62],[-63.17,-12.62],[-63.16,-12.61],[-63.15,-12.61],[-63.15,-12.63],[-63.14,-12.63],[-63.14,-12.64],[-63.12,-12.64],[-63.12,-12.65],[-63.09,-12.65],[-63.09,-12.67],[-63.1,-12.67],[-63.1,-12.68],[-63.06,-12.68],[-63.06,-12.69],[-63.07,-12.69],[-63.07,-12.7],[-63.08,-12.7],[-63.08,-12.73],[-63.05,-12.73],[-63.04,-12.74],[-63.04,-12.76],[-63.03,-12.77],[-63.03,-12.78],[-63.02,-12.78],[-63.02,-12.8],[-63.01,-12.8],[-63.01,-12.84],[-62.99,-12.84],[-62.99,-12.83],[-62.98,-12.83],[-62.98,-12.86],[-62.97,-12.86],[-62.97,-12.85],[-62.96,-12.84],[-62.95,-12.84],[-62.95,-12.85],[-62.94,-12.85],[-62.94,-12.84],[-62.91,-12.84],[-62.91,-12.85],[-62.89,-12.85],[-62.89,-12.88],[-62.88,-12.88],[-62.88,-12.89],[-62.87,-12.9],[-62.87,-12.91],[-62.86,-12.91],[-62.85,-12.92],[-62.84,-12.92],[-62.84,-12.93],[-62.85,-12.93],[-62.85,-12.94],[-62.84,-12.95],[-62.84,-12.94],[-62.83,-12.94],[-62.83,-12.93],[-62.81,-12.93],[-62.81,-12.94],[-62.8,-12.94],[-62.8,-12.95],[-62.81,-12.95],[-62.81,-12.97],[-62.8,-12.97],[-62.8,-12.99],[-62.79,-12.99],[-62.79,-13.0],[-62.78,-13.0],[-62.78,-13.01],[-62.75,-13.01],[-62.75,-12.99],[-62.74,-12.99],[-62.74,-13.02],[-62.73,-13.02],[-62.73,-13.0],[-62.7,-13.0],[-62.7,-12.99],[-62.67,-12.99],[-62.67,-12.98],[-62.66,-12.98],[-62.66,-12.96],[-62.64,-12.96],[-62.64,-12.97],[-62.65,-12.97],[-62.65,-12.99],[-62.64,-12.99],[-62.64,-12.98],[-62.63,-12.98],[-62.63,-13.01],[-62.6,-13.01],[-62.6,-13.02],[-62.61,-13.02],[-62.61,-13.04],[-62.6,-13.04],[-62.59,-13.05],[-62.57,-13.05],[-62.57,-13.06],[-62.55,-13.06],[-62.55,-13.07],[-62.53,-13.07],[-62.53,-13.06],[-62.52,-13.06],[-62.52,-13.07],[-62.51,-13.07],[-62.51,-13.08],[-62.49,-13.08],[-62.49,-13.07],[-62.48,-13.07],[-62.48,-13.05],[-62.47,-13.05],[-62.47,-13.08],[-62.46,-13.07],[-62.46,-13.08],[-62.43,-13.08],[-62.43,-13.1],[-62.42,-13.11],[-62.42,-13.12],[-62.4,-13.12],[-62.4,-13.13],[-62.38,-13.13],[-62.37,-13.14],[-62.35,-13.14],[-62.35,-13.13],[-62.34,-13.13],[-62.34,-13.14],[-62.32,-13.14],[-62.32,-13.13],[-62.31,-13.13],[-62.31,-13.14],[-62.3,-13.13],[-62.3,-13.15],[-62.29,-13.15],[-62.29,-13.14],[-62.28,-13.14],[-62.28,-13.15],[-62.27,-13.15],[-62.26,-13.15],[-62.26,-13.14],[-62.24,-13.14],[-62.24,-13.11],[-62.23,-13.11],[-62.23,-13.12],[-62.22,-13.11],[-62.2,-13.11],[-62.2,-13.15],[-62.18,-13.15],[-62.18,-13.11],[-62.16,-13.11],[-62.16,-13.12],[-62.17,-13.12],[-62.17,-13.13],[-62.16,-13.13],[-62.16,-13.14],[-62.15,-13.14],[-62.15,-13.16],[-62.14,-13.16],[-62.14,-13.15],[-62.13,-13.15],[-62.13,-13.14],[-62.11,-13.16],[-62.12,-13.17],[-62.12,-13.18],[-62.11,-13.18],[-62.11,-13.26],[-62.1,-13.26],[-62.1,-13.27],[-62.09,-13.27],[-62.09,-13.28],[-62.07,-13.28],[-62.07,-13.29],[-62.06,-13.29],[-62.06,-13.31],[-62.04,-13.31],[-62.04,-13.32],[-62.03,-13.32],[-62.03,-13.33],[-62.02,-13.32],[-62.01,-13.33],[-62.01,-13.34],[-62.02,-13.35],[-62.01,-13.35],[-62.01,-13.36],[-62.0,-13.36],[-62.0,-13.37],[-61.99,-13.37],[-61.99,-13.38],[-62.0,-13.39],[-61.98,-13.39],[-61.98,-13.41],[-61.96,-13.41],[-61.96,-13.4],[-61.95,-13.4],[-61.95,-13.41],[-61.93,-13.43],[-61.92,-13.42],[-61.91,-13.42],[-61.9,-13.43],[-61.9,-13.44],[-61.89,-13.45],[-61.89,-13.49],[-61.88,-13.49],[-61.88,-13.5],[-61.87,-13.5],[-61.87,-13.52],[-61.86,-13.53],[-61.85,-13.53],[-61.85,-13.52],[-61.84,-13.52],[-61.84,-13.53],[-61.83,-13.53],[-61.83,-13.52],[-61.81,-13.52],[-61.8,-13.53],[-61.78,-13.53],[-61.78,-13.51],[-61.77,-13.51],[-61.77,-13.52],[-61.72,-13.52],[-61.72,-13.51],[-61.69,-13.51],[-61.69,-13.5],[-61.66,-13.5],[-61.66,-13.51],[-61.65,-13.51],[-61.65,-13.5],[-61.64,-13.5],[-61.63,-13.51],[-61.62,-13.51],[-61.62,-13.5],[-61.61,-13.51],[-61.6,-13.5],[-61.58,-13.5],[-61.58,-13.51],[-61.57,-13.51],[-61.57,-13.52],[-61.56,-13.52],[-61.56,-13.51],[-61.55,-13.51],[-61.55,-13.52],[-61.53,-13.52],[-61.53,-13.53],[-62.14,-13.76],[-63.08,-14.11],[-63.76,-14.35],[-63.87,-14.75],[-63.89,-14.84],[-63.93,-14.96],[-63.92,-14.96],[-63.92,-15.0],[-63.93,-15.0],[-63.93,-15.01],[-63.94,-15.01],[-63.94,-15.02],[-63.92,-15.02],[-63.92,-15.03],[-63.93,-15.03],[-63.93,-15.04],[-63.94,-15.04],[-63.94,-15.05],[-63.95,-15.05],[-63.95,-15.06],[-63.96,-15.06],[-63.96,-15.07],[-63.95,-15.07],[-63.95,-15.1],[-63.94,-15.1],[-63.94,-15.16],[-63.91,-15.16],[-63.91,-15.17],[-63.89,-15.17],[-63.89,-15.21],[-63.88,-15.21],[-63.88,-15.22],[-63.86,-15.22],[-63.86,-15.24],[-63.87,-15.25],[-63.87,-15.26],[-63.86,-15.26],[-63.86,-15.27],[-63.85,-15.27],[-63.85,-15.31],[-63.84,-15.31],[-63.84,-15.32],[-63.83,-15.32],[-63.83,-15.35],[-63.82,-15.35],[-63.82,-15.36],[-63.8,-15.36],[-63.8,-15.37],[-63.79,-15.37],[-63.79,-15.38],[-63.78,-15.38],[-63.78,-15.39],[-63.77,-15.39],[-63.77,-15.4],[-63.78,-15.4],[-63.78,-15.41],[-63.79,-15.41],[-63.79,-15.43],[-63.76,-15.43],[-63.76,-15.45],[-63.73,-15.45],[-63.73,-15.46],[-63.72,-15.46],[-63.72,-15.47],[-63.71,-15.47],[-63.71,-15.48],[-63.7,-15.48],[-63.7,-15.49],[-63.68,-15.49],[-63.68,-15.5],[-63.69,-15.5],[-63.69,-15.51],[-63.68,-15.51],[-63.68,-15.53],[-63.69,-15.53],[-63.69,-15.57],[-63.67,-15.57],[-63.67,-15.58],[-63.65,-15.58],[-63.65,-15.61],[-63.63,-15.61],[-63.63,-15.63],[-63.59,-15.63],[-63.58,-15.64],[-63.58,-15.66],[-63.55,-15.66],[-63.55,-15.65],[-63.54,-15.65],[-63.54,-15.66],[-63.53,-15.66],[-63.53,-15.65],[-63.52,-15.65],[-63.52,-15.66],[-63.51,-15.66],[-63.51,-15.68],[-63.49,-15.68],[-63.49,-15.7],[-63.47,-15.7],[-63.47,-15.73],[-63.46,-15.73],[-63.46,-15.74],[-63.43,-15.74],[-63.43,-15.75],[-63.44,-15.75],[-63.44,-15.77],[-63.43,-15.77],[-63.44,-15.78],[-63.44,-15.79],[-63.44,-15.8],[-63.44,-15.81],[-63.43,-15.81]],[[-67.39,-14.99],[-67.39,-14.98],[-67.4,-14.98],[-67.4,-14.99],[-67.39,-14.99]],[[-67.49,-13.82],[-67.47,-13.82],[-67.45,-13.83],[-67.44,-13.83],[-67.44,-13.82],[-67.46,-13.82],[-67.46,-13.81],[-67.45,-13.81],[-67.45,-13.8],[-67.47,-13.8],[-67.47,-13.81],[-67.49,-13.81],[-67.49,-13.82]],[[-66.97,-12.85],[-66.97,-12.84],[-66.98,-12.84],[-66.98,-12.85],[-66.97,-12.85]],[[-61.65,-13.52],[-61.64,-13.51],[-61.65,-13.51],[-61.65,-13.52]]],[[[-62.27,-13.15],[-62.28,-13.14],[-62.27,-13.14],[-62.27,-13.15]]],[[[-62.39,-13.12],[-62.4,-13.12],[-62.4,-13.11],[-62.39,-13.11],[-62.39,-13.12]]]]}},{"type":"Feature","properties":{"id":"dep-CH","nombre":"Chuquisaca","nivel":"departamento","municipio":null,"provincia":null,"departamento":"Chuquisaca","fuente":"YoViajo/geodatos (límites departamentales)"},"geometry":{"type":"MultiPolygon","coordinates":[[[[-65.03,-21.02],[-65.02,-21.02],[-65.02,-21.03],[-65.03,-21.03],[-65.03,-21.02]]],[[[-63.49,-20.45],[-63.46,-20.45],[-63.46,-20.44],[-63.44,-20.44],[-63.44,-20.43],[-63.43,-20.43],[-63.43,-20.44],[-63.42,-20.44],[-63.42,-20.43],[-63.41,-20.43],[-63.41,-20.41],[-63.4,-20.41],[-63.4,-20.38],[-63.39,-20.38],[-63.39,-20.4],[-63.38,-20.39],[-63.35,-20.39],[-63.35,-20.43],[-63.36,-20.43],[-63.36,-20.46],[-62.19,-20.46],[-62.2,-20.48],[-62.24,-20.52],[-62.24,-20.53],[-62.26,-20.55],[-62.26,-20.56],[-62.27,-20.56],[-62.26,-20.58],[-62.26,-21.0],[-64.01,-21.0],[-64.01,-20.99],[-64.0,-20.98],[-64.0,-20.97],[-64.01,-20.97],[-64.01,-20.95],[-64.02,-20.95],[-64.02,-20.96],[-64.04,-20.96],[-64.04,-20.95],[-64.07,-20.95],[-64.07,-20.93],[-64.08,-20.92],[-64.1,-20.92],[-64.11,-20.91],[-64.12,-20.91],[-64.12,-20.92],[-64.15,-20.92],[-64.15,-20.9],[-64.16,-20.9],[-64.16,-20.89],[-64.17,-20.89],[-64.17,-20.9],[-64.18,-20.9],[-64.18,-20.92],[-64.19,-20.93],[-64.18,-20.93],[-64.18,-20.94],[-64.19,-20.94],[-64.19,-20.95],[-64.18,-20.95],[-64.18,-20.97],[-64.19,-20.97],[-64.19,-20.99],[-64.18,-20.99],[-64.18,-21.0],[-64.19,-21.0],[-64.19,-21.01],[-64.18,-21.01],[-64.18,-21.03],[-64.2,-21.03],[-64.2,-21.04],[-64.19,-21.04],[-64.19,-21.05],[-64.2,-21.06],[-64.2,-21.07],[-64.19,-21.07],[-64.19,-21.11],[-64.2,-21.11],[-64.2,-21.14],[-64.22,-21.14],[-64.22,-21.15],[-64.24,-21.15],[-64.25,-21.14],[-64.26,-21.14],[-64.27,-21.13],[-64.32,-21.13],[-64.32,-21.14],[-64.37,-21.14],[-64.37,-21.13],[-64.38,-21.13],[-64.38,-21.12],[-64.4,-21.12],[-64.4,-21.11],[-64.41,-21.11],[-64.41,-21.1],[-64.43,-21.1],[-64.43,-21.09],[-64.45,-21.09],[-64.45,-21.08],[-64.48,-21.08],[-64.48,-21.09],[-64.51,-21.09],[-64.51,-21.1],[-64.52,-21.1],[-64.52,-21.09],[-64.54,-21.09],[-64.54,-21.08],[-64.55,-21.08],[-64.55,-21.06],[-64.56,-21.05],[-64.56,-21.04],[-64.57,-21.04],[-64.57,-21.03],[-64.58,-21.03],[-64.58,-21.0],[-64.6,-21.0],[-64.6,-20.98],[-64.62,-20.98],[-64.62,-20.97],[-64.64,-20.97],[-64.64,-20.95],[-64.66,-20.95],[-64.66,-20.94],[-64.69,-20.94],[-64.69,-20.93],[-64.72,-20.93],[-64.72,-20.94],[-64.73,-20.94],[-64.73,-20.97],[-64.75,-20.97],[-64.75,-20.98],[-64.76,-20.98],[-64.76,-21.01],[-64.77,-21.01],[-64.77,-21.03],[-64.78,-21.03],[-64.78,-21.06],[-64.79,-21.06],[-64.79,-21.08],[-64.8,-21.08],[-64.8,-21.09],[-64.84,-21.09],[-64.84,-21.1],[-64.85,-21.1],[-64.85,-21.09],[-64.86,-21.08],[-64.89,-21.08],[-64.89,-21.05],[-64.91,-21.05],[-64.91,-21.06],[-64.92,-21.06],[-64.92,-21.04],[-64.93,-21.04],[-64.93,-21.02],[-64.94,-21.02],[-64.94,-21.04],[-64.95,-21.04],[-64.95,-21.02],[-64.96,-21.02],[-64.96,-21.03],[-64.97,-21.02],[-64.97,-21.01],[-64.99,-21.01],[-64.99,-21.02],[-65.0,-21.02],[-65.0,-21.03],[-65.01,-21.03],[-65.01,-21.02],[-65.02,-21.02],[-65.02,-21.01],[-65.05,-21.01],[-65.05,-20.99],[-65.06,-20.99],[-65.06,-20.97],[-65.07,-20.97],[-65.07,-20.96],[-65.09,-20.96],[-65.09,-20.97],[-65.1,-20.97],[-65.1,-20.98],[-65.11,-20.98],[-65.11,-20.97],[-65.12,-20.97],[-65.12,-20.96],[-65.14,-20.96],[-65.14,-20.95],[-65.15,-20.95],[-65.15,-20.96],[-65.16,-20.96],[-65.16,-20.95],[-65.18,-20.95],[-65.18,-20.96],[-65.19,-20.96],[-65.19,-21.02],[-65.2,-21.02],[-65.2,-21.14],[-65.19,-21.14],[-65.19,-21.17],[-65.2,-21.17],[-65.2,-21.18],[-65.21,-21.18],[-65.21,-21.19],[-65.2,-21.19],[-65.2,-21.22],[-65.21,-21.22],[-65.21,-21.25],[-65.22,-21.25],[-65.22,-21.27],[-65.21,-21.27],[-65.21,-21.28],[-65.22,-21.28],[-65.22,-21.29],[-65.21,-21.29],[-65.21,-21.3],[-65.22,-21.3],[-65.22,-21.33],[-65.23,-21.34],[-65.23,-21.42],[-65.24,-21.42],[-65.24,-21.46],[-65.25,-21.46],[-65.25,-21.47],[-65.24,-21.47],[-65.24,-21.48],[-65.26,-21.48],[-65.27,-21.49],[-65.33,-21.49],[-65.33,-21.5],[-65.34,-21.5],[-65.34,-21.49],[-65.37,-21.49],[-65.38,-21.5],[-65.4,-21.5],[-65.4,-21.44],[-65.41,-21.44],[-65.41,-21.43],[-65.43,-21.41],[-65.43,-21.4],[-65.44,-21.39],[-65.44,-21.38],[-65.45,-21.38],[-65.45,-21.36],[-65.44,-21.36],[-65.44,-21.34],[-65.43,-21.34],[-65.43,-21.33],[-65.44,-21.32],[-65.43,-21.31],[-65.44,-21.31],[-65.44,-21.29],[-65.43,-21.29],[-65.43,-21.27],[-65.42,-21.27],[-65.42,-21.26],[-65.43,-21.26],[-65.43,-21.25],[-65.44,-21.25],[-65.44,-21.22],[-65.43,-21.22],[-65.43,-21.2],[-65.44,-21.2],[-65.44,-21.18],[-65.46,-21.18],[-65.46,-21.16],[-65.45,-21.15],[-65.46,-21.15],[-65.46,-21.13],[-65.47,-21.13],[-65.46,-21.12],[-65.46,-21.11],[-65.45,-21.1],[-65.45,-20.99],[-65.44,-20.98],[-65.44,-20.96],[-65.43,-20.96],[-65.43,-20.9],[-65.42,-20.9],[-65.42,-20.89],[-65.4,-20.87],[-65.37,-20.87],[-65.37,-20.86],[-65.35,-20.86],[-65.35,-20.84],[-65.36,-20.84],[-65.36,-20.82],[-65.37,-20.81],[-65.37,-20.78],[-65.38,-20.78],[-65.38,-20.76],[-65.37,-20.76],[-65.37,-20.74],[-65.36,-20.74],[-65.36,-20.73],[-65.35,-20.73],[-65.35,-20.71],[-65.36,-20.71],[-65.36,-20.64],[-65.35,-20.64],[-65.35,-20.61],[-65.36,-20.61],[-65.36,-20.6],[-65.37,-20.59],[-65.37,-20.55],[-65.31,-20.55],[-65.31,-20.54],[-65.3,-20.54],[-65.27,-20.51],[-65.27,-20.45],[-65.26,-20.45],[-65.25,-20.44],[-65.25,-20.42],[-65.24,-20.42],[-65.24,-20.4],[-65.25,-20.39],[-65.25,-20.38],[-65.24,-20.37],[-65.24,-20.36],[-65.23,-20.36],[-65.22,-20.35],[-65.22,-20.33],[-65.23,-20.33],[-65.23,-20.32],[-65.24,-20.31],[-65.24,-20.29],[-65.25,-20.28],[-65.24,-20.28],[-65.24,-20.27],[-65.25,-20.27],[-65.25,-20.26],[-65.26,-20.26],[-65.26,-20.24],[-65.28,-20.24],[-65.28,-20.23],[-65.29,-20.21],[-65.3,-20.2],[-65.29,-20.19],[-65.27,-20.18],[-65.27,-20.17],[-65.26,-20.17],[-65.26,-20.13],[-65.25,-20.12],[-65.26,-20.11],[-65.26,-20.08],[-65.29,-20.05],[-65.29,-20.04],[-65.3,-20.04],[-65.29,-20.03],[-65.29,-20.02],[-65.28,-20.01],[-65.28,-20.0],[-65.27,-20.0],[-65.27,-19.98],[-65.26,-19.98],[-65.26,-19.94],[-65.25,-19.94],[-65.25,-19.93],[-65.26,-19.93],[-65.26,-19.9],[-65.22,-19.9],[-65.22,-19.92],[-65.21,-19.93],[-65.18,-19.93],[-65.18,-19.94],[-65.17,-19.96],[-65.16,-19.97],[-65.16,-19.99],[-65.15,-20.0],[-65.14,-20.01],[-65.11,-20.01],[-65.11,-20.02],[-65.1,-20.02],[-65.1,-20.01],[-65.09,-20.0],[-65.09,-19.99],[-65.08,-19.96],[-65.08,-19.91],[-65.07,-19.9],[-65.07,-19.88],[-65.06,-19.86],[-65.06,-19.82],[-65.05,-19.81],[-65.05,-19.79],[-65.03,-19.79],[-65.03,-19.8],[-65.01,-19.8],[-65.01,-19.82],[-65.0,-19.82],[-65.0,-19.83],[-64.99,-19.83],[-64.99,-19.85],[-64.96,-19.85],[-64.96,-19.83],[-64.95,-19.83],[-64.95,-19.82],[-64.94,-19.82],[-64.94,-19.81],[-64.93,-19.81],[-64.93,-19.82],[-64.92,-19.82],[-64.92,-19.83],[-64.91,-19.83],[-64.91,-19.85],[-64.92,-19.85],[-64.92,-19.87],[-64.91,-19.87],[-64.91,-19.89],[-64.9,-19.89],[-64.9,-19.91],[-64.89,-19.91],[-64.89,-19.96],[-64.88,-19.96],[-64.88,-19.97],[-64.89,-19.97],[-64.89,-19.99],[-64.84,-19.99],[-64.84,-19.98],[-64.85,-19.98],[-64.85,-19.97],[-64.84,-19.97],[-64.84,-19.94],[-64.83,-19.94],[-64.83,-19.93],[-64.81,-19.93],[-64.81,-19.92],[-64.8,-19.92],[-64.8,-19.9],[-64.79,-19.9],[-64.79,-19.86],[-64.78,-19.86],[-64.78,-19.84],[-64.77,-19.84],[-64.77,-19.82],[-64.76,-19.82],[-64.76,-19.81],[-64.75,-19.81],[-64.75,-19.8],[-64.74,-19.8],[-64.74,-19.78],[-64.71,-19.78],[-64.71,-19.77],[-64.72,-19.77],[-64.72,-19.76],[-64.73,-19.76],[-64.73,-19.73],[-64.74,-19.73],[-64.74,-19.7],[-64.75,-19.7],[-64.75,-19.69],[-64.76,-19.69],[-64.76,-19.68],[-64.77,-19.68],[-64.77,-19.66],[-64.78,-19.66],[-64.78,-19.65],[-64.79,-19.65],[-64.79,-19.63],[-64.8,-19.63],[-64.8,-19.62],[-64.81,-19.62],[-64.81,-19.61],[-64.83,-19.61],[-64.83,-19.59],[-64.84,-19.59],[-64.84,-19.57],[-64.83,-19.57],[-64.83,-19.53],[-64.82,-19.53],[-64.82,-19.48],[-64.83,-19.48],[-64.83,-19.47],[-64.84,-19.46],[-64.84,-19.44],[-64.85,-19.44],[-64.85,-19.41],[-64.86,-19.41],[-64.86,-19.4],[-64.87,-19.4],[-64.88,-19.39],[-64.88,-19.4],[-64.89,-19.4],[-64.89,-19.37],[-64.91,-19.37],[-64.91,-19.35],[-64.92,-19.35],[-64.92,-19.36],[-64.94,-19.36],[-64.94,-19.35],[-64.95,-19.35],[-64.95,-19.36],[-64.96,-19.36],[-64.96,-19.34],[-64.97,-19.34],[-64.97,-19.35],[-65.01,-19.35],[-65.01,-19.36],[-65.03,-19.36],[-65.03,-19.37],[-65.04,-19.37],[-65.04,-19.38],[-65.07,-19.38],[-65.07,-19.37],[-65.08,-19.37],[-65.08,-19.36],[-65.09,-19.36],[-65.09,-19.37],[-65.16,-19.37],[-65.16,-19.36],[-65.17,-19.36],[-65.17,-19.35],[-65.2,-19.35],[-65.2,-19.34],[-65.22,-19.34],[-65.22,-19.32],[-65.24,-19.32],[-65.24,-19.31],[-65.28,-19.31],[-65.28,-19.3],[-65.32,-19.3],[-65.32,-19.27],[-65.34,-19.27],[-65.34,-19.26],[-65.36,-19.26],[-65.36,-19.25],[-65.37,-19.25],[-65.37,-19.23],[-65.38,-19.23],[-65.38,-19.21],[-65.39,-19.21],[-65.39,-19.16],[-65.4,-19.16],[-65.4,-19.14],[-65.42,-19.14],[-65.42,-19.13],[-65.45,-19.13],[-65.45,-19.12],[-65.47,-19.12],[-65.47,-19.11],[-65.48,-19.11],[-65.48,-19.09],[-65.49,-19.09],[-65.49,-19.08],[-65.54,-19.08],[-65.55,-19.06],[-65.56,-19.06],[-65.56,-19.03],[-65.57,-19.02],[-65.57,-19.01],[-65.58,-19.01],[-65.58,-18.99],[-65.55,-18.99],[-65.55,-18.98],[-65.54,-18.98],[-65.54,-18.97],[-65.53,-18.97],[-65.54,-18.96],[-65.53,-18.96],[-65.53,-18.95],[-65.49,-18.95],[-65.48,-18.94],[-65.48,-18.93],[-65.47,-18.93],[-65.47,-18.92],[-65.42,-18.92],[-65.42,-18.91],[-65.41,-18.91],[-65.41,-18.89],[-65.42,-18.88],[-65.41,-18.88],[-65.41,-18.85],[-65.4,-18.85],[-65.41,-18.84],[-65.42,-18.84],[-65.42,-18.83],[-65.43,-18.83],[-65.43,-18.81],[-65.42,-18.81],[-65.42,-18.78],[-65.41,-18.77],[-65.41,-18.76],[-65.42,-18.76],[-65.42,-18.74],[-65.41,-18.74],[-65.41,-18.73],[-65.42,-18.73],[-65.42,-18.72],[-65.41,-18.72],[-65.41,-18.71],[-65.4,-18.71],[-65.4,-18.69],[-65.41,-18.68],[-65.41,-18.67],[-65.43,-18.67],[-65.43,-18.66],[-65.45,-18.66],[-65.45,-18.65],[-65.46,-18.65],[-65.46,-18.64],[-65.48,-18.64],[-65.48,-18.63],[-65.49,-18.63],[-65.49,-18.62],[-65.5,-18.62],[-65.5,-18.61],[-65.51,-18.61],[-65.51,-18.6],[-65.49,-18.6],[-65.49,-18.56],[-65.51,-18.56],[-65.51,-18.55],[-65.54,-18.55],[-65.54,-18.54],[-65.55,-18.54],[-65.55,-18.53],[-65.56,-18.53],[-65.56,-18.52],[-65.57,-18.52],[-65.59,-18.51],[-65.62,-18.51],[-65.62,-18.46],[-65.63,-18.46],[-65.63,-18.45],[-65.64,-18.45],[-65.64,-18.44],[-65.66,-18.44],[-65.66,-18.43],[-65.68,-18.43],[-65.68,-18.38],[-65.69,-18.38],[-65.69,-18.35],[-65.68,-18.35],[-65.67,-18.34],[-65.67,-18.35],[-65.66,-18.36],[-65.64,-18.36],[-65.64,-18.37],[-65.58,-18.37],[-65.58,-18.38],[-65.57,-18.38],[-65.57,-18.39],[-65.56,-18.39],[-65.56,-18.4],[-65.53,-18.4],[-65.53,-18.39],[-65.51,-18.39],[-65.51,-18.38],[-65.5,-18.38],[-65.5,-18.39],[-65.49,-18.39],[-65.49,-18.4],[-65.47,-18.4],[-65.47,-18.39],[-65.46,-18.39],[-65.46,-18.41],[-65.45,-18.41],[-65.45,-18.4],[-65.43,-18.4],[-65.43,-18.41],[-65.41,-18.41],[-65.41,-18.42],[-65.38,-18.42],[-65.37,-18.43],[-65.35,-18.43],[-65.35,-18.42],[-65.34,-18.41],[-65.34,-18.42],[-65.33,-18.42],[-65.33,-18.46],[-65.32,-18.45],[-65.32,-18.44],[-65.3,-18.44],[-65.3,-18.45],[-65.29,-18.45],[-65.29,-18.5],[-65.28,-18.5],[-65.28,-18.51],[-65.27,-18.51],[-65.27,-18.5],[-65.24,-18.5],[-65.24,-18.55],[-65.23,-18.55],[-65.23,-18.56],[-65.24,-18.56],[-65.24,-18.61],[-65.2,-18.61],[-65.2,-18.62],[-65.19,-18.62],[-65.18,-18.61],[-65.17,-18.62],[-65.17,-18.61],[-65.14,-18.61],[-65.14,-18.62],[-65.12,-18.62],[-65.12,-18.63],[-65.1,-18.63],[-65.1,-18.65],[-65.09,-18.65],[-65.09,-18.66],[-65.08,-18.66],[-65.08,-18.65],[-65.07,-18.66],[-65.06,-18.66],[-65.06,-18.67],[-65.05,-18.67],[-65.05,-18.68],[-65.04,-18.68],[-65.04,-18.67],[-65.03,-18.67],[-65.03,-18.66],[-65.04,-18.66],[-65.04,-18.65],[-65.05,-18.65],[-65.05,-18.62],[-65.04,-18.62],[-65.05,-18.61],[-65.04,-18.61],[-65.04,-18.6],[-65.02,-18.6],[-65.02,-18.58],[-65.01,-18.58],[-65.01,-18.57],[-65.0,-18.57],[-65.0,-18.55],[-64.99,-18.55],[-64.99,-18.56],[-64.97,-18.56],[-64.97,-18.55],[-64.96,-18.55],[-64.96,-18.54],[-64.95,-18.54],[-64.95,-18.53],[-64.93,-18.53],[-64.93,-18.51],[-64.91,-18.51],[-64.91,-18.5],[-64.89,-18.5],[-64.89,-18.49],[-64.86,-18.49],[-64.86,-18.48],[-64.83,-18.48],[-64.83,-18.49],[-64.82,-18.49],[-64.82,-18.48],[-64.81,-18.48],[-64.81,-18.49],[-64.8,-18.49],[-64.8,-18.5],[-64.79,-18.5],[-64.79,-18.51],[-64.78,-18.51],[-64.78,-18.52],[-64.76,-18.52],[-64.76,-18.53],[-64.71,-18.53],[-64.71,-18.54],[-64.7,-18.54],[-64.7,-18.53],[-64.69,-18.53],[-64.69,-18.54],[-64.68,-18.54],[-64.68,-18.55],[-64.67,-18.55],[-64.67,-18.57],[-64.65,-18.57],[-64.65,-18.58],[-64.64,-18.58],[-64.64,-18.59],[-64.65,-18.59],[-64.65,-18.6],[-64.63,-18.6],[-64.63,-18.62],[-64.62,-18.62],[-64.62,-18.63],[-64.61,-18.63],[-64.61,-18.64],[-64.59,-18.64],[-64.59,-18.65],[-64.56,-18.65],[-64.56,-18.67],[-64.51,-18.67],[-64.51,-18.66],[-64.5,-18.67],[-64.48,-18.67],[-64.47,-18.66],[-64.46,-18.66],[-64.46,-18.65],[-64.44,-18.65],[-64.44,-18.64],[-64.43,-18.64],[-64.43,-18.63],[-64.42,-18.62],[-64.42,-18.63],[-64.41,-18.63],[-64.41,-18.62],[-64.36,-18.62],[-64.36,-18.64],[-64.35,-18.64],[-64.35,-18.65],[-64.34,-18.66],[-64.33,-18.66],[-64.32,-18.67],[-64.32,-18.66],[-64.31,-18.66],[-64.31,-18.72],[-64.32,-18.72],[-64.32,-18.74],[-64.31,-18.74],[-64.31,-18.75],[-64.32,-18.75],[-64.32,-18.76],[-64.29,-18.76],[-64.29,-18.78],[-64.28,-18.79],[-64.28,-18.81],[-64.29,-18.81],[-64.29,-18.82],[-64.28,-18.82],[-64.28,-18.83],[-64.26,-18.83],[-64.26,-18.84],[-64.25,-18.84],[-64.24,-18.85],[-64.24,-18.86],[-64.22,-18.86],[-64.22,-18.88],[-64.21,-18.88],[-64.21,-18.9],[-64.2,-18.9],[-64.2,-18.93],[-64.19,-18.93],[-64.19,-18.95],[-64.17,-18.95],[-64.17,-18.96],[-64.12,-18.96],[-64.12,-18.97],[-64.1,-18.97],[-64.1,-18.99],[-64.08,-18.99],[-64.08,-19.0],[-64.07,-19.0],[-64.07,-19.01],[-64.06,-19.01],[-64.06,-19.03],[-64.05,-19.03],[-64.05,-19.04],[-64.06,-19.04],[-64.06,-19.05],[-64.04,-19.05],[-64.04,-19.06],[-64.05,-19.06],[-64.05,-19.07],[-64.04,-19.07],[-64.04,-19.13],[-64.03,-19.13],[-64.03,-19.15],[-64.02,-19.15],[-64.02,-19.17],[-64.0,-19.17],[-64.0,-19.18],[-63.97,-19.18],[-63.97,-19.17],[-63.95,-19.17],[-63.95,-19.18],[-63.94,-19.18],[-63.94,-19.17],[-63.93,-19.17],[-63.93,-19.18],[-63.92,-19.18],[-63.92,-19.16],[-63.91,-19.16],[-63.91,-19.11],[-63.9,-19.11],[-63.9,-19.1],[-63.91,-19.1],[-63.91,-19.05],[-63.9,-19.05],[-63.9,-19.03],[-63.85,-19.03],[-63.85,-19.04],[-63.84,-19.04],[-63.84,-19.05],[-63.82,-19.05],[-63.82,-19.04],[-63.81,-19.04],[-63.81,-19.05],[-63.8,-19.05],[-63.8,-19.04],[-63.78,-19.04],[-63.78,-19.03],[-63.75,-19.03],[-63.75,-19.04],[-63.73,-19.04],[-63.73,-19.03],[-63.72,-19.03],[-63.72,-19.04],[-63.71,-19.04],[-63.71,-19.09],[-63.72,-19.09],[-63.72,-19.12],[-63.73,-19.12],[-63.73,-19.13],[-63.74,-19.13],[-63.74,-19.15],[-63.75,-19.15],[-63.75,-19.18],[-63.74,-19.19],[-63.74,-19.24],[-63.73,-19.24],[-63.73,-19.25],[-63.72,-19.27],[-63.72,-19.34],[-63.73,-19.34],[-63.73,-19.35],[-63.72,-19.35],[-63.72,-19.37],[-63.71,-19.37],[-63.71,-19.38],[-63.72,-19.38],[-63.72,-19.42],[-63.71,-19.42],[-63.71,-19.43],[-63.72,-19.43],[-63.72,-19.44],[-63.71,-19.44],[-63.71,-19.46],[-63.7,-19.46],[-63.7,-19.5],[-63.71,-19.5],[-63.71,-19.57],[-63.7,-19.57],[-63.7,-19.59],[-63.69,-19.59],[-63.69,-19.6],[-63.7,-19.6],[-63.7,-19.63],[-63.71,-19.63],[-63.7,-19.64],[-63.7,-19.66],[-63.71,-19.66],[-63.71,-19.69],[-63.72,-19.7],[-63.72,-19.82],[-63.71,-19.82],[-63.71,-19.88],[-63.72,-19.88],[-63.72,-19.92],[-63.71,-19.92],[-63.71,-19.94],[-63.72,-19.94],[-63.71,-19.95],[-63.72,-19.95],[-63.72,-19.98],[-63.73,-19.98],[-63.73,-20.08],[-63.72,-20.08],[-63.72,-20.09],[-63.73,-20.1],[-63.72,-20.1],[-63.72,-20.12],[-63.71,-20.12],[-63.71,-20.13],[-63.7,-20.13],[-63.7,-20.14],[-63.69,-20.14],[-63.69,-20.15],[-63.7,-20.15],[-63.7,-20.19],[-63.71,-20.19],[-63.71,-20.21],[-63.7,-20.25],[-63.7,-20.27],[-63.69,-20.27],[-63.69,-20.28],[-63.7,-20.28],[-63.7,-20.29],[-63.69,-20.29],[-63.69,-20.3],[-63.7,-20.3],[-63.7,-20.31],[-63.69,-20.31],[-63.69,-20.32],[-63.7,-20.33],[-63.69,-20.33],[-63.69,-20.47],[-63.65,-20.47],[-63.65,-20.46],[-63.61,-20.46],[-63.61,-20.45],[-63.59,-20.45],[-63.59,-20.44],[-63.57,-20.44],[-63.57,-20.45],[-63.53,-20.45],[-63.52,-20.46],[-63.51,-20.46],[-63.51,-20.45],[-63.5,-20.45],[-63.5,-20.46],[-63.49,-20.46],[-63.49,-20.45]],[[-64.0,-20.95],[-64.0,-20.94],[-64.01,-20.94],[-64.01,-20.95],[-64.0,-20.95]],[[-64.17,-20.88],[-64.18,-20.88],[-64.18,-20.89],[-64.17,-20.89],[-64.17,-20.88]],[[-64.2,-20.95],[-64.2,-20.96],[-64.19,-20.96],[-64.19,-20.95],[-64.2,-20.95]]]]}},{"type":"Feature","properties":{"id":"dep-CO","nombre":"Cochabamba","nivel":"departamento","municipio":null,"provincia":null,"departamento":"Cochabamba","fuente":"YoViajo/geodatos (límites departamentales)"},"geometry":{"type":"MultiPolygon","coordinates":[[[[-66.84,-17.31],[-66.86,-17.31],[-66.86,-17.3],[-66.87,-17.3],[-66.87,-17.29],[-66.89,-17.29],[-66.89,-17.26],[-66.88,-17.26],[-66.88,-17.21],[-66.89,-17.21],[-66.89,-17.18],[-66.88,-17.18],[-66.88,-17.15],[-66.89,-17.15],[-66.89,-17.13],[-66.9,-17.13],[-66.9,-17.12],[-66.91,-17.12],[-66.91,-17.11],[-66.93,-17.11],[-66.93,-17.1],[-66.94,-17.09],[-66.94,-17.08],[-66.95,-17.08],[-66.95,-17.07],[-66.96,-17.07],[-66.96,-17.05],[-66.98,-17.05],[-66.98,-17.02],[-66.99,-17.02],[-66.99,-17.0],[-67.0,-17.0],[-67.0,-16.94],[-66.99,-16.94],[-66.99,-16.93],[-66.98,-16.93],[-66.98,-16.92],[-66.97,-16.92],[-66.97,-16.88],[-66.96,-16.88],[-66.96,-16.87],[-66.95,-16.87],[-66.95,-16.86],[-66.94,-16.86],[-66.94,-16.85],[-66.93,-16.85],[-66.93,-16.83],[-66.84,-16.83],[-66.84,-16.84],[-66.83,-16.84],[-66.83,-16.83],[-66.81,-16.83],[-66.81,-16.82],[-66.8,-16.82],[-66.8,-16.81],[-66.79,-16.81],[-66.79,-16.8],[-66.78,-16.8],[-66.78,-16.78],[-66.76,-16.78],[-66.76,-16.77],[-66.75,-16.77],[-66.75,-16.76],[-66.74,-16.75],[-66.74,-16.71],[-66.75,-16.71],[-66.75,-16.7],[-66.76,-16.7],[-66.76,-16.69],[-66.75,-16.69],[-66.75,-16.66],[-66.74,-16.66],[-66.74,-16.62],[-66.73,-16.62],[-66.73,-16.6],[-66.74,-16.6],[-66.73,-16.59],[-66.73,-16.58],[-66.74,-16.58],[-66.74,-16.56],[-66.75,-16.56],[-66.75,-16.55],[-66.76,-16.55],[-66.76,-16.53],[-66.77,-16.53],[-66.77,-16.52],[-66.78,-16.52],[-66.78,-16.51],[-66.77,-16.51],[-66.77,-16.5],[-66.78,-16.49],[-66.78,-16.48],[-66.79,-16.48],[-66.79,-16.47],[-66.78,-16.47],[-66.78,-16.44],[-66.79,-16.44],[-66.79,-16.43],[-66.78,-16.43],[-66.78,-16.41],[-66.79,-16.41],[-66.79,-16.38],[-66.8,-16.37],[-66.79,-16.37],[-66.79,-16.36],[-66.8,-16.36],[-66.8,-16.34],[-66.79,-16.34],[-66.79,-16.33],[-66.8,-16.33],[-66.8,-16.29],[-66.81,-16.28],[-66.82,-16.28],[-66.82,-16.27],[-66.83,-16.26],[-66.84,-16.26],[-66.84,-16.25],[-66.85,-16.25],[-66.85,-16.21],[-66.84,-16.21],[-66.84,-16.19],[-66.85,-16.19],[-66.85,-16.17],[-66.86,-16.17],[-66.86,-16.16],[-66.87,-16.16],[-66.87,-16.13],[-66.88,-16.13],[-66.88,-16.12],[-66.89,-16.12],[-66.89,-16.11],[-66.9,-16.11],[-66.9,-16.1],[-66.91,-16.1],[-66.91,-16.09],[-66.92,-16.09],[-66.92,-16.07],[-66.91,-16.06],[-66.91,-16.01],[-66.92,-16.01],[-66.91,-16.0],[-66.92,-16.0],[-66.92,-15.99],[-66.91,-15.99],[-66.91,-15.97],[-66.9,-15.97],[-66.9,-15.95],[-66.89,-15.95],[-66.89,-15.94],[-66.87,-15.94],[-66.87,-15.91],[-66.88,-15.91],[-66.88,-15.9],[-66.89,-15.9],[-66.89,-15.89],[-66.88,-15.89],[-66.88,-15.87],[-66.9,-15.87],[-66.9,-15.85],[-66.91,-15.84],[-66.91,-15.83],[-66.9,-15.82],[-66.9,-15.81],[-66.88,-15.79],[-66.87,-15.77],[-66.86,-15.76],[-66.85,-15.74],[-66.84,-15.73],[-66.83,-15.71],[-66.81,-15.68],[-66.8,-15.67],[-66.78,-15.7],[-66.68,-15.8],[-66.64,-15.88],[-66.6,-15.97],[-66.57,-16.02],[-66.52,-16.09],[-66.47,-16.17],[-66.45,-16.19],[-66.41,-16.21],[-66.38,-16.24],[-66.34,-16.26],[-66.3,-16.29],[-66.25,-16.31],[-66.15,-16.37],[-66.11,-16.38],[-66.06,-16.4],[-66.02,-16.41],[-65.99,-16.42],[-65.96,-16.41],[-65.93,-16.41],[-65.83,-16.39],[-65.78,-16.37],[-65.72,-16.34],[-65.69,-16.32],[-65.66,-16.31],[-65.63,-16.29],[-65.61,-16.28],[-65.59,-16.26],[-65.57,-16.25],[-65.53,-16.21],[-65.48,-16.09],[-65.42,-15.97],[-65.39,-15.92],[-65.32,-15.85],[-65.29,-15.83],[-65.25,-15.8],[-65.23,-15.79],[-65.13,-15.79],[-65.1,-15.8],[-64.73,-15.8],[-64.73,-15.83],[-64.74,-15.83],[-64.74,-15.85],[-64.75,-15.86],[-64.75,-15.87],[-64.73,-15.87],[-64.73,-15.88],[-64.72,-15.89],[-64.73,-15.9],[-64.74,-15.89],[-64.75,-15.89],[-64.75,-15.88],[-64.76,-15.88],[-64.76,-15.89],[-64.75,-15.9],[-64.74,-15.9],[-64.73,-15.91],[-64.73,-15.92],[-64.75,-15.92],[-64.75,-15.95],[-64.73,-15.95],[-64.73,-15.96],[-64.74,-15.97],[-64.74,-15.98],[-64.73,-15.98],[-64.72,-15.97],[-64.72,-15.96],[-64.71,-15.96],[-64.71,-15.98],[-64.72,-15.98],[-64.73,-15.99],[-64.73,-16.0],[-64.7,-16.0],[-64.7,-16.01],[-64.73,-16.01],[-64.73,-16.03],[-64.72,-16.03],[-64.72,-16.02],[-64.71,-16.02],[-64.71,-16.03],[-64.7,-16.03],[-64.7,-16.04],[-64.71,-16.04],[-64.71,-16.06],[-64.72,-16.07],[-64.73,-16.07],[-64.73,-16.08],[-64.7,-16.08],[-64.7,-16.09],[-64.69,-16.09],[-64.69,-16.11],[-64.68,-16.11],[-64.68,-16.13],[-64.69,-16.13],[-64.69,-16.14],[-64.67,-16.14],[-64.67,-16.15],[-64.68,-16.16],[-64.68,-16.18],[-64.69,-16.18],[-64.69,-16.16],[-64.7,-16.16],[-64.7,-16.19],[-64.69,-16.19],[-64.68,-16.2],[-64.67,-16.2],[-64.67,-16.23],[-64.7,-16.23],[-64.7,-16.25],[-64.71,-16.25],[-64.71,-16.26],[-64.7,-16.26],[-64.7,-16.28],[-64.69,-16.28],[-64.69,-16.27],[-64.68,-16.26],[-64.68,-16.29],[-64.67,-16.29],[-64.67,-16.28],[-64.66,-16.28],[-64.66,-16.29],[-64.65,-16.29],[-64.65,-16.3],[-64.67,-16.3],[-64.67,-16.32],[-64.66,-16.32],[-64.66,-16.31],[-64.65,-16.31],[-64.65,-16.33],[-64.66,-16.33],[-64.66,-16.34],[-64.67,-16.35],[-64.66,-16.35],[-64.67,-16.36],[-64.68,-16.36],[-64.68,-16.34],[-64.69,-16.34],[-64.7,-16.35],[-64.7,-16.36],[-64.69,-16.36],[-64.69,-16.37],[-64.71,-16.37],[-64.71,-16.38],[-64.68,-16.38],[-64.68,-16.37],[-64.65,-16.37],[-64.67,-16.39],[-64.67,-16.4],[-64.68,-16.4],[-64.68,-16.41],[-64.69,-16.41],[-64.69,-16.43],[-64.68,-16.43],[-64.68,-16.46],[-64.67,-16.46],[-64.67,-16.47],[-64.71,-16.47],[-64.71,-16.48],[-64.69,-16.48],[-64.69,-16.49],[-64.71,-16.49],[-64.71,-16.5],[-64.7,-16.51],[-64.7,-16.53],[-64.72,-16.53],[-64.72,-16.5],[-64.74,-16.5],[-64.74,-16.51],[-64.75,-16.51],[-64.75,-16.52],[-64.74,-16.52],[-64.74,-16.53],[-64.75,-16.54],[-64.76,-16.54],[-64.76,-16.51],[-64.78,-16.51],[-64.78,-16.53],[-64.79,-16.54],[-64.78,-16.55],[-64.76,-16.55],[-64.76,-16.56],[-64.74,-16.56],[-64.74,-16.57],[-64.75,-16.57],[-64.75,-16.59],[-64.76,-16.59],[-64.76,-16.6],[-64.77,-16.6],[-64.77,-16.61],[-64.78,-16.61],[-64.78,-16.64],[-64.76,-16.64],[-64.76,-16.63],[-64.74,-16.63],[-64.74,-16.64],[-64.75,-16.64],[-64.75,-16.65],[-64.76,-16.65],[-64.76,-16.67],[-64.77,-16.68],[-64.77,-16.66],[-64.78,-16.66],[-64.79,-16.67],[-64.79,-16.69],[-64.8,-16.69],[-64.8,-16.71],[-64.78,-16.71],[-64.78,-16.74],[-64.8,-16.74],[-64.8,-16.73],[-64.82,-16.73],[-64.82,-16.72],[-64.83,-16.72],[-64.84,-16.73],[-64.84,-16.74],[-64.81,-16.74],[-64.81,-16.75],[-64.83,-16.75],[-64.83,-16.77],[-64.82,-16.77],[-64.82,-16.76],[-64.8,-16.76],[-64.8,-16.77],[-64.81,-16.77],[-64.81,-16.78],[-64.8,-16.78],[-64.8,-16.79],[-64.78,-16.79],[-64.78,-16.81],[-64.79,-16.82],[-64.79,-16.84],[-64.78,-16.84],[-64.78,-16.82],[-64.77,-16.82],[-64.77,-16.83],[-64.76,-16.83],[-64.76,-16.84],[-64.77,-16.84],[-64.77,-16.85],[-64.74,-16.85],[-64.74,-16.86],[-64.74,-16.88],[-64.73,-16.88],[-64.73,-16.9],[-64.74,-16.9],[-64.75,-16.91],[-64.74,-16.92],[-64.74,-16.93],[-64.73,-16.93],[-64.74,-16.94],[-64.73,-16.95],[-64.72,-16.95],[-64.72,-16.94],[-64.71,-16.94],[-64.71,-16.96],[-64.72,-16.96],[-64.71,-16.97],[-64.7,-16.97],[-64.7,-16.95],[-64.69,-16.95],[-64.69,-16.96],[-64.68,-16.96],[-64.67,-16.97],[-64.69,-16.97],[-64.69,-16.98],[-64.68,-16.98],[-64.67,-16.99],[-64.68,-17.0],[-64.68,-16.99],[-64.69,-16.99],[-64.69,-17.01],[-64.68,-17.02],[-64.68,-17.01],[-64.66,-17.01],[-64.66,-17.0],[-64.63,-17.0],[-64.63,-17.01],[-64.64,-17.01],[-64.64,-17.03],[-64.61,-17.03],[-64.61,-17.04],[-64.59,-17.04],[-64.59,-17.05],[-64.58,-17.05],[-64.58,-17.03],[-64.56,-17.03],[-64.56,-17.04],[-64.57,-17.04],[-64.57,-17.06],[-64.55,-17.06],[-64.55,-17.05],[-64.52,-17.05],[-64.52,-17.06],[-64.53,-17.06],[-64.53,-17.07],[-64.54,-17.07],[-64.55,-17.08],[-64.54,-17.09],[-64.52,-17.09],[-64.51,-17.1],[-64.51,-17.09],[-64.49,-17.09],[-64.49,-17.11],[-64.48,-17.11],[-64.48,-17.13],[-64.46,-17.13],[-64.46,-17.14],[-64.45,-17.14],[-64.44,-17.13],[-64.43,-17.13],[-64.43,-17.15],[-64.42,-17.15],[-64.42,-17.14],[-64.39,-17.14],[-64.39,-17.17],[-64.38,-17.17],[-64.38,-17.18],[-64.36,-17.18],[-64.36,-17.2],[-64.37,-17.2],[-64.37,-17.22],[-64.36,-17.22],[-64.36,-17.21],[-64.34,-17.21],[-64.34,-17.22],[-64.33,-17.22],[-64.33,-17.25],[-64.34,-17.25],[-64.34,-17.26],[-64.32,-17.26],[-64.31,-17.27],[-64.3,-17.27],[-64.3,-17.26],[-64.29,-17.26],[-64.28,-17.27],[-64.28,-17.28],[-64.27,-17.28],[-64.27,-17.27],[-64.24,-17.27],[-64.24,-17.26],[-64.23,-17.26],[-64.23,-17.27],[-64.22,-17.27],[-64.22,-17.28],[-64.19,-17.28],[-64.19,-17.29],[-64.2,-17.29],[-64.2,-17.31],[-64.19,-17.31],[-64.19,-17.34],[-64.2,-17.34],[-64.2,-17.35],[-64.21,-17.35],[-64.21,-17.36],[-64.22,-17.36],[-64.22,-17.38],[-64.23,-17.38],[-64.23,-17.39],[-64.24,-17.39],[-64.24,-17.4],[-64.25,-17.4],[-64.25,-17.41],[-64.26,-17.41],[-64.26,-17.42],[-64.29,-17.42],[-64.29,-17.43],[-64.31,-17.43],[-64.31,-17.42],[-64.35,-17.42],[-64.35,-17.43],[-64.36,-17.43],[-64.36,-17.44],[-64.37,-17.44],[-64.37,-17.45],[-64.4,-17.45],[-64.4,-17.49],[-64.41,-17.49],[-64.41,-17.52],[-64.43,-17.52],[-64.43,-17.53],[-64.42,-17.53],[-64.43,-17.54],[-64.43,-17.55],[-64.42,-17.57],[-64.42,-17.59],[-64.47,-17.6],[-64.49,-17.61],[-64.52,-17.6],[-64.53,-17.6],[-64.53,-17.59],[-64.54,-17.59],[-64.55,-17.6],[-64.56,-17.6],[-64.56,-17.59],[-64.57,-17.59],[-64.57,-17.61],[-64.58,-17.61],[-64.58,-17.6],[-64.59,-17.6],[-64.59,-17.63],[-64.6,-17.63],[-64.6,-17.64],[-64.61,-17.64],[-64.61,-17.66],[-64.62,-17.66],[-64.62,-17.65],[-64.63,-17.66],[-64.63,-17.67],[-64.64,-17.67],[-64.64,-17.71],[-64.7,-17.71],[-64.7,-17.72],[-64.71,-17.72],[-64.71,-17.73],[-64.75,-17.73],[-64.75,-17.75],[-64.76,-17.75],[-64.76,-17.78],[-64.77,-17.78],[-64.77,-17.82],[-64.78,-17.82],[-64.78,-17.83],[-64.8,-17.85],[-64.8,-17.89],[-64.81,-17.9],[-64.81,-17.91],[-64.82,-17.91],[-64.82,-17.93],[-64.81,-17.93],[-64.81,-17.94],[-64.8,-17.94],[-64.8,-17.96],[-64.79,-17.96],[-64.79,-17.97],[-64.78,-17.97],[-64.78,-17.98],[-64.76,-17.98],[-64.77,-17.99],[-64.76,-17.99],[-64.76,-18.01],[-64.75,-18.01],[-64.75,-18.02],[-64.74,-18.02],[-64.74,-18.04],[-64.71,-18.04],[-64.71,-18.05],[-64.72,-18.05],[-64.72,-18.06],[-64.71,-18.06],[-64.71,-18.08],[-64.7,-18.08],[-64.7,-18.09],[-64.69,-18.09],[-64.69,-18.1],[-64.64,-18.1],[-64.63,-18.09],[-64.61,-18.09],[-64.61,-18.1],[-64.59,-18.1],[-64.59,-18.11],[-64.58,-18.11],[-64.58,-18.12],[-64.56,-18.12],[-64.56,-18.13],[-64.54,-18.13],[-64.54,-18.15],[-64.53,-18.15],[-64.53,-18.16],[-64.52,-18.16],[-64.52,-18.18],[-64.51,-18.18],[-64.51,-18.2],[-64.5,-18.2],[-64.5,-18.23],[-64.49,-18.23],[-64.49,-18.25],[-64.48,-18.25],[-64.48,-18.29],[-64.47,-18.29],[-64.47,-18.3],[-64.46,-18.3],[-64.46,-18.32],[-64.44,-18.32],[-64.44,-18.33],[-64.43,-18.33],[-64.43,-18.34],[-64.44,-18.34],[-64.44,-18.37],[-64.43,-18.37],[-64.43,-18.41],[-64.42,-18.42],[-64.42,-18.43],[-64.41,-18.43],[-64.41,-18.44],[-64.4,-18.44],[-64.4,-18.45],[-64.38,-18.45],[-64.38,-18.46],[-64.36,-18.46],[-64.36,-18.47],[-64.33,-18.47],[-64.33,-18.49],[-64.3,-18.49],[-64.3,-18.53],[-64.29,-18.53],[-64.29,-18.55],[-64.3,-18.55],[-64.3,-18.56],[-64.29,-18.56],[-64.29,-18.59],[-64.28,-18.59],[-64.28,-18.6],[-64.29,-18.6],[-64.29,-18.61],[-64.3,-18.61],[-64.3,-18.62],[-64.31,-18.62],[-64.31,-18.64],[-64.32,-18.64],[-64.32,-18.66],[-64.34,-18.66],[-64.35,-18.65],[-64.35,-18.64],[-64.36,-18.64],[-64.36,-18.62],[-64.41,-18.62],[-64.41,-18.63],[-64.42,-18.63],[-64.42,-18.62],[-64.43,-18.63],[-64.43,-18.64],[-64.44,-18.64],[-64.44,-18.65],[-64.46,-18.65],[-64.46,-18.66],[-64.47,-18.66],[-64.48,-18.67],[-64.5,-18.67],[-64.51,-18.66],[-64.51,-18.67],[-64.56,-18.67],[-64.56,-18.65],[-64.59,-18.65],[-64.59,-18.64],[-64.61,-18.64],[-64.61,-18.63],[-64.62,-18.63],[-64.62,-18.62],[-64.63,-18.62],[-64.63,-18.6],[-64.65,-18.6],[-64.65,-18.59],[-64.64,-18.59],[-64.64,-18.58],[-64.65,-18.58],[-64.65,-18.57],[-64.67,-18.57],[-64.67,-18.55],[-64.68,-18.55],[-64.68,-18.54],[-64.69,-18.54],[-64.69,-18.53],[-64.7,-18.53],[-64.7,-18.54],[-64.71,-18.54],[-64.71,-18.53],[-64.76,-18.53],[-64.76,-18.52],[-64.78,-18.52],[-64.78,-18.51],[-64.79,-18.51],[-64.79,-18.5],[-64.8,-18.5],[-64.8,-18.49],[-64.81,-18.49],[-64.81,-18.48],[-64.82,-18.48],[-64.82,-18.49],[-64.83,-18.49],[-64.83,-18.48],[-64.86,-18.48],[-64.86,-18.49],[-64.89,-18.49],[-64.89,-18.5],[-64.91,-18.5],[-64.91,-18.51],[-64.93,-18.51],[-64.93,-18.53],[-64.95,-18.53],[-64.95,-18.54],[-64.96,-18.54],[-64.96,-18.55],[-64.97,-18.55],[-64.97,-18.56],[-64.99,-18.56],[-64.99,-18.55],[-65.0,-18.55],[-65.0,-18.57],[-65.01,-18.57],[-65.01,-18.58],[-65.02,-18.58],[-65.02,-18.6],[-65.04,-18.6],[-65.04,-18.61],[-65.05,-18.61],[-65.04,-18.62],[-65.05,-18.62],[-65.05,-18.65],[-65.04,-18.65],[-65.04,-18.66],[-65.03,-18.66],[-65.03,-18.67],[-65.04,-18.67],[-65.04,-18.68],[-65.05,-18.68],[-65.05,-18.67],[-65.06,-18.67],[-65.06,-18.66],[-65.07,-18.66],[-65.08,-18.65],[-65.08,-18.66],[-65.09,-18.66],[-65.09,-18.65],[-65.1,-18.65],[-65.1,-18.63],[-65.12,-18.63],[-65.12,-18.62],[-65.14,-18.62],[-65.14,-18.61],[-65.17,-18.61],[-65.17,-18.62],[-65.18,-18.61],[-65.19,-18.62],[-65.2,-18.62],[-65.2,-18.61],[-65.24,-18.61],[-65.24,-18.56],[-65.23,-18.56],[-65.23,-18.55],[-65.24,-18.55],[-65.24,-18.5],[-65.27,-18.5],[-65.27,-18.51],[-65.28,-18.51],[-65.28,-18.5],[-65.29,-18.5],[-65.29,-18.45],[-65.3,-18.45],[-65.3,-18.44],[-65.32,-18.44],[-65.32,-18.45],[-65.33,-18.46],[-65.33,-18.42],[-65.34,-18.42],[-65.34,-18.41],[-65.35,-18.41],[-65.35,-18.4],[-65.36,-18.4],[-65.36,-18.39],[-65.38,-18.39],[-65.38,-18.38],[-65.39,-18.38],[-65.39,-18.37],[-65.4,-18.37],[-65.4,-18.36],[-65.44,-18.36],[-65.44,-18.35],[-65.45,-18.35],[-65.46,-18.34],[-65.46,-18.33],[-65.47,-18.33],[-65.47,-18.3],[-65.48,-18.3],[-65.48,-18.29],[-65.49,-18.29],[-65.49,-18.27],[-65.5,-18.27],[-65.5,-18.25],[-65.52,-18.25],[-65.52,-18.24],[-65.55,-18.24],[-65.55,-18.23],[-65.57,-18.23],[-65.57,-18.21],[-65.58,-18.21],[-65.58,-18.2],[-65.6,-18.2],[-65.6,-18.17],[-65.61,-18.17],[-65.61,-18.16],[-65.62,-18.16],[-65.62,-18.15],[-65.63,-18.15],[-65.63,-18.14],[-65.65,-18.14],[-65.65,-18.13],[-65.66,-18.13],[-65.66,-18.12],[-65.68,-18.12],[-65.68,-18.1],[-65.69,-18.1],[-65.69,-18.09],[-65.7,-18.09],[-65.7,-18.08],[-65.71,-18.08],[-65.71,-18.07],[-65.72,-18.07],[-65.72,-18.06],[-65.74,-18.06],[-65.74,-18.05],[-65.75,-18.05],[-65.75,-18.04],[-65.77,-18.04],[-65.77,-18.03],[-65.78,-18.03],[-65.78,-18.02],[-65.79,-18.02],[-65.79,-18.01],[-65.81,-18.01],[-65.81,-18.0],[-65.82,-18.0],[-65.82,-17.99],[-65.83,-17.99],[-65.83,-17.98],[-65.84,-17.98],[-65.84,-17.97],[-65.88,-17.97],[-65.88,-17.98],[-65.91,-17.98],[-65.91,-17.99],[-65.93,-17.99],[-65.93,-17.98],[-65.94,-17.98],[-65.94,-17.95],[-65.95,-17.95],[-65.95,-17.94],[-65.96,-17.94],[-65.96,-17.95],[-65.97,-17.95],[-65.97,-17.94],[-65.98,-17.94],[-65.98,-17.93],[-65.99,-17.93],[-65.99,-17.91],[-66.0,-17.91],[-66.0,-17.9],[-66.01,-17.9],[-66.01,-17.88],[-66.02,-17.88],[-66.02,-17.86],[-66.03,-17.86],[-66.03,-17.85],[-66.04,-17.84],[-66.04,-17.83],[-66.06,-17.83],[-66.06,-17.82],[-66.07,-17.82],[-66.07,-17.81],[-66.09,-17.81],[-66.09,-17.8],[-66.11,-17.8],[-66.11,-17.81],[-66.12,-17.81],[-66.13,-17.82],[-66.13,-17.85],[-66.12,-17.85],[-66.12,-17.87],[-66.13,-17.87],[-66.14,-17.88],[-66.15,-17.88],[-66.15,-17.89],[-66.16,-17.89],[-66.17,-17.9],[-66.17,-17.91],[-66.18,-17.91],[-66.19,-17.92],[-66.2,-17.92],[-66.2,-17.93],[-66.22,-17.93],[-66.22,-17.95],[-66.24,-17.95],[-66.25,-17.94],[-66.25,-17.93],[-66.26,-17.93],[-66.26,-17.94],[-66.27,-17.94],[-66.27,-17.96],[-66.28,-17.96],[-66.28,-17.97],[-66.31,-17.97],[-66.31,-17.96],[-66.32,-17.96],[-66.33,-17.95],[-66.34,-17.95],[-66.34,-17.94],[-66.35,-17.94],[-66.35,-17.95],[-66.39,-17.95],[-66.4,-17.96],[-66.41,-17.96],[-66.41,-17.97],[-66.42,-17.97],[-66.42,-17.98],[-66.43,-17.98],[-66.44,-17.99],[-66.47,-17.99],[-66.49,-18.01],[-66.49,-18.02],[-66.5,-18.02],[-66.5,-18.04],[-66.51,-18.04],[-66.51,-18.05],[-66.52,-18.05],[-66.52,-18.07],[-66.57,-18.07],[-66.57,-18.08],[-66.58,-18.08],[-66.59,-18.09],[-66.61,-18.09],[-66.61,-18.1],[-66.62,-18.1],[-66.62,-18.11],[-66.63,-18.11],[-66.63,-18.12],[-66.64,-18.11],[-66.65,-18.11],[-66.66,-18.12],[-66.69,-18.12],[-66.7,-18.13],[-66.7,-18.12],[-66.71,-18.12],[-66.71,-18.11],[-66.73,-18.11],[-66.73,-18.12],[-66.74,-18.12],[-66.74,-18.13],[-66.78,-18.13],[-66.78,-18.12],[-66.79,-18.12],[-66.79,-18.1],[-66.81,-18.1],[-66.81,-18.08],[-66.8,-18.08],[-66.8,-18.07],[-66.79,-18.07],[-66.79,-18.05],[-66.8,-18.05],[-66.8,-18.04],[-66.81,-18.04],[-66.81,-18.03],[-66.82,-18.03],[-66.82,-18.02],[-66.8,-18.02],[-66.8,-18.01],[-66.78,-18.01],[-66.77,-18.0],[-66.77,-17.99],[-66.76,-17.99],[-66.76,-17.97],[-66.77,-17.97],[-66.77,-17.95],[-66.76,-17.95],[-66.76,-17.92],[-66.77,-17.91],[-66.77,-17.9],[-66.78,-17.9],[-66.78,-17.89],[-66.74,-17.89],[-66.74,-17.9],[-66.73,-17.9],[-66.71,-17.89],[-66.71,-17.87],[-66.73,-17.87],[-66.73,-17.85],[-66.72,-17.85],[-66.72,-17.84],[-66.73,-17.84],[-66.73,-17.83],[-66.75,-17.83],[-66.75,-17.82],[-66.76,-17.81],[-66.76,-17.8],[-66.77,-17.8],[-66.77,-17.79],[-66.79,-17.79],[-66.79,-17.78],[-66.8,-17.78],[-66.8,-17.77],[-66.83,-17.77],[-66.83,-17.76],[-66.84,-17.76],[-66.84,-17.75],[-66.87,-17.75],[-66.87,-17.74],[-66.86,-17.74],[-66.86,-17.73],[-66.87,-17.73],[-66.87,-17.71],[-66.88,-17.71],[-66.88,-17.7],[-66.89,-17.7],[-66.89,-17.68],[-66.9,-17.68],[-66.9,-17.67],[-66.91,-17.67],[-66.91,-17.66],[-66.92,-17.66],[-66.92,-17.62],[-66.93,-17.62],[-66.93,-17.6],[-66.92,-17.6],[-66.92,-17.59],[-66.91,-17.59],[-66.91,-17.58],[-66.9,-17.58],[-66.9,-17.57],[-66.91,-17.57],[-66.91,-17.56],[-66.92,-17.55],[-66.89,-17.55],[-66.89,-17.56],[-66.87,-17.56],[-66.87,-17.55],[-66.88,-17.54],[-66.86,-17.54],[-66.86,-17.53],[-66.84,-17.53],[-66.84,-17.52],[-66.82,-17.52],[-66.82,-17.49],[-66.83,-17.49],[-66.83,-17.47],[-66.84,-17.47],[-66.84,-17.46],[-66.83,-17.46],[-66.83,-17.45],[-66.84,-17.45],[-66.84,-17.44],[-66.85,-17.44],[-66.85,-17.43],[-66.87,-17.43],[-66.87,-17.42],[-66.88,-17.42],[-66.88,-17.41],[-66.87,-17.41],[-66.87,-17.39],[-66.86,-17.39],[-66.86,-17.38],[-66.85,-17.38],[-66.85,-17.36],[-66.84,-17.35],[-66.85,-17.35],[-66.85,-17.33],[-66.84,-17.33],[-66.84,-17.31]],[[-64.74,-16.86],[-64.77,-16.86],[-64.77,-16.87],[-64.75,-16.87],[-64.74,-16.86]],[[-64.74,-16.88],[-64.76,-16.88],[-64.76,-16.89],[-64.74,-16.89],[-64.74,-16.88]],[[-64.7,-16.99],[-64.7,-16.98],[-64.71,-16.98],[-64.71,-16.99],[-64.7,-17.0],[-64.69,-16.99],[-64.7,-16.99]],[[-64.39,-17.18],[-64.39,-17.2],[-64.38,-17.2],[-64.38,-17.18],[-64.39,-17.18]],[[-64.41,-17.16],[-64.4,-17.16],[-64.4,-17.15],[-64.41,-17.15],[-64.41,-17.16]]],[[[-64.52,-17.09],[-64.52,-17.08],[-64.51,-17.08],[-64.51,-17.09],[-64.52,-17.09]]],[[[-64.59,-17.04],[-64.6,-17.03],[-64.61,-17.03],[-64.61,-17.02],[-64.6,-17.02],[-64.59,-17.03],[-64.59,-17.04]]],[[[-64.62,-17.02],[-64.63,-17.02],[-64.62,-17.01],[-64.62,-17.02]]],[[[-64.72,-16.93],[-64.73,-16.93],[-64.73,-16.92],[-64.74,-16.92],[-64.74,-16.91],[-64.73,-16.91],[-64.72,-16.92],[-64.72,-16.93]]],[[[-64.73,-16.65],[-64.74,-16.65],[-64.74,-16.64],[-64.73,-16.64],[-64.73,-16.65]]],[[[-64.75,-16.62],[-64.76,-16.63],[-64.77,-16.63],[-64.77,-16.62],[-64.75,-16.62]]],[[[-64.67,-16.11],[-64.68,-16.11],[-64.68,-16.1],[-64.67,-16.1],[-64.67,-16.11]]],[[[-64.7,-16.07],[-64.71,-16.06],[-64.69,-16.06],[-64.69,-16.07],[-64.7,-16.08],[-64.7,-16.07]]]]}},{"type":"Feature","properties":{"id":"dep-LP","nombre":"La Paz","nivel":"departamento","municipio":null,"provincia":null,"departamento":"La Paz","fuente":"YoViajo/geodatos (límites departamentales)"},"geometry":{"type":"MultiPolygon","coordinates":[[[[-67.86,-17.84],[-67.87,-17.84],[-67.87,-17.83],[-67.86,-17.83],[-67.86,-17.84]]],[[[-67.39,-14.98],[-67.39,-14.99],[-67.4,-14.99],[-67.4,-14.98],[-67.39,-14.98]]],[[[-69.3,-15.07],[-69.3,-15.04],[-69.31,-15.04],[-69.31,-15.03],[-69.32,-15.03],[-69.32,-15.0],[-69.33,-15.0],[-69.33,-14.99],[-69.34,-14.99],[-69.34,-14.98],[-69.35,-14.98],[-69.35,-14.97],[-69.36,-14.97],[-69.36,-14.93],[-69.35,-14.93],[-69.35,-14.9],[-69.34,-14.89],[-69.34,-14.88],[-69.35,-14.88],[-69.35,-14.85],[-69.36,-14.83],[-69.36,-14.81],[-69.35,-14.8],[-69.34,-14.8],[-69.34,-14.79],[-69.33,-14.78],[-69.32,-14.78],[-69.31,-14.77],[-69.26,-14.77],[-69.26,-14.76],[-69.24,-14.76],[-69.23,-14.75],[-69.23,-14.73],[-69.24,-14.72],[-69.24,-14.71],[-69.25,-14.71],[-69.25,-14.69],[-69.26,-14.69],[-69.26,-14.68],[-69.25,-14.67],[-69.25,-14.66],[-69.23,-14.66],[-69.23,-14.6],[-69.22,-14.59],[-69.22,-14.58],[-69.21,-14.58],[-69.21,-14.59],[-69.2,-14.58],[-69.15,-14.58],[-69.15,-14.54],[-69.14,-14.53],[-69.14,-14.52],[-69.15,-14.51],[-69.14,-14.5],[-69.13,-14.5],[-69.12,-14.49],[-69.11,-14.49],[-69.11,-14.48],[-69.09,-14.48],[-69.09,-14.47],[-69.07,-14.47],[-69.07,-14.46],[-69.06,-14.46],[-69.06,-14.45],[-69.05,-14.45],[-69.05,-14.44],[-69.04,-14.44],[-69.04,-14.42],[-69.03,-14.41],[-69.02,-14.41],[-69.02,-14.39],[-69.01,-14.39],[-68.99,-14.37],[-68.99,-14.34],[-68.98,-14.33],[-68.98,-14.31],[-68.99,-14.27],[-68.99,-14.26],[-68.98,-14.23],[-68.83,-14.23],[-68.83,-14.2],[-68.84,-14.2],[-68.84,-14.19],[-68.85,-14.19],[-68.85,-14.15],[-68.83,-14.15],[-68.83,-14.14],[-68.84,-14.14],[-68.85,-14.13],[-68.86,-14.13],[-68.86,-14.12],[-68.87,-14.11],[-68.87,-14.09],[-68.88,-14.08],[-68.88,-14.05],[-68.89,-14.05],[-68.89,-14.04],[-68.91,-14.04],[-68.91,-14.03],[-68.92,-14.03],[-68.92,-14.02],[-68.93,-14.03],[-68.93,-14.02],[-68.94,-14.02],[-68.94,-14.01],[-68.95,-14.01],[-68.94,-14.0],[-68.96,-14.0],[-68.96,-13.98],[-68.97,-13.98],[-68.98,-13.97],[-68.97,-13.96],[-68.97,-13.95],[-68.96,-13.94],[-68.97,-13.94],[-68.97,-13.93],[-68.98,-13.93],[-68.98,-13.86],[-68.99,-13.86],[-68.99,-13.85],[-69.0,-13.85],[-69.0,-13.83],[-69.01,-13.82],[-69.01,-13.79],[-69.0,-13.79],[-69.0,-13.78],[-69.01,-13.77],[-69.01,-13.75],[-69.0,-13.74],[-69.01,-13.74],[-69.01,-13.73],[-69.03,-13.73],[-69.03,-13.72],[-69.05,-13.72],[-69.05,-13.71],[-69.06,-13.71],[-69.06,-13.7],[-69.07,-13.7],[-69.07,-13.66],[-69.05,-13.64],[-69.02,-13.64],[-69.02,-13.65],[-68.99,-13.65],[-68.99,-13.64],[-68.98,-13.63],[-68.99,-13.63],[-69.0,-13.62],[-68.99,-13.62],[-68.99,-13.61],[-68.97,-13.61],[-68.97,-13.6],[-68.95,-13.6],[-68.95,-13.57],[-68.94,-13.57],[-68.94,-13.55],[-68.95,-13.55],[-68.94,-13.54],[-68.94,-13.52],[-68.93,-13.52],[-68.92,-13.51],[-68.92,-13.5],[-68.91,-13.5],[-68.91,-13.49],[-68.92,-13.49],[-68.92,-13.48],[-68.91,-13.47],[-68.91,-13.45],[-68.9,-13.45],[-68.9,-13.44],[-68.91,-13.44],[-68.91,-13.43],[-68.89,-13.43],[-68.89,-13.39],[-68.88,-13.39],[-68.88,-13.38],[-68.89,-13.38],[-68.89,-13.37],[-68.88,-13.37],[-68.88,-13.36],[-68.87,-13.36],[-68.87,-13.34],[-68.88,-13.34],[-68.87,-13.33],[-68.87,-13.32],[-68.86,-13.32],[-68.86,-13.3],[-68.87,-13.3],[-68.87,-13.29],[-68.86,-13.29],[-68.86,-13.28],[-68.85,-13.28],[-68.86,-13.27],[-68.85,-13.27],[-68.85,-13.26],[-68.86,-13.26],[-68.86,-13.25],[-68.85,-13.25],[-68.85,-13.23],[-68.86,-13.23],[-68.86,-13.21],[-68.85,-13.21],[-68.86,-13.2],[-68.86,-13.19],[-68.87,-13.19],[-68.87,-13.18],[-68.86,-13.18],[-68.86,-13.17],[-68.87,-13.17],[-68.87,-13.15],[-68.86,-13.15],[-68.86,-13.14],[-68.88,-13.14],[-68.88,-13.13],[-68.87,-13.13],[-68.87,-13.11],[-68.86,-13.12],[-68.86,-13.07],[-68.85,-13.07],[-68.85,-13.06],[-68.86,-13.06],[-68.86,-13.05],[-68.85,-13.05],[-68.85,-13.03],[-68.86,-13.03],[-68.86,-13.02],[-68.85,-13.02],[-68.85,-13.01],[-68.87,-13.01],[-68.87,-12.99],[-68.86,-12.99],[-68.86,-12.98],[-68.87,-12.98],[-68.87,-12.97],[-68.88,-12.97],[-68.88,-12.94],[-68.87,-12.94],[-68.87,-12.87],[-68.85,-12.87],[-68.85,-12.86],[-68.84,-12.86],[-68.84,-12.81],[-68.82,-12.81],[-68.82,-12.78],[-68.81,-12.78],[-68.81,-12.75],[-68.8,-12.75],[-68.8,-12.76],[-68.79,-12.76],[-68.79,-12.74],[-68.78,-12.74],[-68.76,-12.74],[-68.76,-12.73],[-68.74,-12.73],[-68.74,-12.7],[-68.73,-12.7],[-68.73,-12.69],[-68.72,-12.69],[-68.72,-12.66],[-68.73,-12.66],[-68.73,-12.67],[-68.74,-12.66],[-68.74,-12.65],[-68.73,-12.65],[-68.73,-12.64],[-68.74,-12.64],[-68.74,-12.62],[-68.73,-12.62],[-68.73,-12.6],[-68.71,-12.6],[-68.71,-12.58],[-68.7,-12.58],[-68.7,-12.56],[-68.69,-12.56],[-68.69,-12.55],[-68.67,-12.55],[-68.67,-12.53],[-68.68,-12.53],[-68.68,-12.52],[-68.66,-12.52],[-68.66,-12.51],[-68.65,-12.51],[-68.65,-12.5],[-68.64,-12.5],[-68.64,-12.49],[-68.61,-12.49],[-68.61,-12.48],[-68.59,-12.48],[-68.59,-12.47],[-68.58,-12.47],[-68.58,-12.46],[-68.56,-12.46],[-68.56,-12.43],[-68.57,-12.43],[-68.57,-12.42],[-68.58,-12.42],[-68.58,-12.41],[-68.59,-12.41],[-68.59,-12.39],[-68.52,-12.39],[-68.51,-12.4],[-68.5,-12.4],[-68.5,-12.41],[-68.49,-12.41],[-68.49,-12.42],[-68.45,-12.42],[-68.45,-12.41],[-68.44,-12.4],[-68.44,-12.39],[-68.43,-12.39],[-68.42,-12.38],[-68.41,-12.38],[-68.41,-12.37],[-68.4,-12.37],[-68.4,-12.36],[-68.39,-12.36],[-68.39,-12.33],[-68.4,-12.33],[-68.4,-12.29],[-68.41,-12.29],[-68.41,-12.25],[-68.39,-12.25],[-68.39,-12.23],[-68.38,-12.23],[-68.37,-12.22],[-68.28,-12.22],[-68.28,-12.21],[-68.27,-12.21],[-68.27,-12.2],[-68.26,-12.2],[-68.26,-12.19],[-68.25,-12.19],[-68.25,-12.18],[-68.24,-12.18],[-68.24,-12.17],[-68.23,-12.17],[-68.23,-12.14],[-68.22,-12.13],[-68.22,-12.12],[-68.23,-12.12],[-68.23,-12.09],[-68.22,-12.09],[-68.22,-12.08],[-68.23,-12.08],[-68.23,-12.02],[-68.24,-12.01],[-68.23,-12.01],[-68.23,-12.0],[-68.19,-12.0],[-68.18,-12.01],[-68.16,-12.01],[-68.16,-12.02],[-68.12,-12.02],[-68.12,-12.03],[-68.1,-12.03],[-68.09,-12.02],[-68.08,-12.02],[-68.08,-12.01],[-68.07,-12.01],[-68.07,-12.0],[-68.06,-12.0],[-68.06,-11.99],[-68.05,-11.99],[-68.05,-11.98],[-68.03,-11.98],[-68.02,-11.97],[-68.01,-11.97],[-68.01,-11.96],[-68.0,-11.96],[-68.0,-11.95],[-67.99,-11.95],[-67.98,-11.94],[-67.98,-11.89],[-67.99,-11.87],[-67.99,-11.86],[-68.0,-11.85],[-67.75,-12.0],[-67.73,-12.01],[-67.56,-12.12],[-67.5,-12.16],[-67.49,-12.17],[-67.46,-12.19],[-67.38,-12.23],[-67.25,-12.32],[-67.22,-12.33],[-67.0,-12.47],[-66.96,-12.49],[-66.96,-12.5],[-66.95,-12.51],[-66.94,-12.51],[-66.94,-12.52],[-66.92,-12.52],[-66.92,-12.54],[-66.94,-12.54],[-66.94,-12.55],[-66.95,-12.55],[-66.95,-12.56],[-66.96,-12.56],[-66.98,-12.58],[-66.98,-12.6],[-66.94,-12.6],[-66.93,-12.61],[-66.93,-12.63],[-66.96,-12.63],[-66.96,-12.67],[-66.95,-12.67],[-66.94,-12.68],[-66.95,-12.68],[-66.95,-12.69],[-66.97,-12.69],[-66.97,-12.7],[-66.96,-12.7],[-66.96,-12.71],[-66.95,-12.72],[-66.96,-12.73],[-66.98,-12.73],[-66.98,-12.74],[-66.97,-12.75],[-66.97,-12.76],[-66.96,-12.76],[-66.96,-12.78],[-66.95,-12.78],[-66.95,-12.8],[-66.96,-12.8],[-66.96,-12.79],[-66.99,-12.79],[-66.99,-12.8],[-66.98,-12.8],[-66.98,-12.83],[-67.0,-12.83],[-67.0,-12.85],[-66.98,-12.85],[-66.98,-12.86],[-66.99,-12.86],[-66.99,-12.87],[-67.0,-12.87],[-67.0,-12.88],[-67.03,-12.88],[-67.03,-12.89],[-67.04,-12.89],[-67.04,-12.9],[-67.02,-12.9],[-67.02,-12.91],[-67.01,-12.91],[-67.01,-12.93],[-67.04,-12.93],[-67.04,-12.95],[-67.05,-12.95],[-67.05,-12.98],[-67.06,-12.98],[-67.06,-12.99],[-67.07,-12.99],[-67.07,-13.0],[-67.06,-13.0],[-67.05,-13.01],[-67.04,-13.01],[-67.04,-13.04],[-67.05,-13.05],[-67.06,-13.05],[-67.06,-13.02],[-67.08,-13.04],[-67.1,-13.04],[-67.1,-13.03],[-67.09,-13.03],[-67.09,-13.02],[-67.1,-13.02],[-67.11,-13.03],[-67.11,-13.04],[-67.14,-13.04],[-67.15,-13.05],[-67.15,-13.06],[-67.14,-13.07],[-67.14,-13.08],[-67.13,-13.09],[-67.14,-13.09],[-67.14,-13.1],[-67.16,-13.1],[-67.16,-13.12],[-67.19,-13.12],[-67.18,-13.13],[-67.17,-13.13],[-67.16,-13.15],[-67.16,-13.16],[-67.22,-13.16],[-67.23,-13.17],[-67.22,-13.17],[-67.22,-13.18],[-67.2,-13.18],[-67.2,-13.19],[-67.21,-13.2],[-67.22,-13.19],[-67.24,-13.19],[-67.26,-13.21],[-67.26,-13.2],[-67.27,-13.21],[-67.27,-13.22],[-67.25,-13.24],[-67.25,-13.26],[-67.26,-13.26],[-67.26,-13.29],[-67.27,-13.29],[-67.28,-13.3],[-67.29,-13.3],[-67.29,-13.29],[-67.3,-13.3],[-67.31,-13.3],[-67.31,-13.31],[-67.32,-13.32],[-67.34,-13.33],[-67.35,-13.34],[-67.36,-13.34],[-67.36,-13.35],[-67.33,-13.35],[-67.33,-13.37],[-67.34,-13.37],[-67.36,-13.38],[-67.38,-13.38],[-67.38,-13.39],[-67.39,-13.39],[-67.39,-13.41],[-67.38,-13.41],[-67.38,-13.42],[-67.39,-13.42],[-67.4,-13.43],[-67.39,-13.43],[-67.39,-13.44],[-67.35,-13.44],[-67.35,-13.45],[-67.39,-13.45],[-67.39,-13.47],[-67.38,-13.48],[-67.37,-13.48],[-67.37,-13.47],[-67.36,-13.47],[-67.35,-13.46],[-67.35,-13.48],[-67.36,-13.49],[-67.37,-13.49],[-67.37,-13.51],[-67.38,-13.51],[-67.38,-13.52],[-67.39,-13.51],[-67.4,-13.51],[-67.4,-13.53],[-67.38,-13.53],[-67.38,-13.56],[-67.37,-13.57],[-67.36,-13.56],[-67.35,-13.56],[-67.35,-13.57],[-67.36,-13.58],[-67.36,-13.61],[-67.37,-13.61],[-67.37,-13.6],[-67.39,-13.6],[-67.39,-13.61],[-67.38,-13.61],[-67.37,-13.62],[-67.37,-13.63],[-67.36,-13.63],[-67.36,-13.64],[-67.41,-13.64],[-67.42,-13.65],[-67.43,-13.65],[-67.44,-13.66],[-67.44,-13.67],[-67.43,-13.68],[-67.43,-13.69],[-67.42,-13.69],[-67.42,-13.7],[-67.43,-13.7],[-67.43,-13.73],[-67.45,-13.73],[-67.45,-13.74],[-67.46,-13.74],[-67.48,-13.76],[-67.49,-13.76],[-67.49,-13.77],[-67.51,-13.77],[-67.52,-13.78],[-67.52,-13.79],[-67.5,-13.79],[-67.5,-13.78],[-67.49,-13.78],[-67.48,-13.77],[-67.48,-13.78],[-67.47,-13.78],[-67.48,-13.79],[-67.48,-13.8],[-67.5,-13.8],[-67.49,-13.81],[-67.51,-13.81],[-67.51,-13.84],[-67.48,-13.84],[-67.47,-13.85],[-67.45,-13.85],[-67.45,-13.86],[-67.47,-13.86],[-67.47,-13.87],[-67.48,-13.87],[-67.48,-13.89],[-67.5,-13.89],[-67.5,-13.9],[-67.51,-13.9],[-67.51,-13.91],[-67.5,-13.91],[-67.49,-13.92],[-67.5,-13.93],[-67.51,-13.93],[-67.53,-13.95],[-67.53,-13.98],[-67.52,-13.99],[-67.53,-14.0],[-67.53,-14.03],[-67.56,-14.03],[-67.56,-14.06],[-67.55,-14.07],[-67.54,-14.07],[-67.54,-14.05],[-67.53,-14.04],[-67.52,-14.04],[-67.51,-14.05],[-67.5,-14.05],[-67.5,-14.06],[-67.52,-14.08],[-67.53,-14.08],[-67.53,-14.09],[-67.54,-14.09],[-67.54,-14.12],[-67.53,-14.12],[-67.53,-14.11],[-67.52,-14.11],[-67.52,-14.15],[-67.53,-14.16],[-67.53,-14.17],[-67.52,-14.18],[-67.52,-14.19],[-67.53,-14.2],[-67.53,-14.23],[-67.51,-14.23],[-67.51,-14.24],[-67.5,-14.24],[-67.5,-14.26],[-67.49,-14.27],[-67.48,-14.27],[-67.48,-14.29],[-67.49,-14.29],[-67.5,-14.3],[-67.53,-14.3],[-67.53,-14.31],[-67.54,-14.32],[-67.54,-14.33],[-67.56,-14.33],[-67.56,-14.34],[-67.54,-14.34],[-67.53,-14.35],[-67.54,-14.36],[-67.54,-14.37],[-67.55,-14.37],[-67.54,-14.38],[-67.54,-14.39],[-67.55,-14.39],[-67.56,-14.4],[-67.56,-14.41],[-67.54,-14.41],[-67.54,-14.43],[-67.53,-14.43],[-67.53,-14.46],[-67.52,-14.47],[-67.51,-14.47],[-67.51,-14.49],[-67.48,-14.49],[-67.48,-14.51],[-67.49,-14.51],[-67.5,-14.52],[-67.5,-14.56],[-67.51,-14.56],[-67.52,-14.57],[-67.52,-14.59],[-67.54,-14.59],[-67.54,-14.6],[-67.53,-14.6],[-67.53,-14.61],[-67.52,-14.61],[-67.52,-14.62],[-67.53,-14.63],[-67.52,-14.63],[-67.52,-14.64],[-67.51,-14.64],[-67.51,-14.66],[-67.5,-14.66],[-67.5,-14.67],[-67.49,-14.67],[-67.49,-14.68],[-67.47,-14.68],[-67.47,-14.69],[-67.48,-14.69],[-67.48,-14.7],[-67.46,-14.7],[-67.46,-14.71],[-67.45,-14.71],[-67.45,-14.72],[-67.44,-14.72],[-67.44,-14.73],[-67.42,-14.73],[-67.42,-14.76],[-67.41,-14.76],[-67.41,-14.78],[-67.4,-14.78],[-67.4,-14.79],[-67.39,-14.79],[-67.39,-14.8],[-67.4,-14.8],[-67.4,-14.81],[-67.39,-14.81],[-67.39,-14.82],[-67.41,-14.82],[-67.41,-14.84],[-67.4,-14.84],[-67.4,-14.85],[-67.41,-14.85],[-67.41,-14.87],[-67.42,-14.87],[-67.42,-14.88],[-67.43,-14.88],[-67.43,-14.9],[-67.42,-14.9],[-67.41,-14.91],[-67.43,-14.91],[-67.43,-14.92],[-67.42,-14.92],[-67.42,-14.94],[-67.41,-14.94],[-67.41,-14.95],[-67.42,-14.95],[-67.42,-14.97],[-67.41,-14.97],[-67.41,-14.98],[-67.42,-14.98],[-67.42,-14.99],[-67.4,-14.99],[-67.4,-15.01],[-67.38,-15.01],[-67.38,-15.02],[-67.37,-15.02],[-67.37,-15.03],[-67.36,-15.03],[-67.36,-15.02],[-67.35,-15.02],[-67.35,-15.03],[-67.34,-15.03],[-67.34,-15.04],[-67.32,-15.04],[-67.32,-15.03],[-67.31,-15.03],[-67.31,-15.04],[-67.3,-15.04],[-67.3,-15.03],[-67.29,-15.02],[-67.29,-15.03],[-67.28,-15.03],[-67.28,-15.04],[-67.26,-15.04],[-67.26,-15.05],[-67.24,-15.05],[-67.24,-15.07],[-67.23,-15.07],[-67.24,-15.08],[-67.24,-15.1],[-67.23,-15.1],[-67.23,-15.11],[-67.21,-15.11],[-67.21,-15.12],[-67.2,-15.12],[-67.2,-15.13],[-67.19,-15.13],[-67.19,-15.15],[-67.18,-15.15],[-67.18,-15.16],[-67.17,-15.16],[-67.17,-15.18],[-67.16,-15.18],[-67.16,-15.19],[-67.15,-15.19],[-67.15,-15.2],[-67.14,-15.2],[-67.14,-15.23],[-67.13,-15.23],[-67.13,-15.27],[-67.12,-15.27],[-67.12,-15.28],[-67.11,-15.28],[-67.11,-15.29],[-67.1,-15.29],[-67.1,-15.3],[-67.08,-15.3],[-67.08,-15.34],[-67.09,-15.34],[-67.09,-15.36],[-67.1,-15.36],[-67.11,-15.37],[-67.11,-15.38],[-67.12,-15.38],[-67.12,-15.39],[-67.11,-15.39],[-67.11,-15.4],[-67.09,-15.4],[-67.09,-15.42],[-67.07,-15.42],[-67.07,-15.43],[-67.06,-15.43],[-67.06,-15.44],[-67.04,-15.44],[-67.04,-15.46],[-67.02,-15.46],[-67.02,-15.47],[-67.0,-15.47],[-67.0,-15.48],[-66.99,-15.48],[-66.99,-15.49],[-66.98,-15.49],[-66.98,-15.5],[-66.96,-15.5],[-66.96,-15.52],[-66.95,-15.52],[-66.95,-15.53],[-66.94,-15.53],[-66.94,-15.54],[-66.93,-15.54],[-66.93,-15.55],[-66.94,-15.55],[-66.94,-15.56],[-66.93,-15.56],[-66.8,-15.67],[-66.81,-15.68],[-66.83,-15.71],[-66.84,-15.73],[-66.85,-15.74],[-66.86,-15.76],[-66.87,-15.77],[-66.88,-15.79],[-66.9,-15.81],[-66.9,-15.82],[-66.91,-15.83],[-66.91,-15.84],[-66.9,-15.85],[-66.9,-15.87],[-66.88,-15.87],[-66.88,-15.89],[-66.89,-15.89],[-66.89,-15.9],[-66.88,-15.9],[-66.88,-15.91],[-66.87,-15.91],[-66.87,-15.94],[-66.89,-15.94],[-66.89,-15.95],[-66.9,-15.95],[-66.9,-15.97],[-66.91,-15.97],[-66.91,-15.99],[-66.92,-15.99],[-66.92,-16.0],[-66.91,-16.0],[-66.92,-16.01],[-66.91,-16.01],[-66.91,-16.06],[-66.92,-16.07],[-66.92,-16.09],[-66.91,-16.09],[-66.91,-16.1],[-66.9,-16.1],[-66.9,-16.11],[-66.89,-16.11],[-66.89,-16.12],[-66.88,-16.12],[-66.88,-16.13],[-66.87,-16.13],[-66.87,-16.16],[-66.86,-16.16],[-66.86,-16.17],[-66.85,-16.17],[-66.85,-16.19],[-66.84,-16.19],[-66.84,-16.21],[-66.85,-16.21],[-66.85,-16.25],[-66.84,-16.25],[-66.84,-16.26],[-66.83,-16.26],[-66.82,-16.27],[-66.82,-16.28],[-66.81,-16.28],[-66.8,-16.29],[-66.8,-16.33],[-66.79,-16.33],[-66.79,-16.34],[-66.8,-16.34],[-66.8,-16.36],[-66.79,-16.36],[-66.79,-16.37],[-66.8,-16.37],[-66.79,-16.38],[-66.79,-16.41],[-66.78,-16.41],[-66.78,-16.43],[-66.79,-16.43],[-66.79,-16.44],[-66.78,-16.44],[-66.78,-16.47],[-66.79,-16.47],[-66.79,-16.48],[-66.78,-16.48],[-66.78,-16.49],[-66.77,-16.5],[-66.77,-16.51],[-66.78,-16.51],[-66.78,-16.52],[-66.77,-16.52],[-66.77,-16.53],[-66.76,-16.53],[-66.76,-16.55],[-66.75,-16.55],[-66.75,-16.56],[-66.74,-16.56],[-66.74,-16.58],[-66.73,-16.58],[-66.73,-16.59],[-66.74,-16.6],[-66.73,-16.6],[-66.73,-16.62],[-66.74,-16.62],[-66.74,-16.66],[-66.75,-16.66],[-66.75,-16.69],[-66.76,-16.69],[-66.76,-16.7],[-66.75,-16.7],[-66.75,-16.71],[-66.74,-16.71],[-66.74,-16.75],[-66.75,-16.76],[-66.75,-16.77],[-66.76,-16.77],[-66.76,-16.78],[-66.78,-16.78],[-66.78,-16.8],[-66.79,-16.8],[-66.79,-16.81],[-66.8,-16.81],[-66.8,-16.82],[-66.81,-16.82],[-66.81,-16.83],[-66.83,-16.83],[-66.83,-16.84],[-66.84,-16.84],[-66.84,-16.83],[-66.93,-16.83],[-66.93,-16.85],[-66.94,-16.85],[-66.94,-16.86],[-66.95,-16.86],[-66.95,-16.87],[-66.96,-16.87],[-66.96,-16.88],[-66.97,-16.88],[-66.97,-16.92],[-66.98,-16.92],[-66.98,-16.93],[-66.99,-16.93],[-66.99,-16.94],[-67.0,-16.94],[-67.0,-17.0],[-66.99,-17.0],[-66.99,-17.02],[-66.98,-17.02],[-66.98,-17.05],[-66.96,-17.05],[-66.96,-17.07],[-66.95,-17.07],[-66.95,-17.08],[-66.94,-17.08],[-66.94,-17.09],[-66.93,-17.1],[-66.93,-17.11],[-66.91,-17.11],[-66.91,-17.12],[-66.9,-17.12],[-66.9,-17.13],[-66.89,-17.13],[-66.89,-17.15],[-66.88,-17.15],[-66.88,-17.18],[-66.89,-17.18],[-66.89,-17.21],[-66.88,-17.21],[-66.88,-17.26],[-66.89,-17.26],[-66.89,-17.29],[-66.87,-17.29],[-66.87,-17.3],[-66.86,-17.3],[-66.86,-17.31],[-66.84,-17.31],[-66.84,-17.33],[-66.85,-17.33],[-66.85,-17.35],[-66.84,-17.35],[-66.85,-17.36],[-66.85,-17.38],[-66.86,-17.38],[-66.86,-17.39],[-66.87,-17.39],[-66.87,-17.41],[-66.88,-17.41],[-66.88,-17.42],[-66.87,-17.42],[-66.87,-17.43],[-66.85,-17.43],[-66.85,-17.44],[-66.84,-17.44],[-66.84,-17.45],[-66.83,-17.45],[-66.83,-17.46],[-66.84,-17.46],[-66.84,-17.47],[-66.83,-17.47],[-66.83,-17.49],[-66.82,-17.49],[-66.82,-17.52],[-66.84,-17.52],[-66.84,-17.53],[-66.86,-17.53],[-66.86,-17.54],[-66.88,-17.54],[-66.87,-17.55],[-66.87,-17.56],[-66.89,-17.56],[-66.89,-17.55],[-66.92,-17.55],[-66.91,-17.56],[-66.91,-17.57],[-66.9,-17.57],[-66.9,-17.58],[-66.91,-17.58],[-66.91,-17.59],[-66.92,-17.59],[-66.92,-17.6],[-66.93,-17.6],[-66.93,-17.62],[-66.98,-17.62],[-66.98,-17.63],[-67.01,-17.63],[-67.01,-17.61],[-67.03,-17.61],[-67.03,-17.6],[-67.04,-17.6],[-67.05,-17.59],[-67.05,-17.56],[-67.04,-17.56],[-67.04,-17.55],[-67.03,-17.55],[-67.03,-17.54],[-67.02,-17.54],[-67.02,-17.51],[-67.03,-17.51],[-67.03,-17.5],[-67.04,-17.5],[-67.04,-17.49],[-67.05,-17.49],[-67.05,-17.48],[-67.06,-17.48],[-67.06,-17.47],[-67.07,-17.47],[-67.07,-17.46],[-67.17,-17.46],[-67.17,-17.43],[-67.18,-17.42],[-67.19,-17.42],[-67.19,-17.36],[-67.2,-17.36],[-67.2,-17.35],[-67.19,-17.35],[-67.19,-17.34],[-67.21,-17.34],[-67.22,-17.35],[-67.23,-17.35],[-67.23,-17.33],[-67.24,-17.33],[-67.24,-17.32],[-67.25,-17.32],[-67.25,-17.33],[-67.27,-17.33],[-67.27,-17.34],[-67.28,-17.34],[-67.28,-17.37],[-67.3,-17.37],[-67.3,-17.38],[-67.32,-17.38],[-67.32,-17.4],[-67.31,-17.4],[-67.31,-17.41],[-67.32,-17.41],[-67.32,-17.42],[-67.33,-17.42],[-67.33,-17.43],[-67.34,-17.43],[-67.34,-17.44],[-67.37,-17.44],[-67.37,-17.46],[-67.38,-17.46],[-67.38,-17.51],[-67.39,-17.51],[-67.39,-17.52],[-67.38,-17.52],[-67.38,-17.54],[-67.39,-17.54],[-67.39,-17.55],[-67.4,-17.55],[-67.4,-17.56],[-67.43,-17.56],[-67.43,-17.55],[-67.45,-17.53],[-67.44,-17.53],[-67.45,-17.52],[-67.46,-17.52],[-67.46,-17.5],[-67.47,-17.5],[-67.47,-17.51],[-67.48,-17.51],[-67.48,-17.52],[-67.5,-17.52],[-67.5,-17.51],[-67.51,-17.52],[-67.51,-17.54],[-67.52,-17.54],[-67.52,-17.55],[-67.53,-17.55],[-67.53,-17.56],[-67.54,-17.56],[-67.54,-17.57],[-67.55,-17.57],[-67.55,-17.58],[-67.54,-17.59],[-67.52,-17.59],[-67.53,-17.6],[-67.53,-17.62],[-67.52,-17.62],[-67.52,-17.63],[-67.51,-17.63],[-67.51,-17.69],[-67.52,-17.69],[-67.54,-17.7],[-67.55,-17.71],[-67.55,-17.72],[-67.56,-17.72],[-67.56,-17.75],[-67.57,-17.75],[-67.57,-17.76],[-67.58,-17.76],[-67.59,-17.77],[-67.62,-17.77],[-67.65,-17.74],[-67.66,-17.74],[-67.67,-17.73],[-67.68,-17.73],[-67.68,-17.74],[-67.7,-17.74],[-67.7,-17.75],[-67.71,-17.76],[-67.71,-17.77],[-67.7,-17.77],[-67.7,-17.78],[-67.69,-17.78],[-67.69,-17.79],[-67.7,-17.79],[-67.7,-17.8],[-67.71,-17.8],[-67.71,-17.81],[-67.72,-17.81],[-67.72,-17.82],[-67.71,-17.82],[-67.71,-17.84],[-67.73,-17.86],[-67.75,-17.86],[-67.75,-17.87],[-67.77,-17.87],[-67.78,-17.88],[-67.79,-17.88],[-67.79,-17.87],[-67.81,-17.87],[-67.81,-17.86],[-67.82,-17.86],[-67.82,-17.85],[-67.83,-17.85],[-67.83,-17.83],[-67.84,-17.83],[-67.84,-17.84],[-67.85,-17.84],[-67.85,-17.83],[-67.86,-17.83],[-67.86,-17.81],[-67.87,-17.81],[-67.87,-17.8],[-67.88,-17.8],[-67.88,-17.78],[-67.89,-17.78],[-67.89,-17.79],[-67.94,-17.79],[-67.94,-17.75],[-67.95,-17.76],[-67.95,-17.77],[-67.96,-17.77],[-67.96,-17.76],[-67.97,-17.76],[-67.97,-17.75],[-67.96,-17.75],[-67.96,-17.72],[-67.97,-17.72],[-67.97,-17.73],[-67.98,-17.73],[-67.98,-17.74],[-67.99,-17.74],[-67.99,-17.73],[-68.0,-17.73],[-68.0,-17.72],[-68.03,-17.72],[-68.04,-17.71],[-68.07,-17.71],[-68.07,-17.7],[-68.08,-17.7],[-68.08,-17.69],[-68.09,-17.69],[-68.09,-17.68],[-68.11,-17.68],[-68.11,-17.69],[-68.12,-17.68],[-68.13,-17.68],[-68.13,-17.67],[-68.14,-17.67],[-68.14,-17.66],[-68.16,-17.66],[-68.17,-17.65],[-68.19,-17.65],[-68.19,-17.66],[-68.2,-17.66],[-68.2,-17.67],[-68.21,-17.67],[-68.21,-17.66],[-68.22,-17.65],[-68.23,-17.65],[-68.23,-17.64],[-68.25,-17.64],[-68.25,-17.63],[-68.26,-17.63],[-68.26,-17.64],[-68.27,-17.64],[-68.27,-17.62],[-68.28,-17.62],[-68.28,-17.61],[-68.3,-17.61],[-68.3,-17.59],[-68.32,-17.59],[-68.32,-17.6],[-68.34,-17.6],[-68.34,-17.59],[-68.37,-17.59],[-68.37,-17.6],[-68.38,-17.61],[-68.38,-17.62],[-68.41,-17.62],[-68.41,-17.63],[-68.42,-17.63],[-68.42,-17.64],[-68.44,-17.66],[-68.46,-17.66],[-68.46,-17.67],[-68.47,-17.68],[-68.49,-17.68],[-68.49,-17.69],[-68.5,-17.69],[-68.5,-17.7],[-68.53,-17.7],[-68.54,-17.71],[-68.54,-17.8],[-68.53,-17.8],[-68.53,-17.81],[-68.55,-17.81],[-68.55,-17.82],[-68.59,-17.82],[-68.59,-17.83],[-68.61,-17.83],[-68.61,-17.84],[-68.62,-17.84],[-68.64,-17.86],[-68.66,-17.86],[-68.66,-17.87],[-68.68,-17.87],[-68.69,-17.88],[-68.74,-17.88],[-68.74,-17.89],[-68.75,-17.89],[-68.75,-17.9],[-68.76,-17.9],[-68.76,-17.91],[-68.77,-17.91],[-68.77,-17.92],[-68.78,-17.92],[-68.78,-17.93],[-68.8,-17.93],[-68.8,-17.92],[-68.81,-17.93],[-68.83,-17.93],[-68.83,-17.94],[-68.85,-17.94],[-68.85,-17.93],[-68.9,-17.93],[-68.9,-17.95],[-68.91,-17.96],[-68.91,-17.97],[-68.92,-17.97],[-68.92,-17.98],[-68.94,-17.98],[-68.95,-17.97],[-68.97,-17.97],[-68.98,-17.98],[-68.99,-17.98],[-69.0,-17.99],[-69.01,-17.99],[-69.01,-18.0],[-69.03,-18.0],[-69.03,-18.01],[-69.04,-18.01],[-69.06,-18.03],[-69.07,-18.03],[-69.07,-18.04],[-69.08,-18.05],[-69.1,-18.03],[-69.12,-18.03],[-69.17,-18.0],[-69.19,-18.0],[-69.2,-17.99],[-69.22,-17.98],[-69.25,-17.98],[-69.25,-17.95],[-69.26,-17.96],[-69.27,-17.96],[-69.27,-17.97],[-69.28,-17.97],[-69.28,-17.96],[-69.29,-17.96],[-69.29,-17.94],[-69.3,-17.94],[-69.3,-17.92],[-69.31,-17.92],[-69.31,-17.88],[-69.3,-17.88],[-69.3,-17.87],[-69.31,-17.87],[-69.31,-17.86],[-69.3,-17.86],[-69.3,-17.83],[-69.31,-17.83],[-69.31,-17.78],[-69.32,-17.78],[-69.32,-17.77],[-69.33,-17.77],[-69.33,-17.73],[-69.34,-17.73],[-69.34,-17.72],[-69.37,-17.69],[-69.4,-17.67],[-69.43,-17.64],[-69.45,-17.61],[-69.46,-17.61],[-69.46,-17.6],[-69.47,-17.59],[-69.47,-17.37],[-69.48,-17.36],[-69.49,-17.36],[-69.54,-17.31],[-69.57,-17.29],[-69.6,-17.29],[-69.64,-17.28],[-69.64,-17.27],[-69.63,-17.27],[-69.62,-17.26],[-69.61,-17.24],[-69.6,-17.23],[-69.6,-17.21],[-69.59,-17.21],[-69.59,-17.2],[-69.57,-17.2],[-69.57,-17.18],[-69.56,-17.17],[-69.56,-17.16],[-69.51,-17.15],[-69.5,-17.13],[-69.49,-17.13],[-69.49,-17.12],[-69.48,-17.12],[-69.48,-17.11],[-69.47,-17.11],[-69.47,-17.1],[-69.46,-17.1],[-69.45,-17.09],[-69.44,-17.09],[-69.44,-17.1],[-69.43,-17.11],[-69.42,-17.1],[-69.41,-17.1],[-69.4,-17.09],[-69.39,-17.09],[-69.39,-17.08],[-69.38,-17.07],[-69.37,-17.07],[-69.37,-17.04],[-69.38,-17.04],[-69.39,-17.03],[-69.39,-17.01],[-69.38,-17.01],[-69.38,-17.0],[-69.37,-16.98],[-69.33,-16.98],[-69.33,-16.96],[-69.32,-16.96],[-69.32,-16.94],[-69.31,-16.93],[-69.31,-16.92],[-69.21,-16.82],[-69.2,-16.8],[-69.2,-16.79],[-69.19,-16.79],[-69.18,-16.78],[-69.18,-16.74],[-69.17,-16.73],[-69.17,-16.72],[-69.15,-16.72],[-69.15,-16.71],[-69.1,-16.71],[-69.09,-16.7],[-69.08,-16.7],[-69.08,-16.69],[-69.06,-16.69],[-69.05,-16.68],[-69.03,-16.68],[-69.03,-16.67],[-69.01,-16.67],[-69.01,-16.66],[-69.0,-16.66],[-69.0,-16.65],[-69.02,-16.63],[-69.02,-16.61],[-69.03,-16.61],[-69.03,-16.58],[-69.04,-16.57],[-69.04,-16.56],[-69.03,-16.55],[-69.03,-16.53],[-69.02,-16.53],[-69.02,-16.51],[-69.01,-16.51],[-69.01,-16.49],[-69.0,-16.46],[-68.98,-16.43],[-68.81,-16.34],[-68.81,-16.31],[-68.89,-16.26],[-68.96,-16.19],[-68.99,-16.19],[-68.99,-16.2],[-69.01,-16.2],[-69.01,-16.22],[-69.02,-16.22],[-69.02,-16.21],[-69.03,-16.21],[-69.03,-16.2],[-69.04,-16.2],[-69.05,-16.19],[-69.06,-16.2],[-69.06,-16.21],[-69.07,-16.21],[-69.08,-16.22],[-69.1,-16.22],[-69.24,-16.14],[-69.29,-16.0],[-69.28,-16.0],[-69.29,-15.99],[-69.29,-15.98],[-69.3,-15.96],[-69.3,-15.95],[-69.31,-15.93],[-69.31,-15.91],[-69.32,-15.9],[-69.32,-15.88],[-69.33,-15.87],[-69.33,-15.84],[-69.34,-15.84],[-69.34,-15.81],[-69.35,-15.8],[-69.35,-15.78],[-69.36,-15.77],[-69.36,-15.75],[-69.37,-15.74],[-69.37,-15.73],[-69.38,-15.71],[-69.38,-15.7],[-69.39,-15.68],[-69.39,-15.66],[-69.4,-15.64],[-69.4,-15.62],[-69.41,-15.62],[-69.41,-15.61],[-69.4,-15.61],[-69.4,-15.6],[-69.39,-15.6],[-69.38,-15.59],[-69.38,-15.58],[-69.37,-15.58],[-69.37,-15.57],[-69.36,-15.57],[-69.36,-15.56],[-69.35,-15.56],[-69.35,-15.55],[-69.34,-15.55],[-69.34,-15.54],[-69.31,-15.51],[-69.31,-15.48],[-69.3,-15.48],[-69.31,-15.47],[-69.31,-15.46],[-69.3,-15.46],[-69.3,-15.45],[-69.29,-15.44],[-69.29,-15.43],[-69.25,-15.47],[-69.25,-15.46],[-69.24,-15.46],[-69.23,-15.44],[-69.25,-15.42],[-69.26,-15.37],[-69.25,-15.37],[-69.24,-15.36],[-69.24,-15.34],[-69.21,-15.31],[-69.2,-15.32],[-69.19,-15.31],[-69.19,-15.29],[-69.18,-15.27],[-69.17,-15.26],[-69.16,-15.26],[-69.15,-15.27],[-69.15,-15.26],[-69.14,-15.26],[-69.14,-15.25],[-69.13,-15.25],[-69.13,-15.26],[-69.12,-15.26],[-69.12,-15.24],[-69.13,-15.24],[-69.13,-15.22],[-69.14,-15.22],[-69.14,-15.21],[-69.15,-15.21],[-69.15,-15.19],[-69.17,-15.19],[-69.17,-15.18],[-69.18,-15.18],[-69.18,-15.16],[-69.19,-15.16],[-69.19,-15.15],[-69.2,-15.15],[-69.2,-15.14],[-69.21,-15.14],[-69.21,-15.13],[-69.23,-15.13],[-69.23,-15.12],[-69.24,-15.12],[-69.24,-15.11],[-69.28,-15.11],[-69.28,-15.09],[-69.29,-15.08],[-69.29,-15.07],[-69.3,-15.07]],[[-68.9,-13.46],[-68.89,-13.46],[-68.9,-13.45],[-68.9,-13.46]],[[-68.66,-12.53],[-68.65,-12.53],[-68.65,-12.52],[-68.66,-12.52],[-68.66,-12.53]],[[-67.26,-13.25],[-67.27,-13.25],[-67.27,-13.24],[-67.29,-13.24],[-67.29,-13.26],[-67.26,-13.26],[-67.26,-13.25]],[[-67.29,-13.27],[-67.3,-13.27],[-67.3,-13.29],[-67.29,-13.29],[-67.29,-13.27]],[[-67.45,-13.73],[-67.45,-13.71],[-67.46,-13.71],[-67.46,-13.73],[-67.45,-13.73]],[[-67.53,-14.64],[-67.53,-14.65],[-67.52,-14.65],[-67.52,-14.64],[-67.53,-14.64]],[[-67.93,-17.75],[-67.93,-17.74],[-67.94,-17.74],[-67.94,-17.75],[-67.93,-17.75]]],[[[-67.44,-13.82],[-67.44,-13.83],[-67.45,-13.83],[-67.47,-13.82],[-67.49,-13.82],[-67.49,-13.81],[-67.47,-13.81],[-67.47,-13.8],[-67.45,-13.8],[-67.45,-13.81],[-67.46,-13.81],[-67.46,-13.82],[-67.44,-13.82]]],[[[-67.12,-13.06],[-67.11,-13.05],[-67.11,-13.04],[-67.1,-13.04],[-67.1,-13.06],[-67.12,-13.06]]],[[[-66.97,-12.84],[-66.97,-12.85],[-66.98,-12.85],[-66.98,-12.84],[-66.97,-12.84]]],[[[-68.79,-12.73],[-68.78,-12.73],[-68.78,-12.74],[-68.79,-12.73]]],[[[-68.74,-12.69],[-68.73,-12.69],[-68.74,-12.7],[-68.74,-12.69]]]]}},{"type":"Feature","properties":{"id":"dep-OR","nombre":"Oruro","nivel":"departamento","municipio":null,"provincia":null,"departamento":"Oruro","fuente":"YoViajo/geodatos (límites departamentales)"},"geometry":{"type":"MultiPolygon","coordinates":[[[[-67.58,-19.78],[-67.58,-19.77],[-67.57,-19.77],[-67.57,-19.78],[-67.58,-19.78]]],[[[-67.58,-19.73],[-67.59,-19.74],[-67.59,-19.73],[-67.58,-19.73]]],[[[-67.66,-19.69],[-67.67,-19.68],[-67.66,-19.68],[-67.66,-19.69]]],[[[-68.18,-19.61],[-68.17,-19.61],[-68.18,-19.62],[-68.18,-19.61]]],[[[-68.42,-19.55],[-68.41,-19.55],[-68.41,-19.56],[-68.42,-19.56],[-68.42,-19.55]]],[[[-68.4,-19.55],[-68.4,-19.54],[-68.41,-19.54],[-68.41,-19.53],[-68.39,-19.53],[-68.39,-19.55],[-68.4,-19.55]]],[[[-67.55,-19.8],[-67.55,-19.81],[-67.54,-19.81],[-67.54,-19.82],[-67.53,-19.82],[-67.53,-19.85],[-67.54,-19.85],[-67.54,-19.86],[-67.56,-19.86],[-67.56,-19.88],[-67.57,-19.88],[-67.57,-19.87],[-67.6,-19.87],[-67.6,-19.86],[-67.61,-19.86],[-67.61,-19.85],[-67.62,-19.85],[-67.62,-19.84],[-67.64,-19.84],[-67.64,-19.83],[-67.66,-19.83],[-67.67,-19.82],[-67.69,-19.82],[-67.69,-19.81],[-67.71,-19.81],[-67.71,-19.8],[-67.79,-19.8],[-67.8,-19.81],[-67.82,-19.81],[-67.83,-19.8],[-67.83,-19.79],[-67.84,-19.79],[-67.87,-19.76],[-67.89,-19.76],[-67.9,-19.75],[-67.91,-19.75],[-67.91,-19.74],[-67.93,-19.73],[-67.96,-19.73],[-67.96,-19.72],[-67.97,-19.71],[-67.97,-19.7],[-68.0,-19.67],[-68.0,-19.66],[-68.01,-19.65],[-68.02,-19.65],[-68.02,-19.64],[-68.03,-19.63],[-68.03,-19.62],[-68.04,-19.62],[-68.06,-19.6],[-68.08,-19.59],[-68.09,-19.58],[-68.09,-19.59],[-68.12,-19.59],[-68.13,-19.6],[-68.15,-19.6],[-68.15,-19.61],[-68.17,-19.61],[-68.17,-19.6],[-68.18,-19.6],[-68.19,-19.59],[-68.2,-19.59],[-68.2,-19.6],[-68.19,-19.6],[-68.19,-19.62],[-68.2,-19.62],[-68.2,-19.63],[-68.21,-19.63],[-68.21,-19.65],[-68.23,-19.65],[-68.23,-19.67],[-68.24,-19.67],[-68.24,-19.69],[-68.26,-19.69],[-68.26,-19.65],[-68.24,-19.65],[-68.24,-19.64],[-68.25,-19.64],[-68.25,-19.63],[-68.26,-19.63],[-68.26,-19.62],[-68.27,-19.62],[-68.27,-19.6],[-68.26,-19.6],[-68.26,-19.59],[-68.28,-19.59],[-68.28,-19.58],[-68.29,-19.58],[-68.29,-19.56],[-68.3,-19.56],[-68.3,-19.55],[-68.32,-19.55],[-68.32,-19.54],[-68.35,-19.54],[-68.35,-19.53],[-68.36,-19.53],[-68.36,-19.52],[-68.38,-19.52],[-68.38,-19.53],[-68.39,-19.53],[-68.39,-19.51],[-68.38,-19.51],[-68.38,-19.5],[-68.39,-19.5],[-68.39,-19.49],[-68.4,-19.49],[-68.4,-19.46],[-68.41,-19.46],[-68.41,-19.44],[-68.43,-19.44],[-68.43,-19.43],[-68.41,-19.43],[-68.41,-19.42],[-68.4,-19.42],[-68.4,-19.41],[-68.41,-19.41],[-68.41,-19.4],[-68.42,-19.4],[-68.42,-19.39],[-68.43,-19.39],[-68.43,-19.38],[-68.44,-19.38],[-68.44,-19.37],[-68.45,-19.37],[-68.45,-19.36],[-68.46,-19.36],[-68.46,-19.35],[-68.47,-19.35],[-68.48,-19.34],[-68.49,-19.34],[-68.49,-19.33],[-68.5,-19.33],[-68.5,-19.32],[-68.51,-19.32],[-68.51,-19.31],[-68.52,-19.31],[-68.52,-19.3],[-68.53,-19.3],[-68.54,-19.29],[-68.56,-19.29],[-68.57,-19.28],[-68.61,-19.28],[-68.62,-19.27],[-68.62,-19.26],[-68.63,-19.25],[-68.63,-19.24],[-68.64,-19.24],[-68.64,-19.23],[-68.65,-19.23],[-68.65,-19.22],[-68.66,-19.22],[-68.67,-19.21],[-68.67,-19.2],[-68.69,-19.19],[-68.69,-19.18],[-68.71,-19.17],[-68.71,-19.16],[-68.72,-19.16],[-68.73,-19.15],[-68.73,-19.14],[-68.74,-19.14],[-68.76,-19.12],[-68.77,-19.12],[-68.77,-19.11],[-68.79,-19.1],[-68.79,-19.09],[-68.8,-19.08],[-68.82,-19.08],[-68.82,-19.07],[-68.84,-19.07],[-68.85,-19.06],[-68.87,-19.06],[-68.89,-19.04],[-68.9,-19.02],[-68.9,-19.01],[-68.91,-19.01],[-68.91,-18.99],[-68.92,-18.99],[-68.92,-18.97],[-68.95,-18.96],[-68.96,-18.94],[-68.91,-18.89],[-68.92,-18.84],[-68.94,-18.82],[-68.94,-18.8],[-68.95,-18.79],[-68.95,-18.78],[-68.96,-18.78],[-68.96,-18.77],[-68.97,-18.77],[-68.97,-18.76],[-68.98,-18.76],[-68.98,-18.75],[-68.99,-18.75],[-68.98,-18.74],[-68.98,-18.73],[-68.97,-18.72],[-68.98,-18.72],[-68.98,-18.71],[-68.99,-18.7],[-68.99,-18.69],[-68.98,-18.68],[-68.98,-18.67],[-68.99,-18.67],[-68.99,-18.66],[-69.01,-18.64],[-69.01,-18.6],[-69.0,-18.58],[-69.01,-18.58],[-69.02,-18.57],[-69.01,-18.53],[-69.03,-18.47],[-69.03,-18.46],[-69.02,-18.46],[-69.04,-18.44],[-69.04,-18.43],[-69.05,-18.41],[-69.05,-18.33],[-69.04,-18.33],[-69.04,-18.31],[-69.06,-18.31],[-69.06,-18.3],[-69.07,-18.3],[-69.07,-18.25],[-69.06,-18.24],[-69.09,-18.22],[-69.12,-18.19],[-69.13,-18.17],[-69.14,-18.17],[-69.14,-18.16],[-69.13,-18.12],[-69.11,-18.11],[-69.07,-18.07],[-69.08,-18.05],[-69.07,-18.04],[-69.07,-18.03],[-69.06,-18.03],[-69.04,-18.01],[-69.03,-18.01],[-69.03,-18.0],[-69.01,-18.0],[-69.01,-17.99],[-69.0,-17.99],[-68.99,-17.98],[-68.98,-17.98],[-68.97,-17.97],[-68.95,-17.97],[-68.94,-17.98],[-68.92,-17.98],[-68.92,-17.97],[-68.91,-17.97],[-68.91,-17.96],[-68.9,-17.95],[-68.9,-17.93],[-68.85,-17.93],[-68.85,-17.94],[-68.83,-17.94],[-68.83,-17.93],[-68.81,-17.93],[-68.8,-17.92],[-68.8,-17.93],[-68.78,-17.93],[-68.78,-17.92],[-68.77,-17.92],[-68.77,-17.91],[-68.76,-17.91],[-68.76,-17.9],[-68.75,-17.9],[-68.75,-17.89],[-68.74,-17.89],[-68.74,-17.88],[-68.69,-17.88],[-68.68,-17.87],[-68.66,-17.87],[-68.66,-17.86],[-68.64,-17.86],[-68.62,-17.84],[-68.61,-17.84],[-68.61,-17.83],[-68.59,-17.83],[-68.59,-17.82],[-68.55,-17.82],[-68.55,-17.81],[-68.53,-17.81],[-68.53,-17.8],[-68.54,-17.8],[-68.54,-17.71],[-68.53,-17.7],[-68.5,-17.7],[-68.5,-17.69],[-68.49,-17.69],[-68.49,-17.68],[-68.47,-17.68],[-68.46,-17.67],[-68.46,-17.66],[-68.44,-17.66],[-68.42,-17.64],[-68.42,-17.63],[-68.41,-17.63],[-68.41,-17.62],[-68.38,-17.62],[-68.38,-17.61],[-68.37,-17.6],[-68.37,-17.59],[-68.34,-17.59],[-68.34,-17.6],[-68.32,-17.6],[-68.32,-17.59],[-68.3,-17.59],[-68.3,-17.61],[-68.28,-17.61],[-68.28,-17.62],[-68.27,-17.62],[-68.27,-17.64],[-68.26,-17.64],[-68.26,-17.63],[-68.25,-17.63],[-68.25,-17.64],[-68.23,-17.64],[-68.23,-17.65],[-68.22,-17.65],[-68.21,-17.66],[-68.21,-17.67],[-68.2,-17.67],[-68.2,-17.66],[-68.19,-17.66],[-68.19,-17.65],[-68.17,-17.65],[-68.16,-17.66],[-68.14,-17.66],[-68.14,-17.67],[-68.13,-17.67],[-68.13,-17.68],[-68.12,-17.68],[-68.11,-17.69],[-68.11,-17.68],[-68.09,-17.68],[-68.09,-17.69],[-68.08,-17.69],[-68.08,-17.7],[-68.07,-17.7],[-68.07,-17.71],[-68.04,-17.71],[-68.03,-17.72],[-68.0,-17.72],[-68.0,-17.73],[-67.99,-17.73],[-67.99,-17.74],[-67.98,-17.74],[-67.98,-17.73],[-67.97,-17.73],[-67.97,-17.72],[-67.96,-17.72],[-67.96,-17.75],[-67.97,-17.75],[-67.97,-17.76],[-67.96,-17.76],[-67.96,-17.77],[-67.95,-17.77],[-67.95,-17.76],[-67.94,-17.75],[-67.94,-17.79],[-67.89,-17.79],[-67.89,-17.78],[-67.88,-17.78],[-67.88,-17.8],[-67.87,-17.8],[-67.87,-17.81],[-67.86,-17.81],[-67.86,-17.83],[-67.85,-17.83],[-67.85,-17.84],[-67.84,-17.84],[-67.84,-17.83],[-67.83,-17.83],[-67.83,-17.85],[-67.82,-17.85],[-67.82,-17.86],[-67.81,-17.86],[-67.81,-17.87],[-67.79,-17.87],[-67.79,-17.88],[-67.78,-17.88],[-67.77,-17.87],[-67.75,-17.87],[-67.75,-17.86],[-67.73,-17.86],[-67.71,-17.84],[-67.71,-17.82],[-67.72,-17.82],[-67.72,-17.81],[-67.71,-17.81],[-67.71,-17.8],[-67.7,-17.8],[-67.7,-17.79],[-67.69,-17.79],[-67.69,-17.78],[-67.7,-17.78],[-67.7,-17.77],[-67.71,-17.77],[-67.71,-17.76],[-67.7,-17.75],[-67.7,-17.74],[-67.68,-17.74],[-67.68,-17.73],[-67.67,-17.73],[-67.66,-17.74],[-67.65,-17.74],[-67.62,-17.77],[-67.59,-17.77],[-67.58,-17.76],[-67.57,-17.76],[-67.57,-17.75],[-67.56,-17.75],[-67.56,-17.72],[-67.55,-17.72],[-67.55,-17.71],[-67.54,-17.7],[-67.52,-17.69],[-67.51,-17.69],[-67.51,-17.63],[-67.52,-17.63],[-67.52,-17.62],[-67.53,-17.62],[-67.53,-17.6],[-67.52,-17.59],[-67.54,-17.59],[-67.55,-17.58],[-67.55,-17.57],[-67.54,-17.57],[-67.54,-17.56],[-67.53,-17.56],[-67.53,-17.55],[-67.52,-17.55],[-67.52,-17.54],[-67.51,-17.54],[-67.51,-17.52],[-67.5,-17.51],[-67.5,-17.52],[-67.48,-17.52],[-67.48,-17.51],[-67.47,-17.51],[-67.47,-17.5],[-67.46,-17.5],[-67.46,-17.52],[-67.45,-17.52],[-67.44,-17.53],[-67.45,-17.53],[-67.43,-17.55],[-67.43,-17.56],[-67.4,-17.56],[-67.4,-17.55],[-67.39,-17.55],[-67.39,-17.54],[-67.38,-17.54],[-67.38,-17.52],[-67.39,-17.52],[-67.39,-17.51],[-67.38,-17.51],[-67.38,-17.46],[-67.37,-17.46],[-67.37,-17.44],[-67.34,-17.44],[-67.34,-17.43],[-67.33,-17.43],[-67.33,-17.42],[-67.32,-17.42],[-67.32,-17.41],[-67.31,-17.41],[-67.31,-17.4],[-67.32,-17.4],[-67.32,-17.38],[-67.3,-17.38],[-67.3,-17.37],[-67.28,-17.37],[-67.28,-17.34],[-67.27,-17.34],[-67.27,-17.33],[-67.25,-17.33],[-67.25,-17.32],[-67.24,-17.32],[-67.24,-17.33],[-67.23,-17.33],[-67.23,-17.35],[-67.22,-17.35],[-67.21,-17.34],[-67.19,-17.34],[-67.19,-17.35],[-67.2,-17.35],[-67.2,-17.36],[-67.19,-17.36],[-67.19,-17.42],[-67.18,-17.42],[-67.17,-17.43],[-67.17,-17.46],[-67.07,-17.46],[-67.07,-17.47],[-67.06,-17.47],[-67.06,-17.48],[-67.05,-17.48],[-67.05,-17.49],[-67.04,-17.49],[-67.04,-17.5],[-67.03,-17.5],[-67.03,-17.51],[-67.02,-17.51],[-67.02,-17.54],[-67.03,-17.54],[-67.03,-17.55],[-67.04,-17.55],[-67.04,-17.56],[-67.05,-17.56],[-67.05,-17.59],[-67.04,-17.6],[-67.03,-17.6],[-67.03,-17.61],[-67.01,-17.61],[-67.01,-17.63],[-66.98,-17.63],[-66.98,-17.62],[-66.92,-17.62],[-66.92,-17.66],[-66.91,-17.66],[-66.91,-17.67],[-66.9,-17.67],[-66.9,-17.68],[-66.89,-17.68],[-66.89,-17.7],[-66.88,-17.7],[-66.88,-17.71],[-66.87,-17.71],[-66.87,-17.73],[-66.86,-17.73],[-66.86,-17.74],[-66.87,-17.74],[-66.87,-17.75],[-66.84,-17.75],[-66.84,-17.76],[-66.83,-17.76],[-66.83,-17.77],[-66.8,-17.77],[-66.8,-17.78],[-66.79,-17.78],[-66.79,-17.79],[-66.77,-17.79],[-66.77,-17.8],[-66.76,-17.8],[-66.76,-17.81],[-66.75,-17.82],[-66.75,-17.83],[-66.73,-17.83],[-66.73,-17.84],[-66.72,-17.84],[-66.72,-17.85],[-66.73,-17.85],[-66.73,-17.87],[-66.71,-17.87],[-66.71,-17.89],[-66.73,-17.9],[-66.74,-17.9],[-66.74,-17.89],[-66.78,-17.89],[-66.78,-17.9],[-66.77,-17.9],[-66.77,-17.91],[-66.76,-17.92],[-66.76,-17.95],[-66.77,-17.95],[-66.77,-17.97],[-66.76,-17.97],[-66.76,-17.99],[-66.77,-17.99],[-66.77,-18.0],[-66.78,-18.01],[-66.8,-18.01],[-66.8,-18.02],[-66.82,-18.02],[-66.82,-18.03],[-66.81,-18.03],[-66.81,-18.04],[-66.8,-18.04],[-66.8,-18.05],[-66.79,-18.05],[-66.79,-18.07],[-66.8,-18.07],[-66.8,-18.08],[-66.81,-18.08],[-66.81,-18.1],[-66.79,-18.1],[-66.79,-18.12],[-66.78,-18.12],[-66.78,-18.13],[-66.76,-18.13],[-66.76,-18.14],[-66.77,-18.14],[-66.77,-18.16],[-66.76,-18.16],[-66.76,-18.17],[-66.75,-18.17],[-66.75,-18.19],[-66.74,-18.19],[-66.74,-18.22],[-66.73,-18.22],[-66.73,-18.23],[-66.71,-18.23],[-66.71,-18.24],[-66.7,-18.24],[-66.7,-18.23],[-66.65,-18.23],[-66.65,-18.24],[-66.64,-18.24],[-66.63,-18.23],[-66.56,-18.23],[-66.56,-18.24],[-66.53,-18.24],[-66.53,-18.26],[-66.54,-18.26],[-66.54,-18.27],[-66.57,-18.27],[-66.58,-18.28],[-66.64,-18.28],[-66.64,-18.29],[-66.67,-18.29],[-66.67,-18.3],[-66.68,-18.3],[-66.68,-18.31],[-66.71,-18.31],[-66.71,-18.32],[-66.73,-18.32],[-66.73,-18.33],[-66.74,-18.33],[-66.74,-18.34],[-66.73,-18.34],[-66.73,-18.35],[-66.72,-18.35],[-66.72,-18.36],[-66.71,-18.37],[-66.71,-18.38],[-66.7,-18.38],[-66.72,-18.39],[-66.72,-18.4],[-66.73,-18.4],[-66.73,-18.41],[-66.74,-18.41],[-66.74,-18.44],[-66.73,-18.45],[-66.73,-18.46],[-66.72,-18.46],[-66.72,-18.47],[-66.71,-18.48],[-66.71,-18.5],[-66.7,-18.5],[-66.7,-18.51],[-66.71,-18.51],[-66.71,-18.54],[-66.7,-18.55],[-66.7,-18.57],[-66.69,-18.59],[-66.67,-18.59],[-66.67,-18.61],[-66.66,-18.61],[-66.66,-18.67],[-66.65,-18.67],[-66.65,-18.68],[-66.66,-18.68],[-66.66,-18.7],[-66.63,-18.7],[-66.63,-18.71],[-66.62,-18.72],[-66.61,-18.72],[-66.61,-18.73],[-66.59,-18.73],[-66.59,-18.74],[-66.57,-18.74],[-66.57,-18.75],[-66.56,-18.75],[-66.55,-18.76],[-66.52,-18.76],[-66.5,-18.77],[-66.49,-18.77],[-66.47,-18.75],[-66.47,-18.73],[-66.46,-18.73],[-66.43,-18.7],[-66.42,-18.7],[-66.42,-18.69],[-66.4,-18.69],[-66.4,-18.68],[-66.38,-18.68],[-66.38,-18.69],[-66.33,-18.69],[-66.33,-18.72],[-66.34,-18.72],[-66.34,-18.73],[-66.33,-18.73],[-66.33,-18.75],[-66.32,-18.75],[-66.32,-18.76],[-66.33,-18.76],[-66.32,-18.77],[-66.32,-18.84],[-66.3,-18.84],[-66.3,-18.85],[-66.29,-18.85],[-66.29,-18.87],[-66.3,-18.88],[-66.3,-18.92],[-66.29,-18.92],[-66.29,-18.97],[-66.3,-18.98],[-66.3,-18.99],[-66.29,-18.99],[-66.29,-19.0],[-66.28,-19.01],[-66.26,-19.01],[-66.25,-19.0],[-66.24,-19.0],[-66.24,-18.99],[-66.21,-18.99],[-66.21,-18.98],[-66.19,-18.98],[-66.19,-18.97],[-66.18,-18.97],[-66.18,-18.99],[-66.17,-18.99],[-66.17,-19.0],[-66.16,-19.02],[-66.14,-19.03],[-66.13,-19.03],[-66.13,-19.04],[-66.12,-19.04],[-66.11,-19.05],[-66.09,-19.05],[-66.09,-19.06],[-66.08,-19.07],[-66.08,-19.11],[-66.11,-19.11],[-66.11,-19.13],[-66.12,-19.13],[-66.12,-19.16],[-66.11,-19.16],[-66.11,-19.18],[-66.12,-19.18],[-66.12,-19.2],[-66.13,-19.21],[-66.13,-19.23],[-66.15,-19.23],[-66.15,-19.22],[-66.18,-19.22],[-66.18,-19.23],[-66.19,-19.23],[-66.19,-19.24],[-66.2,-19.25],[-66.22,-19.25],[-66.23,-19.26],[-66.22,-19.26],[-66.24,-19.28],[-66.24,-19.29],[-66.27,-19.29],[-66.27,-19.32],[-66.29,-19.32],[-66.29,-19.33],[-66.3,-19.33],[-66.3,-19.35],[-66.31,-19.35],[-66.31,-19.37],[-66.32,-19.37],[-66.32,-19.38],[-66.33,-19.38],[-66.33,-19.39],[-66.34,-19.39],[-66.34,-19.41],[-66.4,-19.41],[-66.41,-19.4],[-66.47,-19.4],[-66.47,-19.39],[-66.48,-19.4],[-66.49,-19.4],[-66.49,-19.38],[-66.5,-19.38],[-66.5,-19.39],[-66.51,-19.39],[-66.51,-19.4],[-66.55,-19.4],[-66.55,-19.41],[-66.56,-19.41],[-66.57,-19.4],[-66.58,-19.4],[-66.58,-19.42],[-66.64,-19.42],[-66.64,-19.43],[-66.67,-19.43],[-66.67,-19.44],[-66.72,-19.44],[-66.72,-19.43],[-66.75,-19.43],[-66.75,-19.42],[-66.76,-19.42],[-66.76,-19.43],[-66.79,-19.43],[-66.79,-19.44],[-66.8,-19.44],[-66.8,-19.45],[-66.81,-19.45],[-66.81,-19.46],[-66.83,-19.46],[-66.83,-19.45],[-66.85,-19.45],[-66.85,-19.44],[-66.86,-19.44],[-66.86,-19.43],[-66.87,-19.43],[-66.87,-19.42],[-66.88,-19.42],[-66.88,-19.41],[-66.89,-19.41],[-66.9,-19.4],[-66.91,-19.4],[-66.91,-19.39],[-66.93,-19.39],[-66.93,-19.38],[-66.94,-19.38],[-66.94,-19.37],[-66.95,-19.37],[-66.95,-19.36],[-66.96,-19.36],[-66.96,-19.37],[-66.99,-19.37],[-66.99,-19.38],[-67.0,-19.38],[-67.0,-19.37],[-67.04,-19.37],[-67.04,-19.38],[-67.05,-19.38],[-67.05,-19.37],[-67.07,-19.37],[-67.07,-19.36],[-67.09,-19.36],[-67.09,-19.38],[-67.1,-19.39],[-67.1,-19.4],[-67.11,-19.4],[-67.11,-19.41],[-67.13,-19.41],[-67.14,-19.42],[-67.15,-19.42],[-67.16,-19.43],[-67.16,-19.44],[-67.19,-19.44],[-67.19,-19.45],[-67.2,-19.45],[-67.2,-19.44],[-67.23,-19.44],[-67.23,-19.43],[-67.27,-19.43],[-67.27,-19.44],[-67.26,-19.44],[-67.26,-19.46],[-67.25,-19.46],[-67.25,-19.47],[-67.24,-19.47],[-67.24,-19.48],[-67.22,-19.48],[-67.22,-19.5],[-67.23,-19.5],[-67.23,-19.53],[-67.24,-19.53],[-67.24,-19.56],[-67.25,-19.56],[-67.25,-19.57],[-67.24,-19.57],[-67.24,-19.58],[-67.22,-19.58],[-67.22,-19.59],[-67.21,-19.59],[-67.21,-19.6],[-67.2,-19.6],[-67.2,-19.61],[-67.21,-19.61],[-67.21,-19.67],[-67.22,-19.67],[-67.22,-19.66],[-67.24,-19.66],[-67.24,-19.65],[-67.25,-19.65],[-67.25,-19.64],[-67.26,-19.64],[-67.26,-19.63],[-67.27,-19.63],[-67.27,-19.65],[-67.28,-19.65],[-67.28,-19.66],[-67.32,-19.66],[-67.32,-19.65],[-67.33,-19.65],[-67.33,-19.64],[-67.34,-19.64],[-67.34,-19.65],[-67.37,-19.65],[-67.37,-19.66],[-67.4,-19.66],[-67.4,-19.63],[-67.41,-19.63],[-67.41,-19.62],[-67.42,-19.62],[-67.42,-19.61],[-67.43,-19.61],[-67.43,-19.6],[-67.44,-19.6],[-67.44,-19.59],[-67.45,-19.59],[-67.45,-19.58],[-67.44,-19.58],[-67.44,-19.57],[-67.45,-19.57],[-67.45,-19.55],[-67.46,-19.55],[-67.46,-19.54],[-67.47,-19.54],[-67.47,-19.53],[-67.48,-19.53],[-67.48,-19.56],[-67.49,-19.56],[-67.49,-19.59],[-67.5,-19.59],[-67.51,-19.58],[-67.51,-19.59],[-67.52,-19.59],[-67.52,-19.6],[-67.53,-19.6],[-67.53,-19.61],[-67.54,-19.61],[-67.54,-19.63],[-67.55,-19.63],[-67.55,-19.62],[-67.56,-19.62],[-67.56,-19.61],[-67.57,-19.61],[-67.57,-19.62],[-67.58,-19.62],[-67.59,-19.63],[-67.61,-19.63],[-67.61,-19.64],[-67.63,-19.64],[-67.63,-19.65],[-67.64,-19.65],[-67.64,-19.64],[-67.67,-19.64],[-67.67,-19.68],[-67.68,-19.68],[-67.68,-19.69],[-67.67,-19.69],[-67.66,-19.69],[-67.65,-19.69],[-67.65,-19.71],[-67.64,-19.71],[-67.64,-19.73],[-67.65,-19.73],[-67.65,-19.74],[-67.67,-19.74],[-67.69,-19.76],[-67.67,-19.76],[-67.67,-19.75],[-67.66,-19.75],[-67.66,-19.76],[-67.61,-19.76],[-67.61,-19.77],[-67.59,-19.77],[-67.59,-19.78],[-67.58,-19.78],[-67.58,-19.79],[-67.56,-19.79],[-67.56,-19.78],[-67.54,-19.78],[-67.53,-19.79],[-67.54,-19.79],[-67.55,-19.8]],[[-68.2,-19.58],[-68.23,-19.58],[-68.23,-19.59],[-68.24,-19.59],[-68.24,-19.6],[-68.21,-19.6],[-68.21,-19.59],[-68.2,-19.59],[-68.2,-19.58]],[[-68.23,-19.57],[-68.24,-19.56],[-68.26,-19.56],[-68.26,-19.57],[-68.24,-19.57],[-68.24,-19.58],[-68.23,-19.58],[-68.23,-19.57]],[[-68.26,-19.55],[-68.28,-19.55],[-68.28,-19.56],[-68.26,-19.56],[-68.26,-19.55]],[[-68.25,-19.62],[-68.25,-19.61],[-68.26,-19.61],[-68.26,-19.62],[-68.25,-19.62]],[[-67.87,-17.83],[-67.87,-17.84],[-67.86,-17.84],[-67.86,-17.83],[-67.87,-17.83]]],[[[-67.93,-17.75],[-67.94,-17.75],[-67.94,-17.74],[-67.93,-17.74],[-67.93,-17.75]]],[[[-67.56,-19.77],[-67.56,-19.78],[-67.57,-19.77],[-67.57,-19.76],[-67.56,-19.77]]],[[[-67.57,-19.67],[-67.56,-19.66],[-67.56,-19.67],[-67.57,-19.67]]],[[[-67.36,-19.67],[-67.36,-19.66],[-67.34,-19.66],[-67.34,-19.67],[-67.36,-19.67]]],[[[-67.54,-19.67],[-67.55,-19.67],[-67.55,-19.66],[-67.54,-19.65],[-67.53,-19.65],[-67.53,-19.66],[-67.54,-19.66],[-67.54,-19.67]]],[[[-67.49,-19.64],[-67.49,-19.66],[-67.46,-19.66],[-67.46,-19.67],[-67.51,-19.67],[-67.51,-19.68],[-67.52,-19.67],[-67.52,-19.66],[-67.51,-19.66],[-67.51,-19.63],[-67.5,-19.63],[-67.5,-19.64],[-67.49,-19.64]]],[[[-67.54,-19.64],[-67.54,-19.65],[-67.56,-19.65],[-67.56,-19.64],[-67.54,-19.64]]],[[[-67.49,-19.64],[-67.49,-19.62],[-67.48,-19.62],[-67.48,-19.64],[-67.49,-19.64]]]]}},{"type":"Feature","properties":{"id":"dep-PA","nombre":"Pando","nivel":"departamento","municipio":null,"provincia":null,"departamento":"Pando","fuente":"YoViajo/geodatos (límites departamentales)"},"geometry":{"type":"MultiPolygon","coordinates":[[[[-66.97,-12.49],[-66.97,-12.485],[-66.96,-12.49],[-66.97,-12.49]]],[[[-69.21,-10.96],[-69.2,-10.96],[-69.2,-10.95],[-69.17,-10.95],[-69.17,-10.96],[-69.14,-10.96],[-69.14,-10.97],[-69.1,-10.97],[-69.1,-10.98],[-69.09,-10.98],[-69.09,-10.97],[-69.06,-10.97],[-69.06,-10.98],[-69.05,-10.98],[-69.05,-10.97],[-69.04,-10.97],[-69.04,-10.98],[-69.02,-10.98],[-69.02,-10.99],[-69.01,-10.99],[-69.01,-11.0],[-68.99,-11.0],[-68.99,-11.01],[-68.98,-11.01],[-68.98,-10.99],[-68.95,-10.99],[-68.95,-11.0],[-68.93,-11.0],[-68.93,-11.01],[-68.92,-11.01],[-68.92,-11.02],[-68.9,-11.02],[-68.9,-11.01],[-68.89,-11.01],[-68.89,-11.02],[-68.88,-11.02],[-68.88,-11.01],[-68.86,-11.01],[-68.86,-11.0],[-68.85,-11.0],[-68.85,-10.99],[-68.84,-10.99],[-68.84,-11.0],[-68.81,-11.0],[-68.81,-10.99],[-68.79,-10.99],[-68.8,-11.0],[-68.78,-11.0],[-68.78,-11.01],[-68.77,-11.01],[-68.77,-11.0],[-68.76,-11.0],[-68.76,-11.01],[-68.75,-11.01],[-68.75,-11.04],[-68.76,-11.04],[-68.76,-11.08],[-68.75,-11.08],[-68.75,-11.09],[-68.73,-11.09],[-68.73,-11.1],[-68.72,-11.1],[-68.72,-11.12],[-68.71,-11.12],[-68.71,-11.15],[-68.7,-11.14],[-68.67,-11.14],[-68.66,-11.13],[-68.62,-11.13],[-68.62,-11.12],[-68.58,-11.12],[-68.57,-11.11],[-68.55,-11.11],[-68.55,-11.1],[-68.54,-11.1],[-68.54,-11.09],[-68.52,-11.09],[-68.51,-11.08],[-68.51,-11.07],[-68.5,-11.06],[-68.49,-11.06],[-68.49,-11.05],[-68.44,-11.05],[-68.44,-11.03],[-68.43,-11.03],[-68.43,-11.04],[-68.41,-11.04],[-68.41,-11.05],[-68.39,-11.05],[-68.39,-11.02],[-68.38,-11.02],[-68.38,-11.01],[-68.36,-11.01],[-68.36,-11.0],[-68.34,-11.0],[-68.33,-11.01],[-68.32,-11.01],[-68.32,-11.0],[-68.31,-11.0],[-68.31,-10.99],[-68.27,-10.99],[-68.27,-10.97],[-68.25,-10.97],[-68.25,-10.96],[-68.23,-10.96],[-68.23,-10.92],[-68.22,-10.92],[-68.22,-10.9],[-68.21,-10.9],[-68.2,-10.89],[-68.2,-10.87],[-68.19,-10.87],[-68.19,-10.85],[-68.17,-10.85],[-68.17,-10.83],[-68.16,-10.83],[-68.16,-10.82],[-68.15,-10.82],[-68.15,-10.81],[-68.14,-10.81],[-68.14,-10.8],[-68.13,-10.8],[-68.13,-10.79],[-68.12,-10.79],[-68.12,-10.78],[-68.1,-10.78],[-68.1,-10.77],[-68.11,-10.77],[-68.11,-10.76],[-68.1,-10.76],[-68.1,-10.74],[-68.11,-10.74],[-68.11,-10.73],[-68.1,-10.73],[-68.1,-10.72],[-68.11,-10.72],[-68.11,-10.71],[-68.09,-10.71],[-68.1,-10.7],[-68.09,-10.7],[-68.09,-10.69],[-68.08,-10.69],[-68.08,-10.68],[-68.06,-10.68],[-68.06,-10.67],[-68.04,-10.67],[-68.04,-10.66],[-68.03,-10.66],[-68.03,-10.65],[-67.98,-10.65],[-67.98,-10.66],[-67.97,-10.66],[-67.97,-10.65],[-67.92,-10.65],[-67.92,-10.64],[-67.89,-10.64],[-67.89,-10.63],[-67.88,-10.63],[-67.88,-10.64],[-67.83,-10.64],[-67.84,-10.65],[-67.82,-10.65],[-67.82,-10.66],[-67.8,-10.66],[-67.8,-10.67],[-67.78,-10.67],[-67.78,-10.68],[-67.75,-10.68],[-67.75,-10.69],[-67.74,-10.69],[-67.74,-10.7],[-67.73,-10.71],[-67.73,-10.7],[-67.71,-10.7],[-67.7,-10.68],[-67.7,-10.67],[-67.69,-10.66],[-67.69,-10.63],[-67.68,-10.63],[-67.68,-10.6],[-67.67,-10.6],[-67.67,-10.61],[-67.65,-10.61],[-67.65,-10.6],[-67.64,-10.6],[-67.64,-10.58],[-67.63,-10.58],[-67.63,-10.57],[-67.61,-10.57],[-67.61,-10.55],[-67.6,-10.55],[-67.6,-10.52],[-67.58,-10.52],[-67.58,-10.51],[-67.57,-10.51],[-67.57,-10.5],[-67.56,-10.49],[-67.52,-10.49],[-67.52,-10.48],[-67.51,-10.48],[-67.51,-10.47],[-67.48,-10.47],[-67.48,-10.46],[-67.47,-10.46],[-67.47,-10.45],[-67.46,-10.45],[-67.46,-10.46],[-67.45,-10.46],[-67.45,-10.45],[-67.44,-10.45],[-67.44,-10.44],[-67.43,-10.44],[-67.43,-10.43],[-67.42,-10.43],[-67.42,-10.42],[-67.41,-10.42],[-67.41,-10.4],[-67.42,-10.4],[-67.42,-10.38],[-67.41,-10.38],[-67.41,-10.37],[-67.4,-10.37],[-67.4,-10.38],[-67.36,-10.38],[-67.36,-10.39],[-67.35,-10.39],[-67.35,-10.38],[-67.32,-10.38],[-67.32,-10.34],[-67.33,-10.34],[-67.33,-10.33],[-67.32,-10.33],[-67.32,-10.32],[-67.29,-10.32],[-67.28,-10.31],[-67.28,-10.32],[-67.27,-10.32],[-67.27,-10.33],[-67.26,-10.33],[-67.26,-10.32],[-67.24,-10.32],[-67.24,-10.31],[-67.22,-10.31],[-67.22,-10.32],[-67.19,-10.32],[-67.19,-10.33],[-67.16,-10.33],[-67.16,-10.32],[-67.15,-10.33],[-67.15,-10.32],[-67.14,-10.32],[-67.14,-10.31],[-67.14,-10.29],[-67.1,-10.29],[-67.1,-10.28],[-67.09,-10.28],[-67.09,-10.29],[-67.08,-10.29],[-67.08,-10.28],[-67.05,-10.28],[-67.05,-10.26],[-67.03,-10.26],[-67.03,-10.25],[-67.01,-10.25],[-67.01,-10.24],[-67.0,-10.24],[-67.0,-10.23],[-66.99,-10.22],[-66.99,-10.21],[-66.99,-10.2],[-66.98,-10.19],[-66.97,-10.19],[-66.96,-10.18],[-66.96,-10.19],[-66.95,-10.19],[-66.95,-10.16],[-66.94,-10.15],[-66.93,-10.15],[-66.93,-10.14],[-66.91,-10.14],[-66.91,-10.12],[-66.9,-10.12],[-66.9,-10.11],[-66.89,-10.11],[-66.89,-10.1],[-66.87,-10.1],[-66.87,-10.08],[-66.84,-10.08],[-66.84,-10.07],[-66.83,-10.06],[-66.82,-10.06],[-66.82,-10.05],[-66.81,-10.05],[-66.81,-10.03],[-66.8,-10.03],[-66.79,-10.02],[-66.77,-10.02],[-66.77,-10.01],[-66.76,-10.0],[-66.75,-10.0],[-66.75,-9.99],[-66.73,-9.99],[-66.73,-9.98],[-66.72,-9.98],[-66.72,-9.97],[-66.71,-9.97],[-66.71,-9.98],[-66.7,-9.97],[-66.69,-9.97],[-66.69,-9.96],[-66.68,-9.96],[-66.67,-9.95],[-66.67,-9.94],[-66.66,-9.94],[-66.66,-9.93],[-66.65,-9.94],[-66.63,-9.94],[-66.63,-9.93],[-66.64,-9.93],[-66.64,-9.92],[-66.63,-9.92],[-66.63,-9.9],[-66.62,-9.9],[-66.62,-9.89],[-66.61,-9.89],[-66.6,-9.9],[-66.58,-9.9],[-66.58,-9.89],[-66.56,-9.89],[-66.56,-9.88],[-66.55,-9.88],[-66.55,-9.87],[-66.54,-9.87],[-66.54,-9.88],[-66.52,-9.88],[-66.52,-9.87],[-66.5,-9.87],[-66.5,-9.88],[-66.49,-9.88],[-66.49,-9.86],[-66.47,-9.86],[-66.47,-9.87],[-66.44,-9.87],[-66.44,-9.86],[-66.43,-9.86],[-66.43,-9.87],[-66.42,-9.87],[-66.43,-9.88],[-66.43,-9.9],[-66.42,-9.9],[-66.42,-9.88],[-66.41,-9.88],[-66.41,-9.87],[-66.4,-9.87],[-66.4,-9.86],[-66.36,-9.86],[-66.36,-9.85],[-66.35,-9.85],[-66.35,-9.83],[-66.34,-9.83],[-66.34,-9.84],[-66.33,-9.84],[-66.33,-9.83],[-66.31,-9.83],[-66.3,-9.84],[-66.3,-9.83],[-66.29,-9.83],[-66.29,-9.84],[-66.28,-9.84],[-66.28,-9.83],[-66.24,-9.83],[-66.24,-9.82],[-66.22,-9.82],[-66.22,-9.83],[-66.21,-9.83],[-66.21,-9.84],[-66.2,-9.84],[-66.2,-9.83],[-66.19,-9.83],[-66.19,-9.8],[-66.17,-9.8],[-66.17,-9.79],[-66.11,-9.79],[-66.1,-9.78],[-66.1,-9.79],[-66.03,-9.79],[-66.03,-9.81],[-66.02,-9.81],[-66.0,-9.79],[-65.98,-9.81],[-65.98,-9.8],[-65.97,-9.8],[-65.97,-9.79],[-65.98,-9.79],[-65.98,-9.78],[-65.97,-9.78],[-65.97,-9.77],[-65.95,-9.77],[-65.95,-9.76],[-65.94,-9.76],[-65.94,-9.77],[-65.93,-9.77],[-65.93,-9.76],[-65.91,-9.76],[-65.91,-9.77],[-65.9,-9.77],[-65.9,-9.76],[-65.89,-9.76],[-65.89,-9.75],[-65.87,-9.75],[-65.87,-9.79],[-65.86,-9.8],[-65.86,-9.79],[-65.85,-9.79],[-65.85,-9.78],[-65.84,-9.78],[-65.83,-9.77],[-65.82,-9.77],[-65.82,-9.75],[-65.81,-9.76],[-65.8,-9.76],[-65.8,-9.77],[-65.81,-9.77],[-65.81,-9.79],[-65.79,-9.79],[-65.78,-9.78],[-65.78,-9.74],[-65.77,-9.73],[-65.77,-9.76],[-65.76,-9.76],[-65.76,-9.77],[-65.75,-9.77],[-65.75,-9.78],[-65.74,-9.78],[-65.74,-9.76],[-65.73,-9.76],[-65.72,-9.75],[-65.69,-9.75],[-65.69,-9.76],[-65.68,-9.76],[-65.68,-9.77],[-65.7,-9.77],[-65.7,-9.76],[-65.71,-9.76],[-65.71,-9.78],[-65.7,-9.78],[-65.7,-9.79],[-65.71,-9.8],[-65.71,-9.81],[-65.69,-9.81],[-65.69,-9.8],[-65.68,-9.79],[-65.68,-9.78],[-65.66,-9.78],[-65.66,-9.79],[-65.64,-9.79],[-65.64,-9.8],[-65.63,-9.8],[-65.63,-9.84],[-65.62,-9.84],[-65.62,-9.83],[-65.61,-9.83],[-65.61,-9.82],[-65.6,-9.82],[-65.6,-9.84],[-65.55,-9.84],[-65.55,-9.83],[-65.56,-9.82],[-65.56,-9.81],[-65.55,-9.8],[-65.54,-9.8],[-65.54,-9.79],[-65.53,-9.79],[-65.53,-9.78],[-65.52,-9.78],[-65.52,-9.79],[-65.51,-9.79],[-65.51,-9.78],[-65.5,-9.78],[-65.5,-9.73],[-65.48,-9.73],[-65.48,-9.72],[-65.49,-9.71],[-65.46,-9.71],[-65.46,-9.7],[-65.44,-9.7],[-65.44,-9.69],[-65.43,-9.69],[-65.43,-9.68],[-65.44,-9.68],[-65.44,-9.67],[-65.42,-9.67],[-65.42,-9.68],[-65.39,-9.68],[-65.39,-9.69],[-65.37,-9.7],[-65.35,-9.72],[-65.35,-9.74],[-65.34,-9.75],[-65.34,-9.76],[-65.33,-9.77],[-65.33,-9.78],[-65.32,-9.79],[-65.32,-9.82],[-65.31,-9.82],[-65.29,-9.83],[-65.29,-9.87],[-65.33,-9.91],[-65.33,-9.97],[-65.32,-9.98],[-65.32,-10.01],[-65.33,-10.05],[-65.33,-10.07],[-65.32,-10.07],[-65.31,-10.08],[-65.31,-10.09],[-65.3,-10.09],[-65.3,-10.15],[-65.31,-10.16],[-65.31,-10.17],[-65.3,-10.18],[-65.3,-10.2],[-65.29,-10.2],[-65.29,-10.23],[-65.31,-10.25],[-65.31,-10.27],[-65.32,-10.28],[-65.32,-10.3],[-65.33,-10.3],[-65.33,-10.31],[-65.34,-10.31],[-65.36,-10.33],[-65.36,-10.34],[-65.37,-10.34],[-65.37,-10.35],[-65.38,-10.36],[-65.39,-10.36],[-65.39,-10.38],[-65.4,-10.39],[-65.4,-10.41],[-65.45,-10.41],[-65.46,-10.42],[-65.47,-10.42],[-65.47,-10.43],[-65.48,-10.43],[-65.48,-10.44],[-65.49,-10.46],[-65.49,-10.48],[-65.5,-10.49],[-65.52,-10.49],[-65.53,-10.5],[-65.55,-10.5],[-65.56,-10.51],[-65.57,-10.51],[-65.57,-10.52],[-65.58,-10.53],[-65.59,-10.53],[-65.6,-10.54],[-65.62,-10.54],[-65.62,-10.56],[-65.73,-10.56],[-65.73,-10.59],[-65.71,-10.63],[-65.7,-10.64],[-65.7,-10.66],[-65.71,-10.66],[-65.71,-10.68],[-65.72,-10.69],[-65.72,-10.7],[-65.73,-10.7],[-65.77,-10.72],[-65.78,-10.73],[-65.8,-10.73],[-65.8,-10.74],[-65.82,-10.74],[-65.83,-10.73],[-65.84,-10.71],[-65.85,-10.7],[-65.85,-10.69],[-65.88,-10.69],[-65.88,-10.7],[-65.9,-10.72],[-65.9,-10.73],[-65.91,-10.73],[-65.91,-10.74],[-65.9,-10.74],[-65.9,-10.75],[-65.88,-10.75],[-65.88,-10.76],[-65.86,-10.76],[-65.86,-10.77],[-65.85,-10.78],[-65.85,-10.83],[-65.86,-10.83],[-65.87,-10.82],[-65.92,-10.82],[-65.94,-10.81],[-65.95,-10.8],[-65.96,-10.8],[-65.97,-10.79],[-65.98,-10.79],[-65.99,-10.8],[-66.0,-10.8],[-66.01,-10.81],[-66.02,-10.81],[-66.02,-10.82],[-66.03,-10.82],[-66.04,-10.83],[-66.05,-10.83],[-66.06,-10.84],[-66.07,-10.84],[-66.07,-10.85],[-66.06,-10.86],[-66.03,-10.86],[-66.03,-10.85],[-66.01,-10.85],[-66.01,-10.87],[-66.02,-10.87],[-66.02,-10.88],[-66.03,-10.88],[-66.03,-10.89],[-66.04,-10.89],[-66.04,-10.91],[-66.05,-10.91],[-66.05,-10.98],[-66.06,-10.98],[-66.06,-10.99],[-66.08,-10.99],[-66.09,-10.98],[-66.09,-10.96],[-66.1,-10.96],[-66.1,-11.04],[-66.11,-11.05],[-66.12,-11.04],[-66.14,-11.04],[-66.14,-11.05],[-66.13,-11.06],[-66.13,-11.07],[-66.12,-11.08],[-66.12,-11.11],[-66.14,-11.13],[-66.16,-11.13],[-66.16,-11.11],[-66.17,-11.1],[-66.17,-11.08],[-66.18,-11.08],[-66.18,-11.07],[-66.2,-11.07],[-66.2,-11.09],[-66.21,-11.1],[-66.21,-11.12],[-66.19,-11.14],[-66.19,-11.16],[-66.18,-11.17],[-66.18,-11.18],[-66.19,-11.18],[-66.19,-11.19],[-66.2,-11.19],[-66.2,-11.2],[-66.21,-11.2],[-66.21,-11.21],[-66.23,-11.21],[-66.23,-11.22],[-66.24,-11.22],[-66.24,-11.21],[-66.25,-11.21],[-66.25,-11.2],[-66.26,-11.2],[-66.26,-11.21],[-66.27,-11.21],[-66.27,-11.24],[-66.26,-11.24],[-66.26,-11.25],[-66.25,-11.26],[-66.25,-11.27],[-66.28,-11.27],[-66.27,-11.28],[-66.27,-11.29],[-66.25,-11.29],[-66.25,-11.3],[-66.24,-11.3],[-66.23,-11.31],[-66.23,-11.33],[-66.26,-11.33],[-66.26,-11.32],[-66.28,-11.32],[-66.28,-11.31],[-66.32,-11.31],[-66.32,-11.32],[-66.33,-11.32],[-66.33,-11.33],[-66.34,-11.33],[-66.33,-11.34],[-66.33,-11.36],[-66.32,-11.36],[-66.32,-11.35],[-66.31,-11.35],[-66.31,-11.34],[-66.3,-11.34],[-66.29,-11.35],[-66.29,-11.38],[-66.3,-11.38],[-66.3,-11.39],[-66.31,-11.39],[-66.32,-11.38],[-66.33,-11.38],[-66.35,-11.36],[-66.37,-11.36],[-66.37,-11.37],[-66.44,-11.37],[-66.46,-11.39],[-66.46,-11.4],[-66.47,-11.41],[-66.46,-11.42],[-66.47,-11.42],[-66.47,-11.43],[-66.51,-11.43],[-66.51,-11.42],[-66.52,-11.42],[-66.53,-11.41],[-66.56,-11.41],[-66.56,-11.42],[-66.58,-11.42],[-66.59,-11.43],[-66.61,-11.43],[-66.62,-11.42],[-66.64,-11.42],[-66.64,-11.43],[-66.63,-11.44],[-66.63,-11.47],[-66.64,-11.47],[-66.64,-11.46],[-66.65,-11.46],[-66.66,-11.45],[-66.67,-11.45],[-66.67,-11.44],[-66.71,-11.44],[-66.71,-11.45],[-66.72,-11.45],[-66.72,-11.46],[-66.73,-11.47],[-66.73,-11.48],[-66.71,-11.48],[-66.7,-11.49],[-66.69,-11.49],[-66.69,-11.51],[-66.68,-11.51],[-66.68,-11.56],[-66.73,-11.56],[-66.73,-11.57],[-66.75,-11.57],[-66.75,-11.58],[-66.76,-11.58],[-66.76,-11.59],[-66.75,-11.59],[-66.75,-11.6],[-66.73,-11.6],[-66.73,-11.61],[-66.71,-11.61],[-66.71,-11.62],[-66.72,-11.62],[-66.72,-11.63],[-66.73,-11.63],[-66.73,-11.65],[-66.71,-11.65],[-66.71,-11.68],[-66.72,-11.68],[-66.72,-11.69],[-66.74,-11.69],[-66.74,-11.7],[-66.76,-11.7],[-66.76,-11.73],[-66.77,-11.73],[-66.77,-11.74],[-66.79,-11.74],[-66.8,-11.73],[-66.79,-11.72],[-66.78,-11.72],[-66.78,-11.71],[-66.77,-11.71],[-66.77,-11.69],[-66.81,-11.69],[-66.81,-11.7],[-66.83,-11.7],[-66.83,-11.74],[-66.84,-11.74],[-66.84,-11.76],[-66.85,-11.76],[-66.86,-11.75],[-66.86,-11.74],[-66.91,-11.74],[-66.91,-11.76],[-66.92,-11.76],[-66.92,-11.78],[-66.9,-11.78],[-66.9,-11.77],[-66.88,-11.77],[-66.87,-11.78],[-66.87,-11.81],[-66.86,-11.81],[-66.86,-11.83],[-66.87,-11.83],[-66.87,-11.84],[-66.88,-11.84],[-66.88,-11.85],[-66.89,-11.85],[-66.89,-11.86],[-66.92,-11.86],[-66.93,-11.87],[-66.95,-11.87],[-66.95,-11.89],[-66.98,-11.89],[-66.98,-11.92],[-66.97,-11.92],[-66.97,-11.93],[-66.96,-11.93],[-66.96,-11.94],[-66.95,-11.94],[-66.95,-11.92],[-66.96,-11.92],[-66.96,-11.91],[-66.93,-11.91],[-66.93,-11.95],[-66.92,-11.95],[-66.92,-11.94],[-66.91,-11.94],[-66.91,-11.95],[-66.9,-11.95],[-66.9,-11.99],[-66.89,-11.99],[-66.89,-12.01],[-66.9,-12.01],[-66.9,-12.03],[-66.91,-12.04],[-66.91,-12.05],[-66.89,-12.05],[-66.89,-12.06],[-66.88,-12.06],[-66.88,-12.09],[-66.87,-12.09],[-66.87,-12.11],[-66.88,-12.11],[-66.88,-12.12],[-66.89,-12.12],[-66.89,-12.13],[-66.9,-12.13],[-66.9,-12.14],[-66.91,-12.14],[-66.92,-12.15],[-66.92,-12.18],[-66.91,-12.18],[-66.9,-12.19],[-66.89,-12.19],[-66.89,-12.21],[-66.88,-12.21],[-66.88,-12.25],[-66.89,-12.25],[-66.89,-12.26],[-66.9,-12.26],[-66.9,-12.27],[-66.91,-12.27],[-66.91,-12.28],[-66.92,-12.28],[-66.92,-12.29],[-66.95,-12.29],[-66.95,-12.32],[-66.94,-12.32],[-66.94,-12.33],[-66.91,-12.33],[-66.91,-12.34],[-66.9,-12.34],[-66.9,-12.37],[-66.92,-12.37],[-66.92,-12.38],[-66.93,-12.38],[-66.93,-12.39],[-66.94,-12.39],[-66.94,-12.4],[-66.95,-12.4],[-66.95,-12.41],[-66.97,-12.41],[-66.97,-12.42],[-66.96,-12.43],[-66.96,-12.44],[-66.95,-12.44],[-66.95,-12.45],[-66.94,-12.45],[-66.94,-12.46],[-66.93,-12.46],[-66.93,-12.47],[-66.96,-12.47],[-66.96,-12.48],[-66.97,-12.48],[-66.97,-12.485],[-67.0,-12.47],[-67.22,-12.33],[-67.25,-12.32],[-67.38,-12.23],[-67.46,-12.19],[-67.49,-12.17],[-67.5,-12.16],[-67.56,-12.12],[-67.73,-12.01],[-67.75,-12.0],[-68.0,-11.85],[-67.99,-11.86],[-67.99,-11.87],[-67.98,-11.89],[-67.98,-11.94],[-67.99,-11.95],[-68.0,-11.95],[-68.0,-11.96],[-68.01,-11.96],[-68.01,-11.97],[-68.02,-11.97],[-68.03,-11.98],[-68.05,-11.98],[-68.05,-11.99],[-68.06,-11.99],[-68.06,-12.0],[-68.07,-12.0],[-68.07,-12.01],[-68.08,-12.01],[-68.08,-12.02],[-68.09,-12.02],[-68.1,-12.03],[-68.12,-12.03],[-68.12,-12.02],[-68.16,-12.02],[-68.16,-12.01],[-68.18,-12.01],[-68.19,-12.0],[-68.23,-12.0],[-68.23,-12.01],[-68.24,-12.01],[-68.23,-12.02],[-68.23,-12.08],[-68.22,-12.08],[-68.22,-12.09],[-68.23,-12.09],[-68.23,-12.12],[-68.22,-12.12],[-68.22,-12.13],[-68.23,-12.14],[-68.23,-12.17],[-68.24,-12.17],[-68.24,-12.18],[-68.25,-12.18],[-68.25,-12.19],[-68.26,-12.19],[-68.26,-12.2],[-68.27,-12.2],[-68.27,-12.21],[-68.28,-12.21],[-68.28,-12.22],[-68.37,-12.22],[-68.38,-12.23],[-68.39,-12.23],[-68.39,-12.25],[-68.41,-12.25],[-68.41,-12.29],[-68.4,-12.29],[-68.4,-12.33],[-68.39,-12.33],[-68.39,-12.36],[-68.4,-12.36],[-68.4,-12.37],[-68.41,-12.37],[-68.41,-12.38],[-68.42,-12.38],[-68.43,-12.39],[-68.44,-12.39],[-68.44,-12.4],[-68.45,-12.41],[-68.45,-12.42],[-68.49,-12.42],[-68.49,-12.41],[-68.5,-12.41],[-68.5,-12.4],[-68.51,-12.4],[-68.52,-12.39],[-68.59,-12.39],[-68.59,-12.41],[-68.58,-12.41],[-68.58,-12.42],[-68.57,-12.42],[-68.57,-12.43],[-68.56,-12.43],[-68.56,-12.46],[-68.58,-12.46],[-68.58,-12.47],[-68.59,-12.47],[-68.59,-12.48],[-68.61,-12.48],[-68.61,-12.49],[-68.64,-12.49],[-68.64,-12.5],[-68.65,-12.5],[-68.65,-12.49],[-68.66,-12.49],[-68.66,-12.48],[-68.67,-12.47],[-68.67,-12.46],[-68.68,-12.46],[-68.68,-12.44],[-68.69,-12.44],[-68.69,-12.42],[-68.7,-12.42],[-68.7,-12.4],[-68.71,-12.4],[-68.71,-12.38],[-68.72,-12.38],[-68.72,-12.36],[-68.73,-12.36],[-68.73,-12.34],[-68.74,-12.34],[-68.74,-12.33],[-68.75,-12.32],[-68.75,-12.31],[-68.8,-12.22],[-68.83,-12.17],[-68.84,-12.16],[-68.84,-12.15],[-68.85,-12.14],[-68.85,-12.13],[-68.86,-12.12],[-68.86,-12.1],[-68.87,-12.1],[-68.87,-12.09],[-68.88,-12.08],[-68.88,-12.07],[-68.89,-12.06],[-68.89,-12.05],[-68.9,-12.04],[-68.9,-12.03],[-68.91,-12.02],[-68.91,-12.01],[-68.92,-12.01],[-68.92,-11.99],[-68.93,-11.99],[-68.93,-11.97],[-68.94,-11.97],[-68.94,-11.95],[-68.95,-11.95],[-68.95,-11.93],[-68.96,-11.93],[-68.96,-11.92],[-68.97,-11.92],[-68.97,-11.9],[-68.98,-11.9],[-68.98,-11.88],[-68.99,-11.88],[-68.99,-11.87],[-69.0,-11.87],[-69.0,-11.85],[-69.01,-11.85],[-69.01,-11.84],[-69.02,-11.83],[-69.02,-11.82],[-69.03,-11.82],[-69.03,-11.8],[-69.04,-11.8],[-69.04,-11.79],[-69.05,-11.79],[-69.05,-11.77],[-69.06,-11.77],[-69.06,-11.76],[-69.07,-11.75],[-69.07,-11.74],[-69.08,-11.74],[-69.08,-11.72],[-69.09,-11.72],[-69.09,-11.71],[-69.1,-11.71],[-69.1,-11.69],[-69.11,-11.69],[-69.11,-11.68],[-69.12,-11.68],[-69.12,-11.66],[-69.13,-11.66],[-69.13,-11.65],[-69.14,-11.65],[-69.14,-11.63],[-69.15,-11.63],[-69.15,-11.62],[-69.16,-11.62],[-69.16,-11.61],[-69.17,-11.61],[-69.17,-11.6],[-69.18,-11.6],[-69.18,-11.59],[-69.19,-11.59],[-69.19,-11.58],[-69.2,-11.58],[-69.2,-11.57],[-69.21,-11.57],[-69.21,-11.56],[-69.22,-11.56],[-69.22,-11.55],[-69.23,-11.55],[-69.33,-11.45],[-69.33,-11.42],[-69.34,-11.42],[-69.34,-11.38],[-69.35,-11.38],[-69.35,-11.34],[-69.36,-11.34],[-69.36,-11.3],[-69.37,-11.3],[-69.37,-11.27],[-69.38,-11.26],[-69.38,-11.25],[-69.39,-11.25],[-69.39,-11.23],[-69.4,-11.23],[-69.4,-11.22],[-69.41,-11.22],[-69.41,-11.2],[-69.42,-11.2],[-69.42,-11.19],[-69.43,-11.18],[-69.43,-11.17],[-69.44,-11.17],[-69.44,-11.15],[-69.45,-11.15],[-69.45,-11.14],[-69.46,-11.13],[-69.46,-11.12],[-69.47,-11.12],[-69.47,-11.1],[-69.48,-11.1],[-69.48,-11.09],[-69.49,-11.09],[-69.49,-11.07],[-69.5,-11.07],[-69.5,-11.06],[-69.51,-11.05],[-69.51,-11.04],[-69.52,-11.04],[-69.52,-11.02],[-69.53,-11.02],[-69.53,-11.0],[-69.54,-11.0],[-69.54,-10.99],[-69.55,-10.98],[-69.55,-10.97],[-69.56,-10.97],[-69.56,-10.95],[-69.57,-10.95],[-69.57,-10.94],[-69.55,-10.94],[-69.55,-10.95],[-69.54,-10.95],[-69.54,-10.93],[-69.51,-10.93],[-69.51,-10.94],[-69.48,-10.94],[-69.48,-10.95],[-69.47,-10.95],[-69.47,-10.94],[-69.45,-10.94],[-69.45,-10.93],[-69.42,-10.93],[-69.42,-10.92],[-69.41,-10.92],[-69.41,-10.93],[-69.4,-10.93],[-69.4,-10.92],[-69.39,-10.92],[-69.39,-10.93],[-69.36,-10.93],[-69.36,-10.94],[-69.35,-10.94],[-69.35,-10.93],[-69.34,-10.93],[-69.34,-10.95],[-69.33,-10.95],[-69.33,-10.94],[-69.32,-10.95],[-69.32,-10.93],[-69.31,-10.94],[-69.29,-10.94],[-69.29,-10.95],[-69.28,-10.95],[-69.28,-10.94],[-69.27,-10.94],[-69.25,-10.94],[-69.25,-10.95],[-69.23,-10.95],[-69.23,-10.94],[-69.22,-10.94],[-69.22,-10.95],[-69.21,-10.95],[-69.21,-10.96]],[[-67.13,-10.32],[-67.13,-10.31],[-67.14,-10.31],[-67.13,-10.32]],[[-66.68,-9.97],[-66.67,-9.97],[-66.67,-9.96],[-66.68,-9.96],[-66.68,-9.97]],[[-65.65,-9.8],[-65.65,-9.81],[-65.64,-9.81],[-65.64,-9.8],[-65.65,-9.8]],[[-66.28,-11.26],[-66.3,-11.26],[-66.3,-11.27],[-66.28,-11.27],[-66.28,-11.26]],[[-69.27,-10.95],[-69.26,-10.95],[-69.27,-10.94],[-69.27,-10.95]]],[[[-67.0,-10.21],[-66.99,-10.21],[-67.0,-10.22],[-67.0,-10.21]]],[[[-67.0,-10.2],[-67.0,-10.19],[-66.99,-10.19],[-66.99,-10.2],[-67.0,-10.2]]],[[[-66.98,-10.18],[-66.97,-10.18],[-66.98,-10.19],[-66.98,-10.18]]]]}},{"type":"Feature","properties":{"id":"dep-PO","nombre":"Potosí","nivel":"departamento","municipio":null,"provincia":null,"departamento":"Potosí","fuente":"YoViajo/geodatos (límites departamentales)"},"geometry":{"type":"MultiPolygon","coordinates":[[[[-67.59,-19.77],[-67.61,-19.77],[-67.61,-19.76],[-67.66,-19.76],[-67.66,-19.75],[-67.67,-19.75],[-67.67,-19.76],[-67.69,-19.76],[-67.67,-19.74],[-67.65,-19.74],[-67.65,-19.73],[-67.64,-19.73],[-67.64,-19.71],[-67.65,-19.71],[-67.65,-19.69],[-67.66,-19.69],[-67.66,-19.68],[-67.67,-19.68],[-67.67,-19.64],[-67.64,-19.64],[-67.64,-19.65],[-67.63,-19.65],[-67.63,-19.64],[-67.61,-19.64],[-67.61,-19.63],[-67.59,-19.63],[-67.58,-19.62],[-67.57,-19.62],[-67.57,-19.61],[-67.56,-19.61],[-67.56,-19.62],[-67.55,-19.62],[-67.55,-19.63],[-67.54,-19.63],[-67.54,-19.61],[-67.53,-19.61],[-67.53,-19.6],[-67.52,-19.6],[-67.52,-19.59],[-67.51,-19.59],[-67.51,-19.58],[-67.5,-19.59],[-67.49,-19.59],[-67.49,-19.56],[-67.48,-19.56],[-67.48,-19.53],[-67.47,-19.53],[-67.47,-19.54],[-67.46,-19.54],[-67.46,-19.55],[-67.45,-19.55],[-67.45,-19.57],[-67.44,-19.57],[-67.44,-19.58],[-67.45,-19.58],[-67.45,-19.59],[-67.44,-19.59],[-67.44,-19.6],[-67.43,-19.6],[-67.43,-19.61],[-67.42,-19.61],[-67.42,-19.62],[-67.41,-19.62],[-67.41,-19.63],[-67.4,-19.63],[-67.4,-19.66],[-67.37,-19.66],[-67.37,-19.65],[-67.34,-19.65],[-67.34,-19.64],[-67.33,-19.64],[-67.33,-19.65],[-67.32,-19.65],[-67.32,-19.66],[-67.28,-19.66],[-67.28,-19.65],[-67.27,-19.65],[-67.27,-19.63],[-67.26,-19.63],[-67.26,-19.64],[-67.25,-19.64],[-67.25,-19.65],[-67.24,-19.65],[-67.24,-19.66],[-67.22,-19.66],[-67.22,-19.67],[-67.21,-19.67],[-67.21,-19.61],[-67.2,-19.61],[-67.2,-19.6],[-67.21,-19.6],[-67.21,-19.59],[-67.22,-19.59],[-67.22,-19.58],[-67.24,-19.58],[-67.24,-19.57],[-67.25,-19.57],[-67.25,-19.56],[-67.24,-19.56],[-67.24,-19.53],[-67.23,-19.53],[-67.23,-19.5],[-67.22,-19.5],[-67.22,-19.48],[-67.24,-19.48],[-67.24,-19.47],[-67.25,-19.47],[-67.25,-19.46],[-67.26,-19.46],[-67.26,-19.44],[-67.27,-19.44],[-67.27,-19.43],[-67.23,-19.43],[-67.23,-19.44],[-67.2,-19.44],[-67.2,-19.45],[-67.19,-19.45],[-67.19,-19.44],[-67.16,-19.44],[-67.16,-19.43],[-67.15,-19.42],[-67.14,-19.42],[-67.13,-19.41],[-67.11,-19.41],[-67.11,-19.4],[-67.1,-19.4],[-67.1,-19.39],[-67.09,-19.38],[-67.09,-19.36],[-67.07,-19.36],[-67.07,-19.37],[-67.05,-19.37],[-67.05,-19.38],[-67.04,-19.38],[-67.04,-19.37],[-67.0,-19.37],[-67.0,-19.38],[-66.99,-19.38],[-66.99,-19.37],[-66.96,-19.37],[-66.96,-19.36],[-66.95,-19.36],[-66.95,-19.37],[-66.94,-19.37],[-66.94,-19.38],[-66.93,-19.38],[-66.93,-19.39],[-66.91,-19.39],[-66.91,-19.4],[-66.9,-19.4],[-66.89,-19.41],[-66.88,-19.41],[-66.88,-19.42],[-66.87,-19.42],[-66.87,-19.43],[-66.86,-19.43],[-66.86,-19.44],[-66.85,-19.44],[-66.85,-19.45],[-66.83,-19.45],[-66.83,-19.46],[-66.81,-19.46],[-66.81,-19.45],[-66.8,-19.45],[-66.8,-19.44],[-66.79,-19.44],[-66.79,-19.43],[-66.76,-19.43],[-66.76,-19.42],[-66.75,-19.42],[-66.75,-19.43],[-66.72,-19.43],[-66.72,-19.44],[-66.67,-19.44],[-66.67,-19.43],[-66.64,-19.43],[-66.64,-19.42],[-66.58,-19.42],[-66.58,-19.4],[-66.57,-19.4],[-66.56,-19.41],[-66.55,-19.41],[-66.55,-19.4],[-66.51,-19.4],[-66.51,-19.39],[-66.5,-19.39],[-66.5,-19.38],[-66.49,-19.38],[-66.49,-19.4],[-66.48,-19.4],[-66.47,-19.39],[-66.47,-19.4],[-66.41,-19.4],[-66.4,-19.41],[-66.34,-19.41],[-66.34,-19.39],[-66.33,-19.39],[-66.33,-19.38],[-66.32,-19.38],[-66.32,-19.37],[-66.31,-19.37],[-66.31,-19.35],[-66.3,-19.35],[-66.3,-19.33],[-66.29,-19.33],[-66.29,-19.32],[-66.27,-19.32],[-66.27,-19.29],[-66.24,-19.29],[-66.24,-19.28],[-66.22,-19.26],[-66.23,-19.26],[-66.22,-19.25],[-66.2,-19.25],[-66.19,-19.24],[-66.19,-19.23],[-66.18,-19.23],[-66.18,-19.22],[-66.15,-19.22],[-66.15,-19.23],[-66.13,-19.23],[-66.13,-19.21],[-66.12,-19.2],[-66.12,-19.18],[-66.11,-19.18],[-66.11,-19.16],[-66.12,-19.16],[-66.12,-19.13],[-66.11,-19.13],[-66.11,-19.11],[-66.08,-19.11],[-66.08,-19.07],[-66.09,-19.06],[-66.09,-19.05],[-66.11,-19.05],[-66.12,-19.04],[-66.13,-19.04],[-66.13,-19.03],[-66.14,-19.03],[-66.16,-19.02],[-66.17,-19.0],[-66.17,-18.99],[-66.18,-18.99],[-66.18,-18.97],[-66.19,-18.97],[-66.19,-18.98],[-66.21,-18.98],[-66.21,-18.99],[-66.24,-18.99],[-66.24,-19.0],[-66.25,-19.0],[-66.26,-19.01],[-66.28,-19.01],[-66.29,-19.0],[-66.29,-18.99],[-66.3,-18.99],[-66.3,-18.98],[-66.29,-18.97],[-66.29,-18.92],[-66.3,-18.92],[-66.3,-18.88],[-66.29,-18.87],[-66.29,-18.85],[-66.3,-18.85],[-66.3,-18.84],[-66.32,-18.84],[-66.32,-18.77],[-66.33,-18.76],[-66.32,-18.76],[-66.32,-18.75],[-66.33,-18.75],[-66.33,-18.73],[-66.34,-18.73],[-66.34,-18.72],[-66.33,-18.72],[-66.33,-18.69],[-66.38,-18.69],[-66.38,-18.68],[-66.4,-18.68],[-66.4,-18.69],[-66.42,-18.69],[-66.42,-18.7],[-66.43,-18.7],[-66.46,-18.73],[-66.47,-18.73],[-66.47,-18.75],[-66.49,-18.77],[-66.5,-18.77],[-66.52,-18.76],[-66.55,-18.76],[-66.56,-18.75],[-66.57,-18.75],[-66.57,-18.74],[-66.59,-18.74],[-66.59,-18.73],[-66.61,-18.73],[-66.61,-18.72],[-66.62,-18.72],[-66.63,-18.71],[-66.63,-18.7],[-66.66,-18.7],[-66.66,-18.68],[-66.65,-18.68],[-66.65,-18.67],[-66.66,-18.67],[-66.66,-18.61],[-66.67,-18.61],[-66.67,-18.59],[-66.69,-18.59],[-66.7,-18.57],[-66.7,-18.55],[-66.71,-18.54],[-66.71,-18.51],[-66.7,-18.51],[-66.7,-18.5],[-66.71,-18.5],[-66.71,-18.48],[-66.72,-18.47],[-66.72,-18.46],[-66.73,-18.46],[-66.73,-18.45],[-66.74,-18.44],[-66.74,-18.41],[-66.73,-18.41],[-66.73,-18.4],[-66.72,-18.4],[-66.72,-18.39],[-66.7,-18.38],[-66.71,-18.38],[-66.71,-18.37],[-66.72,-18.36],[-66.72,-18.35],[-66.73,-18.35],[-66.73,-18.34],[-66.74,-18.34],[-66.74,-18.33],[-66.73,-18.33],[-66.73,-18.32],[-66.71,-18.32],[-66.71,-18.31],[-66.68,-18.31],[-66.68,-18.3],[-66.67,-18.3],[-66.67,-18.29],[-66.64,-18.29],[-66.64,-18.28],[-66.58,-18.28],[-66.57,-18.27],[-66.54,-18.27],[-66.54,-18.26],[-66.53,-18.26],[-66.53,-18.24],[-66.56,-18.24],[-66.56,-18.23],[-66.63,-18.23],[-66.64,-18.24],[-66.65,-18.24],[-66.65,-18.23],[-66.7,-18.23],[-66.7,-18.24],[-66.71,-18.24],[-66.71,-18.23],[-66.73,-18.23],[-66.73,-18.22],[-66.74,-18.22],[-66.74,-18.19],[-66.75,-18.19],[-66.75,-18.17],[-66.76,-18.17],[-66.76,-18.16],[-66.77,-18.16],[-66.77,-18.14],[-66.76,-18.14],[-66.76,-18.13],[-66.74,-18.13],[-66.74,-18.12],[-66.73,-18.12],[-66.73,-18.11],[-66.71,-18.11],[-66.71,-18.12],[-66.7,-18.12],[-66.7,-18.13],[-66.69,-18.12],[-66.66,-18.12],[-66.65,-18.11],[-66.64,-18.11],[-66.63,-18.12],[-66.63,-18.11],[-66.62,-18.11],[-66.62,-18.1],[-66.61,-18.1],[-66.61,-18.09],[-66.59,-18.09],[-66.58,-18.08],[-66.57,-18.08],[-66.57,-18.07],[-66.52,-18.07],[-66.52,-18.05],[-66.51,-18.05],[-66.51,-18.04],[-66.5,-18.04],[-66.5,-18.02],[-66.49,-18.02],[-66.49,-18.01],[-66.47,-17.99],[-66.44,-17.99],[-66.43,-17.98],[-66.42,-17.98],[-66.42,-17.97],[-66.41,-17.97],[-66.41,-17.96],[-66.4,-17.96],[-66.39,-17.95],[-66.35,-17.95],[-66.35,-17.94],[-66.34,-17.94],[-66.34,-17.95],[-66.33,-17.95],[-66.32,-17.96],[-66.31,-17.96],[-66.31,-17.97],[-66.28,-17.97],[-66.28,-17.96],[-66.27,-17.96],[-66.27,-17.94],[-66.26,-17.94],[-66.26,-17.93],[-66.25,-17.93],[-66.25,-17.94],[-66.24,-17.95],[-66.22,-17.95],[-66.22,-17.93],[-66.2,-17.93],[-66.2,-17.92],[-66.19,-17.92],[-66.18,-17.91],[-66.17,-17.91],[-66.17,-17.9],[-66.16,-17.89],[-66.15,-17.89],[-66.15,-17.88],[-66.14,-17.88],[-66.13,-17.87],[-66.12,-17.87],[-66.12,-17.85],[-66.13,-17.85],[-66.13,-17.82],[-66.12,-17.81],[-66.11,-17.81],[-66.11,-17.8],[-66.09,-17.8],[-66.09,-17.81],[-66.07,-17.81],[-66.07,-17.82],[-66.06,-17.82],[-66.06,-17.83],[-66.04,-17.83],[-66.04,-17.84],[-66.03,-17.85],[-66.03,-17.86],[-66.02,-17.86],[-66.02,-17.88],[-66.01,-17.88],[-66.01,-17.9],[-66.0,-17.9],[-66.0,-17.91],[-65.99,-17.91],[-65.99,-17.93],[-65.98,-17.93],[-65.98,-17.94],[-65.97,-17.94],[-65.97,-17.95],[-65.96,-17.95],[-65.96,-17.94],[-65.95,-17.94],[-65.95,-17.95],[-65.94,-17.95],[-65.94,-17.98],[-65.93,-17.98],[-65.93,-17.99],[-65.91,-17.99],[-65.91,-17.98],[-65.88,-17.98],[-65.88,-17.97],[-65.84,-17.97],[-65.84,-17.98],[-65.83,-17.98],[-65.83,-17.99],[-65.82,-17.99],[-65.82,-18.0],[-65.81,-18.0],[-65.81,-18.01],[-65.79,-18.01],[-65.79,-18.02],[-65.78,-18.02],[-65.78,-18.03],[-65.77,-18.03],[-65.77,-18.04],[-65.75,-18.04],[-65.75,-18.05],[-65.74,-18.05],[-65.74,-18.06],[-65.72,-18.06],[-65.72,-18.07],[-65.71,-18.07],[-65.71,-18.08],[-65.7,-18.08],[-65.7,-18.09],[-65.69,-18.09],[-65.69,-18.1],[-65.68,-18.1],[-65.68,-18.12],[-65.66,-18.12],[-65.66,-18.13],[-65.65,-18.13],[-65.65,-18.14],[-65.63,-18.14],[-65.63,-18.15],[-65.62,-18.15],[-65.62,-18.16],[-65.61,-18.16],[-65.61,-18.17],[-65.6,-18.17],[-65.6,-18.2],[-65.58,-18.2],[-65.58,-18.21],[-65.57,-18.21],[-65.57,-18.23],[-65.55,-18.23],[-65.55,-18.24],[-65.52,-18.24],[-65.52,-18.25],[-65.5,-18.25],[-65.5,-18.27],[-65.49,-18.27],[-65.49,-18.29],[-65.48,-18.29],[-65.48,-18.3],[-65.47,-18.3],[-65.47,-18.33],[-65.46,-18.33],[-65.46,-18.34],[-65.45,-18.35],[-65.44,-18.35],[-65.44,-18.36],[-65.4,-18.36],[-65.4,-18.37],[-65.39,-18.37],[-65.39,-18.38],[-65.38,-18.38],[-65.38,-18.39],[-65.36,-18.39],[-65.36,-18.4],[-65.35,-18.4],[-65.35,-18.41],[-65.34,-18.41],[-65.35,-18.42],[-65.35,-18.43],[-65.37,-18.43],[-65.38,-18.42],[-65.41,-18.42],[-65.41,-18.41],[-65.43,-18.41],[-65.43,-18.4],[-65.45,-18.4],[-65.45,-18.41],[-65.46,-18.41],[-65.46,-18.39],[-65.47,-18.39],[-65.47,-18.4],[-65.49,-18.4],[-65.49,-18.39],[-65.5,-18.39],[-65.5,-18.38],[-65.51,-18.38],[-65.51,-18.39],[-65.53,-18.39],[-65.53,-18.4],[-65.56,-18.4],[-65.56,-18.39],[-65.57,-18.39],[-65.57,-18.38],[-65.58,-18.38],[-65.58,-18.37],[-65.64,-18.37],[-65.64,-18.36],[-65.66,-18.36],[-65.67,-18.35],[-65.67,-18.34],[-65.68,-18.35],[-65.69,-18.35],[-65.69,-18.38],[-65.68,-18.38],[-65.68,-18.43],[-65.66,-18.43],[-65.66,-18.44],[-65.64,-18.44],[-65.64,-18.45],[-65.63,-18.45],[-65.63,-18.46],[-65.62,-18.46],[-65.62,-18.51],[-65.59,-18.51],[-65.57,-18.52],[-65.56,-18.52],[-65.56,-18.53],[-65.55,-18.53],[-65.55,-18.54],[-65.54,-18.54],[-65.54,-18.55],[-65.51,-18.55],[-65.51,-18.56],[-65.49,-18.56],[-65.49,-18.6],[-65.51,-18.6],[-65.51,-18.61],[-65.5,-18.61],[-65.5,-18.62],[-65.49,-18.62],[-65.49,-18.63],[-65.48,-18.63],[-65.48,-18.64],[-65.46,-18.64],[-65.46,-18.65],[-65.45,-18.65],[-65.45,-18.66],[-65.43,-18.66],[-65.43,-18.67],[-65.41,-18.67],[-65.41,-18.68],[-65.4,-18.69],[-65.4,-18.71],[-65.41,-18.71],[-65.41,-18.72],[-65.42,-18.72],[-65.42,-18.73],[-65.41,-18.73],[-65.41,-18.74],[-65.42,-18.74],[-65.42,-18.76],[-65.41,-18.76],[-65.41,-18.77],[-65.42,-18.78],[-65.42,-18.81],[-65.43,-18.81],[-65.43,-18.83],[-65.42,-18.83],[-65.42,-18.84],[-65.41,-18.84],[-65.4,-18.85],[-65.41,-18.85],[-65.41,-18.88],[-65.42,-18.88],[-65.41,-18.89],[-65.41,-18.91],[-65.42,-18.91],[-65.42,-18.92],[-65.47,-18.92],[-65.47,-18.93],[-65.48,-18.93],[-65.48,-18.94],[-65.49,-18.95],[-65.53,-18.95],[-65.53,-18.96],[-65.54,-18.96],[-65.53,-18.97],[-65.54,-18.97],[-65.54,-18.98],[-65.55,-18.98],[-65.55,-18.99],[-65.58,-18.99],[-65.58,-19.01],[-65.57,-19.01],[-65.57,-19.02],[-65.56,-19.03],[-65.56,-19.06],[-65.55,-19.06],[-65.54,-19.08],[-65.49,-19.08],[-65.49,-19.09],[-65.48,-19.09],[-65.48,-19.11],[-65.47,-19.11],[-65.47,-19.12],[-65.45,-19.12],[-65.45,-19.13],[-65.42,-19.13],[-65.42,-19.14],[-65.4,-19.14],[-65.4,-19.16],[-65.39,-19.16],[-65.39,-19.21],[-65.38,-19.21],[-65.38,-19.23],[-65.37,-19.23],[-65.37,-19.25],[-65.36,-19.25],[-65.36,-19.26],[-65.34,-19.26],[-65.34,-19.27],[-65.32,-19.27],[-65.32,-19.3],[-65.28,-19.3],[-65.28,-19.31],[-65.24,-19.31],[-65.24,-19.32],[-65.22,-19.32],[-65.22,-19.34],[-65.2,-19.34],[-65.2,-19.35],[-65.17,-19.35],[-65.17,-19.36],[-65.16,-19.36],[-65.16,-19.37],[-65.09,-19.37],[-65.09,-19.36],[-65.08,-19.36],[-65.08,-19.37],[-65.07,-19.37],[-65.07,-19.38],[-65.04,-19.38],[-65.04,-19.37],[-65.03,-19.37],[-65.03,-19.36],[-65.01,-19.36],[-65.01,-19.35],[-64.97,-19.35],[-64.97,-19.34],[-64.96,-19.34],[-64.96,-19.36],[-64.95,-19.36],[-64.95,-19.35],[-64.94,-19.35],[-64.94,-19.36],[-64.92,-19.36],[-64.92,-19.35],[-64.91,-19.35],[-64.91,-19.37],[-64.89,-19.37],[-64.89,-19.4],[-64.88,-19.4],[-64.88,-19.39],[-64.87,-19.4],[-64.86,-19.4],[-64.86,-19.41],[-64.85,-19.41],[-64.85,-19.44],[-64.84,-19.44],[-64.84,-19.46],[-64.83,-19.47],[-64.83,-19.48],[-64.82,-19.48],[-64.82,-19.53],[-64.83,-19.53],[-64.83,-19.57],[-64.84,-19.57],[-64.84,-19.59],[-64.83,-19.59],[-64.83,-19.61],[-64.81,-19.61],[-64.81,-19.62],[-64.8,-19.62],[-64.8,-19.63],[-64.79,-19.63],[-64.79,-19.65],[-64.78,-19.65],[-64.78,-19.66],[-64.77,-19.66],[-64.77,-19.68],[-64.76,-19.68],[-64.76,-19.69],[-64.75,-19.69],[-64.75,-19.7],[-64.74,-19.7],[-64.74,-19.73],[-64.73,-19.73],[-64.73,-19.76],[-64.72,-19.76],[-64.72,-19.77],[-64.71,-19.77],[-64.71,-19.78],[-64.74,-19.78],[-64.74,-19.8],[-64.75,-19.8],[-64.75,-19.81],[-64.76,-19.81],[-64.76,-19.82],[-64.77,-19.82],[-64.77,-19.84],[-64.78,-19.84],[-64.78,-19.86],[-64.79,-19.86],[-64.79,-19.9],[-64.8,-19.9],[-64.8,-19.92],[-64.81,-19.92],[-64.81,-19.93],[-64.83,-19.93],[-64.83,-19.94],[-64.84,-19.94],[-64.84,-19.97],[-64.85,-19.97],[-64.85,-19.98],[-64.84,-19.98],[-64.84,-19.99],[-64.89,-19.99],[-64.89,-19.97],[-64.88,-19.97],[-64.88,-19.96],[-64.89,-19.96],[-64.89,-19.91],[-64.9,-19.91],[-64.9,-19.89],[-64.91,-19.89],[-64.91,-19.87],[-64.92,-19.87],[-64.92,-19.85],[-64.91,-19.85],[-64.91,-19.83],[-64.92,-19.83],[-64.92,-19.82],[-64.93,-19.82],[-64.93,-19.81],[-64.94,-19.81],[-64.94,-19.82],[-64.95,-19.82],[-64.95,-19.83],[-64.96,-19.83],[-64.96,-19.85],[-64.99,-19.85],[-64.99,-19.83],[-65.0,-19.83],[-65.0,-19.82],[-65.01,-19.82],[-65.01,-19.8],[-65.03,-19.8],[-65.03,-19.79],[-65.05,-19.79],[-65.05,-19.81],[-65.06,-19.82],[-65.06,-19.86],[-65.07,-19.88],[-65.07,-19.9],[-65.08,-19.91],[-65.08,-19.96],[-65.09,-19.99],[-65.09,-20.0],[-65.1,-20.01],[-65.1,-20.02],[-65.11,-20.02],[-65.11,-20.01],[-65.14,-20.01],[-65.15,-20.0],[-65.16,-19.99],[-65.16,-19.97],[-65.17,-19.96],[-65.18,-19.94],[-65.18,-19.93],[-65.21,-19.93],[-65.22,-19.92],[-65.22,-19.9],[-65.26,-19.9],[-65.26,-19.93],[-65.25,-19.93],[-65.25,-19.94],[-65.26,-19.94],[-65.26,-19.98],[-65.27,-19.98],[-65.27,-20.0],[-65.28,-20.0],[-65.28,-20.01],[-65.29,-20.02],[-65.29,-20.03],[-65.3,-20.04],[-65.29,-20.04],[-65.29,-20.05],[-65.26,-20.08],[-65.26,-20.11],[-65.25,-20.12],[-65.26,-20.13],[-65.26,-20.17],[-65.27,-20.17],[-65.27,-20.18],[-65.29,-20.19],[-65.3,-20.2],[-65.29,-20.21],[-65.28,-20.23],[-65.28,-20.24],[-65.26,-20.24],[-65.26,-20.26],[-65.25,-20.26],[-65.25,-20.27],[-65.24,-20.27],[-65.24,-20.28],[-65.25,-20.28],[-65.24,-20.29],[-65.24,-20.31],[-65.23,-20.32],[-65.23,-20.33],[-65.22,-20.33],[-65.22,-20.35],[-65.23,-20.36],[-65.24,-20.36],[-65.24,-20.37],[-65.25,-20.38],[-65.25,-20.39],[-65.24,-20.4],[-65.24,-20.42],[-65.25,-20.42],[-65.25,-20.44],[-65.26,-20.45],[-65.27,-20.45],[-65.27,-20.51],[-65.3,-20.54],[-65.31,-20.54],[-65.31,-20.55],[-65.37,-20.55],[-65.37,-20.59],[-65.36,-20.6],[-65.36,-20.61],[-65.35,-20.61],[-65.35,-20.64],[-65.36,-20.64],[-65.36,-20.71],[-65.35,-20.71],[-65.35,-20.73],[-65.36,-20.73],[-65.36,-20.74],[-65.37,-20.74],[-65.37,-20.76],[-65.38,-20.76],[-65.38,-20.78],[-65.37,-20.78],[-65.37,-20.81],[-65.36,-20.82],[-65.36,-20.84],[-65.35,-20.84],[-65.35,-20.86],[-65.37,-20.86],[-65.37,-20.87],[-65.4,-20.87],[-65.42,-20.89],[-65.42,-20.9],[-65.43,-20.9],[-65.43,-20.96],[-65.44,-20.96],[-65.44,-20.98],[-65.45,-20.99],[-65.45,-21.1],[-65.46,-21.11],[-65.46,-21.12],[-65.47,-21.13],[-65.46,-21.13],[-65.46,-21.15],[-65.45,-21.15],[-65.46,-21.16],[-65.46,-21.18],[-65.44,-21.18],[-65.44,-21.2],[-65.43,-21.2],[-65.43,-21.22],[-65.44,-21.22],[-65.44,-21.25],[-65.43,-21.25],[-65.43,-21.26],[-65.42,-21.26],[-65.42,-21.27],[-65.43,-21.27],[-65.43,-21.29],[-65.44,-21.29],[-65.44,-21.31],[-65.43,-21.31],[-65.44,-21.32],[-65.43,-21.33],[-65.43,-21.34],[-65.44,-21.34],[-65.44,-21.36],[-65.45,-21.36],[-65.45,-21.38],[-65.44,-21.38],[-65.44,-21.39],[-65.43,-21.4],[-65.43,-21.41],[-65.41,-21.43],[-65.41,-21.44],[-65.4,-21.44],[-65.4,-21.5],[-65.38,-21.5],[-65.37,-21.49],[-65.34,-21.49],[-65.34,-21.5],[-65.33,-21.5],[-65.33,-21.49],[-65.27,-21.49],[-65.26,-21.48],[-65.25,-21.48],[-65.25,-21.49],[-65.24,-21.49],[-65.24,-21.51],[-65.25,-21.51],[-65.25,-21.53],[-65.24,-21.53],[-65.24,-21.54],[-65.25,-21.54],[-65.25,-21.55],[-65.24,-21.55],[-65.24,-21.57],[-65.25,-21.57],[-65.25,-21.6],[-65.26,-21.6],[-65.26,-21.63],[-65.27,-21.64],[-65.28,-21.64],[-65.28,-21.67],[-65.3,-21.67],[-65.3,-21.72],[-65.29,-21.72],[-65.29,-21.73],[-65.31,-21.73],[-65.31,-21.74],[-65.32,-21.74],[-65.32,-21.77],[-65.33,-21.77],[-65.33,-21.8],[-65.34,-21.8],[-65.34,-21.81],[-65.35,-21.81],[-65.35,-21.84],[-65.37,-21.84],[-65.37,-21.83],[-65.38,-21.83],[-65.38,-21.84],[-65.39,-21.84],[-65.39,-21.87],[-65.4,-21.87],[-65.4,-21.88],[-65.41,-21.88],[-65.41,-21.89],[-65.42,-21.89],[-65.42,-21.9],[-65.41,-21.9],[-65.41,-21.91],[-65.4,-21.91],[-65.4,-21.92],[-65.39,-21.92],[-65.39,-21.93],[-65.38,-21.93],[-65.37,-21.94],[-65.36,-21.94],[-65.36,-21.95],[-65.35,-21.95],[-65.34,-21.96],[-65.33,-21.96],[-65.33,-21.97],[-65.3,-21.97],[-65.3,-21.98],[-65.29,-21.98],[-65.29,-21.97],[-65.25,-21.97],[-65.25,-21.98],[-65.24,-21.98],[-65.24,-21.99],[-65.21,-21.99],[-65.21,-22.0],[-65.2,-22.0],[-65.2,-22.01],[-65.18,-22.01],[-65.18,-22.03],[-65.19,-22.04],[-65.19,-22.08],[-65.37,-22.08],[-65.4,-22.09],[-65.44,-22.08],[-65.45,-22.09],[-65.5,-22.09],[-65.57,-22.07],[-65.58,-22.07],[-65.58,-22.09],[-65.62,-22.09],[-65.62,-22.1],[-65.65,-22.1],[-65.65,-22.11],[-65.69,-22.11],[-65.69,-22.1],[-65.71,-22.1],[-65.71,-22.09],[-65.72,-22.09],[-65.72,-22.1],[-65.74,-22.1],[-65.74,-22.11],[-65.75,-22.11],[-65.75,-22.1],[-65.76,-22.1],[-65.77,-22.09],[-65.78,-22.09],[-65.78,-22.08],[-65.79,-22.08],[-65.79,-22.07],[-65.8,-22.07],[-65.86,-22.0],[-65.91,-21.95],[-65.91,-21.94],[-65.92,-21.94],[-65.92,-21.93],[-65.96,-21.93],[-65.97,-21.92],[-66.05,-21.92],[-66.04,-21.89],[-66.04,-21.87],[-66.07,-21.84],[-66.07,-21.83],[-66.11,-21.82],[-66.13,-21.81],[-66.17,-21.8],[-66.19,-21.79],[-66.21,-21.79],[-66.22,-21.78],[-66.22,-21.79],[-66.23,-21.79],[-66.23,-21.78],[-66.24,-21.78],[-66.24,-21.81],[-66.23,-21.81],[-66.23,-21.82],[-66.24,-21.82],[-66.24,-21.84],[-66.23,-21.84],[-66.23,-21.85],[-66.24,-21.85],[-66.24,-21.88],[-66.25,-21.88],[-66.25,-21.9],[-66.26,-21.9],[-66.26,-21.93],[-66.27,-21.93],[-66.27,-21.97],[-66.28,-21.97],[-66.28,-22.03],[-66.29,-22.03],[-66.29,-22.06],[-66.28,-22.06],[-66.28,-22.07],[-66.29,-22.07],[-66.29,-22.09],[-66.32,-22.09],[-66.32,-22.1],[-66.33,-22.1],[-66.33,-22.12],[-66.35,-22.12],[-66.36,-22.13],[-66.38,-22.13],[-66.39,-22.14],[-66.41,-22.14],[-66.43,-22.15],[-66.44,-22.15],[-66.48,-22.16],[-66.5,-22.16],[-66.51,-22.17],[-66.53,-22.17],[-66.56,-22.18],[-66.6,-22.19],[-66.62,-22.19],[-66.64,-22.22],[-66.65,-22.21],[-66.68,-22.21],[-66.73,-22.23],[-66.74,-22.23],[-66.75,-22.29],[-66.75,-22.3],[-66.76,-22.31],[-66.76,-22.34],[-66.78,-22.4],[-66.78,-22.43],[-66.8,-22.44],[-66.87,-22.47],[-66.93,-22.49],[-66.94,-22.5],[-66.94,-22.51],[-66.95,-22.51],[-66.95,-22.52],[-66.96,-22.52],[-66.96,-22.53],[-66.97,-22.53],[-66.97,-22.54],[-67.02,-22.54],[-67.02,-22.6],[-67.01,-22.63],[-67.01,-22.65],[-67.03,-22.66],[-67.04,-22.67],[-67.13,-22.72],[-67.18,-22.81],[-67.25,-22.83],[-67.28,-22.83],[-67.3,-22.84],[-67.34,-22.85],[-67.37,-22.85],[-67.41,-22.86],[-67.42,-22.86],[-67.44,-22.87],[-67.47,-22.88],[-67.51,-22.88],[-67.52,-22.89],[-67.55,-22.89],[-67.55,-22.9],[-67.65,-22.9],[-67.65,-22.89],[-67.73,-22.89],[-67.73,-22.88],[-67.8,-22.88],[-67.8,-22.87],[-67.82,-22.85],[-67.82,-22.84],[-67.83,-22.84],[-67.83,-22.85],[-67.84,-22.84],[-67.86,-22.84],[-67.87,-22.83],[-67.88,-22.83],[-67.88,-22.77],[-67.89,-22.74],[-67.89,-22.69],[-67.88,-22.68],[-67.88,-22.67],[-67.85,-22.55],[-67.89,-22.5],[-67.9,-22.42],[-67.92,-22.39],[-67.95,-22.33],[-67.94,-22.31],[-67.94,-22.29],[-67.92,-22.27],[-67.92,-22.24],[-67.93,-22.2],[-67.94,-22.18],[-67.95,-22.17],[-67.96,-22.15],[-67.94,-22.11],[-67.94,-22.1],[-67.95,-22.08],[-67.96,-22.08],[-67.96,-22.05],[-68.0,-22.04],[-68.01,-22.04],[-68.01,-22.02],[-68.03,-22.01],[-68.04,-22.0],[-68.07,-21.98],[-68.07,-21.92],[-68.06,-21.85],[-68.07,-21.83],[-68.07,-21.8],[-68.08,-21.79],[-68.08,-21.76],[-68.09,-21.74],[-68.1,-21.71],[-68.1,-21.7],[-68.11,-21.68],[-68.14,-21.65],[-68.18,-21.6],[-68.18,-21.29],[-68.2,-21.27],[-68.2,-21.26],[-68.21,-21.25],[-68.21,-21.24],[-68.22,-21.23],[-68.22,-21.22],[-68.23,-21.21],[-68.23,-21.2],[-68.24,-21.2],[-68.24,-21.19],[-68.25,-21.18],[-68.25,-21.17],[-68.29,-21.09],[-68.32,-21.06],[-68.34,-21.02],[-68.36,-21.0],[-68.38,-20.97],[-68.41,-20.93],[-68.42,-20.94],[-68.5,-20.94],[-68.54,-20.9],[-68.57,-20.89],[-68.55,-20.85],[-68.55,-20.83],[-68.54,-20.82],[-68.54,-20.77],[-68.55,-20.76],[-68.55,-20.72],[-68.53,-20.72],[-68.53,-20.71],[-68.52,-20.69],[-68.5,-20.67],[-68.5,-20.66],[-68.46,-20.66],[-68.46,-20.65],[-68.45,-20.64],[-68.43,-20.64],[-68.43,-20.63],[-68.44,-20.63],[-68.44,-20.62],[-68.45,-20.62],[-68.46,-20.61],[-68.47,-20.61],[-68.48,-20.6],[-68.49,-20.6],[-68.5,-20.59],[-68.52,-20.58],[-68.53,-20.57],[-68.58,-20.55],[-68.61,-20.54],[-68.65,-20.52],[-68.66,-20.51],[-68.68,-20.5],[-68.74,-20.44],[-68.74,-20.37],[-68.71,-20.36],[-68.66,-20.34],[-68.66,-20.3],[-68.69,-20.29],[-68.69,-20.28],[-68.71,-20.24],[-68.71,-20.19],[-68.69,-20.17],[-68.7,-20.17],[-68.7,-20.16],[-68.71,-20.16],[-68.71,-20.15],[-68.7,-20.15],[-68.7,-20.14],[-68.74,-20.14],[-68.74,-20.15],[-68.75,-20.15],[-68.75,-20.14],[-68.77,-20.14],[-68.77,-20.09],[-68.76,-20.09],[-68.76,-20.08],[-68.75,-20.07],[-68.7,-20.07],[-68.7,-20.06],[-68.67,-20.06],[-68.66,-20.05],[-68.56,-20.05],[-68.56,-20.03],[-68.55,-20.03],[-68.55,-20.0],[-68.54,-20.0],[-68.52,-19.92],[-68.54,-19.88],[-68.53,-19.84],[-68.56,-19.83],[-68.59,-19.83],[-68.6,-19.82],[-68.6,-19.81],[-68.61,-19.81],[-68.61,-19.8],[-68.62,-19.79],[-68.62,-19.78],[-68.64,-19.78],[-68.64,-19.77],[-68.65,-19.77],[-68.66,-19.76],[-68.68,-19.76],[-68.68,-19.75],[-68.7,-19.75],[-68.69,-19.74],[-68.69,-19.73],[-68.68,-19.72],[-68.68,-19.71],[-68.66,-19.71],[-68.66,-19.7],[-68.65,-19.7],[-68.65,-19.69],[-68.63,-19.69],[-68.63,-19.68],[-68.62,-19.67],[-68.61,-19.67],[-68.6,-19.66],[-68.6,-19.65],[-68.59,-19.65],[-68.58,-19.63],[-68.57,-19.6],[-68.56,-19.6],[-68.56,-19.59],[-68.54,-19.57],[-68.53,-19.55],[-68.5,-19.52],[-68.49,-19.5],[-68.48,-19.5],[-68.48,-19.49],[-68.47,-19.48],[-68.47,-19.47],[-68.46,-19.47],[-68.46,-19.46],[-68.43,-19.43],[-68.43,-19.44],[-68.41,-19.44],[-68.41,-19.46],[-68.4,-19.46],[-68.4,-19.49],[-68.39,-19.49],[-68.39,-19.5],[-68.38,-19.5],[-68.38,-19.52],[-68.36,-19.52],[-68.36,-19.53],[-68.35,-19.53],[-68.35,-19.54],[-68.32,-19.54],[-68.32,-19.55],[-68.3,-19.55],[-68.3,-19.56],[-68.29,-19.56],[-68.29,-19.57],[-68.28,-19.57],[-68.28,-19.59],[-68.26,-19.59],[-68.26,-19.6],[-68.27,-19.6],[-68.27,-19.61],[-68.25,-19.61],[-68.25,-19.62],[-68.26,-19.62],[-68.26,-19.63],[-68.25,-19.63],[-68.25,-19.64],[-68.24,-19.64],[-68.24,-19.65],[-68.26,-19.65],[-68.26,-19.69],[-68.24,-19.69],[-68.24,-19.67],[-68.23,-19.67],[-68.23,-19.65],[-68.21,-19.65],[-68.21,-19.63],[-68.2,-19.63],[-68.2,-19.62],[-68.19,-19.62],[-68.19,-19.6],[-68.2,-19.6],[-68.2,-19.59],[-68.19,-19.59],[-68.18,-19.6],[-68.17,-19.6],[-68.17,-19.61],[-68.15,-19.61],[-68.15,-19.6],[-68.13,-19.6],[-68.12,-19.59],[-68.11,-19.59],[-68.11,-19.58],[-68.1,-19.58],[-68.1,-19.59],[-68.09,-19.59],[-68.09,-19.58],[-68.08,-19.59],[-68.06,-19.6],[-68.04,-19.62],[-68.03,-19.62],[-68.03,-19.63],[-68.02,-19.64],[-68.02,-19.65],[-68.01,-19.65],[-68.0,-19.66],[-68.0,-19.67],[-67.97,-19.7],[-67.97,-19.71],[-67.96,-19.72],[-67.96,-19.73],[-67.93,-19.73],[-67.91,-19.74],[-67.91,-19.75],[-67.9,-19.75],[-67.89,-19.76],[-67.87,-19.76],[-67.84,-19.79],[-67.83,-19.79],[-67.83,-19.8],[-67.82,-19.81],[-67.8,-19.81],[-67.79,-19.8],[-67.71,-19.8],[-67.71,-19.81],[-67.69,-19.81],[-67.69,-19.82],[-67.67,-19.82],[-67.66,-19.83],[-67.64,-19.83],[-67.64,-19.84],[-67.62,-19.84],[-67.62,-19.85],[-67.61,-19.85],[-67.61,-19.86],[-67.6,-19.86],[-67.6,-19.87],[-67.57,-19.87],[-67.57,-19.88],[-67.56,-19.88],[-67.56,-19.86],[-67.54,-19.86],[-67.54,-19.85],[-67.53,-19.85],[-67.53,-19.82],[-67.54,-19.82],[-67.54,-19.81],[-67.55,-19.81],[-67.55,-19.8],[-67.54,-19.79],[-67.55,-19.79],[-67.55,-19.78],[-67.56,-19.78],[-67.56,-19.77],[-67.57,-19.76],[-67.57,-19.77],[-67.58,-19.77],[-67.58,-19.78],[-67.59,-19.78],[-67.59,-19.77]],[[-68.39,-19.52],[-68.39,-19.53],[-68.38,-19.53],[-68.38,-19.52],[-68.39,-19.52]],[[-68.39,-19.53],[-68.41,-19.53],[-68.41,-19.54],[-68.4,-19.54],[-68.4,-19.55],[-68.39,-19.55],[-68.39,-19.53]],[[-68.18,-19.61],[-68.18,-19.62],[-68.17,-19.61],[-68.18,-19.61]],[[-67.53,-19.79],[-67.54,-19.78],[-67.54,-19.79],[-67.53,-19.79]],[[-68.42,-19.55],[-68.42,-19.56],[-68.41,-19.56],[-68.41,-19.55],[-68.42,-19.55]],[[-67.34,-19.67],[-67.34,-19.66],[-67.36,-19.66],[-67.36,-19.67],[-67.34,-19.67]],[[-67.56,-19.67],[-67.56,-19.66],[-67.57,-19.67],[-67.56,-19.67]],[[-67.48,-19.64],[-67.48,-19.62],[-67.49,-19.62],[-67.49,-19.64],[-67.48,-19.64]],[[-67.5,-19.64],[-67.5,-19.63],[-67.51,-19.63],[-67.51,-19.66],[-67.52,-19.66],[-67.52,-19.67],[-67.51,-19.68],[-67.51,-19.67],[-67.46,-19.67],[-67.46,-19.66],[-67.49,-19.66],[-67.49,-19.64],[-67.5,-19.64]],[[-67.59,-19.74],[-67.58,-19.73],[-67.59,-19.73],[-67.59,-19.74]],[[-67.54,-19.67],[-67.54,-19.66],[-67.53,-19.66],[-67.53,-19.65],[-67.54,-19.65],[-67.55,-19.66],[-67.55,-19.67],[-67.54,-19.67]],[[-67.54,-19.64],[-67.56,-19.64],[-67.56,-19.65],[-67.54,-19.65],[-67.54,-19.64]]],[[[-67.56,-19.78],[-67.56,-19.79],[-67.58,-19.79],[-67.58,-19.78],[-67.56,-19.78]]],[[[-67.67,-19.68],[-67.66,-19.69],[-67.68,-19.69],[-67.68,-19.68],[-67.67,-19.68]]],[[[-68.23,-19.58],[-68.2,-19.58],[-68.2,-19.59],[-68.21,-19.59],[-68.21,-19.6],[-68.24,-19.6],[-68.24,-19.59],[-68.23,-19.59],[-68.23,-19.58]]],[[[-68.24,-19.58],[-68.24,-19.57],[-68.26,-19.57],[-68.26,-19.56],[-68.24,-19.56],[-68.23,-19.57],[-68.23,-19.58],[-68.24,-19.58]]],[[[-68.28,-19.55],[-68.26,-19.55],[-68.26,-19.56],[-68.28,-19.56],[-68.28,-19.55]]]]}},{"type":"Feature","properties":{"id":"dep-SC","nombre":"Santa Cruz","nivel":"departamento","municipio":null,"provincia":null,"departamento":"Santa Cruz","fuente":"YoViajo/geodatos (límites departamentales)"},"geometry":{"type":"MultiPolygon","coordinates":[[[[-64.32,-18.67],[-64.33,-18.66],[-64.32,-18.66],[-64.32,-18.67]]],[[[-64.51,-17.1],[-64.52,-17.09],[-64.51,-17.09],[-64.51,-17.1]]],[[[-64.6,-17.03],[-64.59,-17.04],[-64.61,-17.04],[-64.61,-17.03],[-64.6,-17.03]]],[[[-64.38,-17.17],[-64.39,-17.17],[-64.39,-17.15],[-64.4,-17.15],[-64.4,-17.16],[-64.41,-17.16],[-64.41,-17.14],[-64.42,-17.14],[-64.42,-17.15],[-64.43,-17.15],[-64.43,-17.13],[-64.44,-17.13],[-64.45,-17.14],[-64.46,-17.14],[-64.46,-17.13],[-64.48,-17.13],[-64.48,-17.11],[-64.49,-17.11],[-64.49,-17.09],[-64.51,-17.09],[-64.51,-17.08],[-64.52,-17.08],[-64.52,-17.09],[-64.54,-17.09],[-64.55,-17.08],[-64.54,-17.07],[-64.53,-17.07],[-64.53,-17.06],[-64.52,-17.06],[-64.52,-17.05],[-64.55,-17.05],[-64.55,-17.06],[-64.57,-17.06],[-64.57,-17.05],[-64.59,-17.05],[-64.59,-17.04],[-64.59,-17.03],[-64.6,-17.02],[-64.61,-17.02],[-64.61,-17.03],[-64.64,-17.03],[-64.64,-17.01],[-64.63,-17.01],[-64.63,-17.0],[-64.66,-17.0],[-64.66,-17.01],[-64.68,-17.01],[-64.68,-17.02],[-64.69,-17.01],[-64.69,-16.99],[-64.7,-17.0],[-64.71,-16.99],[-64.71,-16.98],[-64.69,-16.98],[-64.69,-16.97],[-64.67,-16.97],[-64.68,-16.96],[-64.69,-16.96],[-64.69,-16.95],[-64.7,-16.95],[-64.7,-16.97],[-64.71,-16.97],[-64.72,-16.96],[-64.71,-16.96],[-64.71,-16.94],[-64.72,-16.94],[-64.72,-16.95],[-64.73,-16.95],[-64.74,-16.94],[-64.73,-16.93],[-64.72,-16.93],[-64.72,-16.92],[-64.73,-16.91],[-64.74,-16.91],[-64.74,-16.92],[-64.75,-16.91],[-64.74,-16.9],[-64.73,-16.9],[-64.73,-16.88],[-64.74,-16.88],[-64.74,-16.87],[-64.74,-16.86],[-64.74,-16.85],[-64.77,-16.85],[-64.77,-16.84],[-64.76,-16.84],[-64.76,-16.83],[-64.77,-16.83],[-64.77,-16.82],[-64.78,-16.82],[-64.78,-16.84],[-64.79,-16.84],[-64.79,-16.82],[-64.78,-16.81],[-64.78,-16.79],[-64.8,-16.79],[-64.8,-16.78],[-64.81,-16.78],[-64.81,-16.77],[-64.8,-16.77],[-64.8,-16.76],[-64.82,-16.76],[-64.82,-16.77],[-64.83,-16.77],[-64.83,-16.75],[-64.81,-16.75],[-64.81,-16.74],[-64.84,-16.74],[-64.84,-16.73],[-64.83,-16.72],[-64.82,-16.72],[-64.82,-16.73],[-64.8,-16.73],[-64.8,-16.74],[-64.78,-16.74],[-64.78,-16.71],[-64.8,-16.71],[-64.8,-16.69],[-64.79,-16.69],[-64.79,-16.67],[-64.78,-16.66],[-64.77,-16.66],[-64.77,-16.68],[-64.76,-16.67],[-64.76,-16.65],[-64.75,-16.65],[-64.75,-16.64],[-64.74,-16.64],[-64.74,-16.63],[-64.76,-16.63],[-64.76,-16.64],[-64.78,-16.64],[-64.78,-16.61],[-64.77,-16.61],[-64.77,-16.6],[-64.76,-16.6],[-64.76,-16.59],[-64.75,-16.59],[-64.75,-16.57],[-64.74,-16.57],[-64.74,-16.56],[-64.76,-16.56],[-64.76,-16.55],[-64.78,-16.55],[-64.79,-16.54],[-64.78,-16.53],[-64.78,-16.51],[-64.76,-16.51],[-64.76,-16.54],[-64.75,-16.54],[-64.74,-16.53],[-64.74,-16.52],[-64.75,-16.52],[-64.75,-16.51],[-64.74,-16.51],[-64.74,-16.5],[-64.72,-16.5],[-64.72,-16.53],[-64.7,-16.53],[-64.7,-16.51],[-64.71,-16.5],[-64.71,-16.49],[-64.69,-16.49],[-64.69,-16.48],[-64.71,-16.48],[-64.71,-16.47],[-64.67,-16.47],[-64.67,-16.46],[-64.68,-16.46],[-64.68,-16.43],[-64.69,-16.43],[-64.69,-16.41],[-64.68,-16.41],[-64.68,-16.4],[-64.67,-16.4],[-64.67,-16.39],[-64.65,-16.37],[-64.68,-16.37],[-64.68,-16.38],[-64.71,-16.38],[-64.71,-16.37],[-64.69,-16.37],[-64.69,-16.36],[-64.7,-16.36],[-64.7,-16.35],[-64.69,-16.34],[-64.68,-16.34],[-64.68,-16.36],[-64.67,-16.36],[-64.66,-16.35],[-64.67,-16.35],[-64.66,-16.34],[-64.66,-16.33],[-64.65,-16.33],[-64.65,-16.31],[-64.66,-16.31],[-64.66,-16.32],[-64.67,-16.32],[-64.67,-16.3],[-64.65,-16.3],[-64.65,-16.29],[-64.66,-16.29],[-64.66,-16.28],[-64.67,-16.28],[-64.67,-16.29],[-64.68,-16.29],[-64.68,-16.26],[-64.69,-16.27],[-64.69,-16.28],[-64.7,-16.28],[-64.7,-16.26],[-64.71,-16.26],[-64.71,-16.25],[-64.7,-16.25],[-64.7,-16.23],[-64.67,-16.23],[-64.67,-16.2],[-64.68,-16.2],[-64.69,-16.19],[-64.7,-16.19],[-64.7,-16.16],[-64.69,-16.16],[-64.69,-16.18],[-64.68,-16.18],[-64.68,-16.16],[-64.67,-16.15],[-64.67,-16.14],[-64.69,-16.14],[-64.69,-16.13],[-64.68,-16.13],[-64.68,-16.11],[-64.69,-16.11],[-64.69,-16.09],[-64.7,-16.09],[-64.7,-16.08],[-64.69,-16.07],[-64.69,-16.06],[-64.71,-16.06],[-64.71,-16.04],[-64.7,-16.04],[-64.7,-16.03],[-64.71,-16.03],[-64.71,-16.02],[-64.72,-16.02],[-64.72,-16.03],[-64.73,-16.03],[-64.73,-16.01],[-64.7,-16.01],[-64.7,-16.0],[-64.73,-16.0],[-64.73,-15.99],[-64.72,-15.98],[-64.71,-15.98],[-64.71,-15.96],[-64.72,-15.96],[-64.72,-15.97],[-64.73,-15.98],[-64.74,-15.98],[-64.74,-15.97],[-64.73,-15.96],[-64.73,-15.95],[-64.75,-15.95],[-64.75,-15.92],[-64.73,-15.92],[-64.73,-15.91],[-64.74,-15.9],[-64.75,-15.9],[-64.76,-15.89],[-64.76,-15.88],[-64.75,-15.88],[-64.75,-15.89],[-64.74,-15.89],[-64.73,-15.9],[-64.72,-15.89],[-64.73,-15.88],[-64.73,-15.87],[-64.75,-15.87],[-64.75,-15.86],[-64.74,-15.85],[-64.74,-15.83],[-64.73,-15.83],[-64.73,-15.8],[-64.49,-15.82],[-64.46,-15.82],[-64.02,-15.85],[-63.87,-15.85],[-63.44,-15.88],[-63.38,-15.88],[-63.39,-15.87],[-63.38,-15.86],[-63.39,-15.86],[-63.39,-15.85],[-63.4,-15.85],[-63.42,-15.85],[-63.42,-15.83],[-63.43,-15.83],[-63.43,-15.82],[-63.43,-15.81],[-63.43,-15.8],[-63.44,-15.8],[-63.44,-15.79],[-63.44,-15.78],[-63.44,-15.75],[-63.43,-15.75],[-63.43,-15.74],[-63.46,-15.74],[-63.46,-15.73],[-63.47,-15.73],[-63.47,-15.7],[-63.49,-15.7],[-63.49,-15.68],[-63.51,-15.68],[-63.51,-15.66],[-63.52,-15.66],[-63.52,-15.65],[-63.53,-15.65],[-63.53,-15.66],[-63.54,-15.66],[-63.54,-15.65],[-63.55,-15.65],[-63.55,-15.66],[-63.58,-15.66],[-63.58,-15.64],[-63.59,-15.63],[-63.63,-15.63],[-63.63,-15.61],[-63.65,-15.61],[-63.65,-15.58],[-63.67,-15.58],[-63.67,-15.57],[-63.69,-15.57],[-63.69,-15.53],[-63.68,-15.53],[-63.68,-15.51],[-63.69,-15.51],[-63.69,-15.5],[-63.68,-15.5],[-63.68,-15.49],[-63.7,-15.49],[-63.7,-15.48],[-63.71,-15.48],[-63.71,-15.47],[-63.72,-15.47],[-63.72,-15.46],[-63.74,-15.46],[-63.74,-15.45],[-63.76,-15.45],[-63.76,-15.43],[-63.79,-15.43],[-63.79,-15.41],[-63.78,-15.41],[-63.78,-15.4],[-63.77,-15.4],[-63.77,-15.39],[-63.78,-15.39],[-63.78,-15.38],[-63.79,-15.38],[-63.79,-15.37],[-63.8,-15.37],[-63.8,-15.36],[-63.82,-15.36],[-63.82,-15.35],[-63.83,-15.35],[-63.83,-15.32],[-63.84,-15.32],[-63.84,-15.31],[-63.85,-15.31],[-63.85,-15.27],[-63.86,-15.27],[-63.86,-15.26],[-63.87,-15.26],[-63.87,-15.25],[-63.86,-15.24],[-63.86,-15.22],[-63.88,-15.22],[-63.88,-15.21],[-63.89,-15.21],[-63.89,-15.17],[-63.91,-15.17],[-63.91,-15.16],[-63.94,-15.16],[-63.94,-15.1],[-63.95,-15.1],[-63.95,-15.07],[-63.96,-15.07],[-63.96,-15.06],[-63.95,-15.06],[-63.95,-15.05],[-63.94,-15.05],[-63.94,-15.04],[-63.93,-15.04],[-63.93,-15.03],[-63.92,-15.03],[-63.92,-15.02],[-63.94,-15.02],[-63.94,-15.01],[-63.93,-15.01],[-63.93,-15.0],[-63.92,-15.0],[-63.92,-14.96],[-63.93,-14.96],[-63.89,-14.84],[-63.87,-14.75],[-63.76,-14.35],[-63.08,-14.11],[-62.14,-13.76],[-61.53,-13.53],[-61.51,-13.53],[-61.51,-13.54],[-61.5,-13.55],[-61.5,-13.54],[-61.49,-13.54],[-61.49,-13.55],[-61.45,-13.55],[-61.45,-13.54],[-61.41,-13.54],[-61.41,-13.53],[-61.4,-13.53],[-61.4,-13.52],[-61.34,-13.52],[-61.34,-13.5],[-61.3,-13.5],[-61.3,-13.49],[-61.29,-13.49],[-61.29,-13.5],[-61.27,-13.5],[-61.27,-13.49],[-61.24,-13.49],[-61.24,-13.52],[-61.23,-13.52],[-61.23,-13.53],[-61.22,-13.53],[-61.22,-13.52],[-61.2,-13.52],[-61.2,-13.53],[-61.18,-13.53],[-61.18,-13.52],[-61.19,-13.52],[-61.19,-13.51],[-61.14,-13.51],[-61.14,-13.53],[-61.13,-13.53],[-61.13,-13.52],[-61.11,-13.52],[-61.11,-13.53],[-61.1,-13.53],[-61.1,-13.5],[-61.06,-13.5],[-61.06,-13.51],[-61.04,-13.51],[-61.04,-13.49],[-61.05,-13.49],[-61.05,-13.47],[-61.03,-13.47],[-61.03,-13.48],[-61.0,-13.48],[-60.99,-13.49],[-60.99,-13.5],[-61.01,-13.5],[-61.01,-13.51],[-61.0,-13.52],[-61.01,-13.52],[-61.01,-13.55],[-61.0,-13.55],[-60.99,-13.54],[-60.99,-13.53],[-60.98,-13.53],[-60.98,-13.54],[-60.97,-13.53],[-60.96,-13.53],[-60.96,-13.55],[-60.94,-13.55],[-60.94,-13.54],[-60.92,-13.54],[-60.92,-13.57],[-60.91,-13.57],[-60.91,-13.58],[-60.9,-13.58],[-60.9,-13.59],[-60.89,-13.59],[-60.89,-13.6],[-60.88,-13.6],[-60.88,-13.62],[-60.85,-13.62],[-60.85,-13.63],[-60.84,-13.63],[-60.84,-13.62],[-60.83,-13.62],[-60.83,-13.63],[-60.81,-13.63],[-60.81,-13.65],[-60.78,-13.65],[-60.78,-13.66],[-60.77,-13.66],[-60.77,-13.68],[-60.72,-13.68],[-60.72,-13.69],[-60.7,-13.69],[-60.7,-13.71],[-60.69,-13.71],[-60.69,-13.7],[-60.68,-13.7],[-60.68,-13.72],[-60.66,-13.72],[-60.66,-13.73],[-60.64,-13.73],[-60.64,-13.72],[-60.61,-13.72],[-60.61,-13.73],[-60.6,-13.73],[-60.6,-13.74],[-60.57,-13.74],[-60.57,-13.75],[-60.58,-13.75],[-60.57,-13.76],[-60.57,-13.77],[-60.52,-13.77],[-60.52,-13.79],[-60.46,-13.79],[-60.46,-13.84],[-60.47,-13.84],[-60.47,-13.85],[-60.45,-13.85],[-60.45,-13.88],[-60.44,-13.88],[-60.44,-13.94],[-60.43,-13.94],[-60.43,-13.96],[-60.41,-13.98],[-60.41,-13.99],[-60.4,-13.99],[-60.4,-14.01],[-60.41,-14.01],[-60.41,-14.03],[-60.42,-14.03],[-60.42,-14.04],[-60.43,-14.05],[-60.43,-14.06],[-60.44,-14.07],[-60.44,-14.08],[-60.45,-14.08],[-60.47,-14.1],[-60.47,-14.16],[-60.48,-14.16],[-60.48,-14.18],[-60.46,-14.18],[-60.46,-14.23],[-60.45,-14.23],[-60.45,-14.25],[-60.46,-14.25],[-60.46,-14.27],[-60.45,-14.27],[-60.45,-14.3],[-60.44,-14.3],[-60.44,-14.31],[-60.43,-14.32],[-60.42,-14.32],[-60.42,-14.33],[-60.41,-14.33],[-60.41,-14.34],[-60.4,-14.35],[-60.39,-14.35],[-60.39,-14.36],[-60.38,-14.36],[-60.38,-14.39],[-60.39,-14.39],[-60.4,-14.4],[-60.4,-14.42],[-60.39,-14.42],[-60.39,-14.43],[-60.38,-14.44],[-60.38,-14.45],[-60.37,-14.45],[-60.37,-14.46],[-60.36,-14.48],[-60.35,-14.49],[-60.35,-14.5],[-60.34,-14.5],[-60.34,-14.52],[-60.33,-14.53],[-60.34,-14.53],[-60.34,-14.54],[-60.33,-14.54],[-60.33,-14.59],[-60.32,-14.6],[-60.32,-14.61],[-60.3,-14.61],[-60.3,-14.62],[-60.27,-14.62],[-60.27,-14.72],[-60.26,-14.72],[-60.26,-14.81],[-60.25,-14.88],[-60.25,-15.0],[-60.24,-15.09],[-60.57,-15.09],[-60.57,-15.1],[-60.5,-15.17],[-60.5,-15.18],[-60.49,-15.18],[-60.49,-15.19],[-60.48,-15.19],[-60.48,-15.2],[-60.47,-15.2],[-60.47,-15.21],[-60.41,-15.27],[-60.36,-15.33],[-60.34,-15.36],[-60.32,-15.37],[-60.3,-15.39],[-60.29,-15.41],[-60.27,-15.44],[-60.24,-15.47],[-60.23,-15.49],[-60.23,-15.53],[-60.22,-15.66],[-60.2,-15.76],[-60.2,-15.84],[-60.19,-15.89],[-60.18,-15.96],[-60.18,-16.11],[-60.17,-16.16],[-60.17,-16.26],[-60.07,-16.26],[-60.06,-16.27],[-59.54,-16.27],[-59.54,-16.28],[-59.26,-16.28],[-59.26,-16.29],[-59.04,-16.29],[-59.04,-16.3],[-58.77,-16.3],[-58.75,-16.31],[-58.51,-16.31],[-58.51,-16.32],[-58.43,-16.32],[-58.42,-16.31],[-58.41,-16.31],[-58.39,-16.29],[-58.39,-16.26],[-58.38,-16.26],[-58.37,-16.27],[-58.33,-16.27],[-58.32,-16.26],[-58.32,-16.29],[-58.31,-16.29],[-58.31,-16.3],[-58.3,-16.3],[-58.3,-16.33],[-58.31,-16.33],[-58.31,-16.37],[-58.32,-16.37],[-58.33,-16.38],[-58.33,-16.39],[-58.34,-16.39],[-58.34,-16.4],[-58.35,-16.4],[-58.35,-16.45],[-58.34,-16.46],[-58.34,-16.47],[-58.33,-16.47],[-58.33,-16.5],[-58.34,-16.51],[-58.34,-16.52],[-58.35,-16.52],[-58.38,-16.55],[-58.39,-16.55],[-58.39,-16.56],[-58.4,-16.56],[-58.4,-16.57],[-58.42,-16.57],[-58.42,-16.58],[-58.43,-16.58],[-58.43,-16.59],[-58.44,-16.6],[-58.44,-16.62],[-58.45,-16.62],[-58.45,-16.64],[-58.46,-16.64],[-58.46,-16.69],[-58.47,-16.69],[-58.47,-16.75],[-58.46,-16.75],[-58.46,-16.76],[-58.47,-16.77],[-58.46,-16.77],[-58.47,-16.78],[-58.46,-16.78],[-58.46,-16.79],[-58.47,-16.79],[-58.47,-16.81],[-58.48,-16.81],[-58.48,-16.83],[-58.46,-16.83],[-58.46,-16.84],[-58.47,-16.84],[-58.47,-16.87],[-58.46,-16.87],[-58.46,-16.88],[-58.47,-16.88],[-58.46,-16.89],[-58.46,-16.91],[-58.47,-16.91],[-58.47,-16.94],[-58.46,-16.94],[-58.46,-16.96],[-58.45,-16.97],[-58.45,-16.98],[-58.43,-16.98],[-58.43,-16.99],[-58.42,-16.99],[-58.42,-17.0],[-58.43,-17.0],[-58.43,-17.06],[-58.42,-17.07],[-58.41,-17.07],[-58.4,-17.08],[-58.4,-17.18],[-58.39,-17.18],[-58.39,-17.19],[-58.37,-17.19],[-58.37,-17.2],[-58.36,-17.2],[-58.36,-17.21],[-58.35,-17.21],[-58.35,-17.23],[-58.33,-17.23],[-58.33,-17.24],[-58.32,-17.24],[-58.32,-17.26],[-58.31,-17.26],[-58.3,-17.27],[-58.3,-17.28],[-58.29,-17.28],[-58.29,-17.29],[-58.3,-17.29],[-58.3,-17.3],[-58.28,-17.3],[-58.28,-17.32],[-58.27,-17.32],[-58.26,-17.33],[-58.26,-17.35],[-58.23,-17.35],[-58.22,-17.36],[-58.21,-17.36],[-58.21,-17.35],[-58.2,-17.35],[-58.2,-17.36],[-58.19,-17.36],[-58.19,-17.37],[-58.2,-17.37],[-58.2,-17.39],[-58.17,-17.39],[-58.17,-17.38],[-58.15,-17.38],[-58.15,-17.41],[-58.12,-17.41],[-58.12,-17.45],[-58.1,-17.45],[-58.1,-17.46],[-58.08,-17.46],[-58.08,-17.45],[-58.05,-17.45],[-58.05,-17.47],[-58.04,-17.47],[-58.04,-17.49],[-58.02,-17.49],[-58.02,-17.5],[-58.0,-17.5],[-58.0,-17.51],[-57.98,-17.51],[-57.98,-17.5],[-57.97,-17.5],[-57.97,-17.51],[-57.95,-17.5],[-57.95,-17.49],[-57.93,-17.49],[-57.92,-17.48],[-57.91,-17.46],[-57.9,-17.46],[-57.89,-17.45],[-57.88,-17.45],[-57.87,-17.46],[-57.84,-17.48],[-57.82,-17.5],[-57.75,-17.55],[-57.74,-17.55],[-57.74,-17.57],[-57.75,-17.57],[-57.75,-17.58],[-57.76,-17.58],[-57.76,-17.59],[-57.77,-17.6],[-57.78,-17.6],[-57.78,-17.61],[-57.77,-17.61],[-57.77,-17.62],[-57.78,-17.63],[-57.78,-17.65],[-57.77,-17.65],[-57.77,-17.66],[-57.76,-17.66],[-57.76,-17.67],[-57.75,-17.67],[-57.75,-17.69],[-57.74,-17.69],[-57.74,-17.7],[-57.73,-17.7],[-57.73,-17.72],[-57.71,-17.72],[-57.71,-17.77],[-57.7,-17.78],[-57.7,-17.79],[-57.69,-17.79],[-57.69,-17.8],[-57.68,-17.81],[-57.68,-17.83],[-57.72,-17.83],[-57.72,-17.84],[-57.71,-17.84],[-57.71,-17.85],[-57.7,-17.86],[-57.7,-17.87],[-57.69,-17.87],[-57.69,-17.89],[-57.68,-17.89],[-57.68,-17.91],[-57.67,-17.91],[-57.67,-17.92],[-57.66,-17.93],[-57.66,-17.94],[-57.65,-17.94],[-57.65,-17.96],[-57.64,-17.96],[-57.64,-17.98],[-57.62,-18.01],[-57.61,-18.01],[-57.61,-18.03],[-57.6,-18.03],[-57.6,-18.06],[-57.59,-18.06],[-57.59,-18.09],[-57.58,-18.09],[-57.58,-18.12],[-57.57,-18.12],[-57.57,-18.13],[-57.56,-18.13],[-57.56,-18.14],[-57.55,-18.14],[-57.55,-18.15],[-57.54,-18.15],[-57.54,-18.16],[-57.53,-18.16],[-57.53,-18.17],[-57.51,-18.19],[-57.51,-18.2],[-57.5,-18.2],[-57.5,-18.19],[-57.49,-18.2],[-57.48,-18.2],[-57.47,-18.21],[-57.47,-18.22],[-57.46,-18.22],[-57.45,-18.23],[-57.52,-18.23],[-57.52,-18.24],[-57.56,-18.24],[-57.56,-18.26],[-57.57,-18.26],[-57.57,-18.29],[-57.58,-18.29],[-57.58,-18.32],[-57.59,-18.32],[-57.59,-18.33],[-57.65,-18.52],[-57.65,-18.55],[-57.66,-18.55],[-57.66,-18.57],[-57.67,-18.58],[-57.67,-18.6],[-57.68,-18.61],[-57.68,-18.64],[-57.69,-18.64],[-57.69,-18.67],[-57.7,-18.68],[-57.7,-18.7],[-57.71,-18.71],[-57.71,-18.73],[-57.72,-18.74],[-57.72,-18.76],[-57.73,-18.77],[-57.73,-18.8],[-57.74,-18.8],[-57.74,-18.83],[-57.75,-18.83],[-57.75,-18.87],[-57.76,-18.87],[-57.76,-18.89],[-57.77,-18.89],[-57.77,-18.9],[-57.72,-18.9],[-57.72,-18.97],[-57.71,-18.97],[-57.71,-18.98],[-57.7,-18.98],[-57.7,-19.0],[-57.69,-19.0],[-57.69,-19.01],[-57.7,-19.01],[-57.7,-19.02],[-57.71,-19.02],[-57.71,-19.03],[-57.78,-19.03],[-57.78,-19.04],[-57.79,-19.04],[-57.79,-19.06],[-57.8,-19.06],[-57.8,-19.08],[-57.81,-19.08],[-57.81,-19.1],[-57.82,-19.1],[-57.82,-19.12],[-57.83,-19.13],[-57.83,-19.14],[-57.84,-19.14],[-57.84,-19.16],[-57.85,-19.17],[-57.85,-19.18],[-57.86,-19.19],[-57.86,-19.2],[-57.87,-19.21],[-57.87,-19.22],[-57.88,-19.23],[-57.88,-19.24],[-57.89,-19.25],[-57.89,-19.26],[-57.9,-19.27],[-57.9,-19.29],[-57.91,-19.29],[-57.91,-19.31],[-57.92,-19.31],[-57.92,-19.33],[-57.93,-19.33],[-57.93,-19.35],[-57.94,-19.35],[-57.94,-19.37],[-57.95,-19.37],[-57.95,-19.39],[-57.96,-19.39],[-57.96,-19.41],[-57.97,-19.41],[-57.97,-19.43],[-57.98,-19.43],[-57.98,-19.45],[-57.99,-19.45],[-57.99,-19.47],[-58.0,-19.48],[-58.0,-19.49],[-58.01,-19.5],[-58.09,-19.67],[-58.09,-19.68],[-58.1,-19.69],[-58.1,-19.7],[-58.11,-19.71],[-58.11,-19.72],[-58.12,-19.73],[-58.12,-19.74],[-58.13,-19.75],[-58.13,-19.76],[-58.12,-19.76],[-58.12,-19.77],[-58.11,-19.77],[-58.1,-19.78],[-58.09,-19.78],[-58.09,-19.79],[-58.08,-19.79],[-58.08,-19.8],[-58.07,-19.8],[-58.05,-19.82],[-58.04,-19.82],[-58.04,-19.83],[-58.03,-19.83],[-58.0,-19.86],[-57.99,-19.86],[-57.99,-19.87],[-57.98,-19.87],[-57.95,-19.9],[-57.94,-19.9],[-57.94,-19.91],[-57.93,-19.91],[-57.91,-19.93],[-57.9,-19.93],[-57.9,-19.94],[-57.89,-19.94],[-57.87,-19.96],[-57.86,-19.97],[-57.86,-19.98],[-57.87,-19.99],[-57.87,-20.0],[-57.88,-20.0],[-57.88,-20.01],[-57.89,-20.01],[-57.89,-20.03],[-57.9,-20.03],[-57.9,-20.04],[-57.91,-20.04],[-57.91,-20.03],[-57.92,-20.03],[-57.92,-20.02],[-57.96,-20.02],[-57.96,-20.03],[-57.97,-20.03],[-57.97,-20.05],[-57.98,-20.05],[-57.98,-20.06],[-57.99,-20.06],[-57.99,-20.05],[-58.02,-20.05],[-58.03,-20.06],[-58.04,-20.07],[-58.04,-20.1],[-58.09,-20.1],[-58.1,-20.11],[-58.1,-20.12],[-58.11,-20.12],[-58.11,-20.14],[-58.12,-20.14],[-58.12,-20.15],[-58.15,-20.15],[-58.16,-20.16],[-58.17,-20.16],[-58.17,-20.15],[-58.16,-20.15],[-58.16,-20.14],[-58.14,-20.14],[-58.14,-20.09],[-58.15,-20.09],[-58.15,-20.07],[-58.16,-20.07],[-58.16,-20.03],[-58.17,-20.03],[-58.17,-20.01],[-58.18,-20.01],[-58.18,-19.97],[-58.19,-19.96],[-58.2,-19.96],[-58.21,-19.95],[-58.21,-19.94],[-58.2,-19.94],[-58.2,-19.93],[-58.19,-19.92],[-58.2,-19.92],[-58.2,-19.86],[-58.18,-19.84],[-58.17,-19.84],[-58.17,-19.83],[-58.16,-19.83],[-58.16,-19.82],[-58.17,-19.82],[-58.18,-19.81],[-58.19,-19.81],[-58.19,-19.8],[-58.2,-19.8],[-58.2,-19.79],[-58.21,-19.79],[-58.22,-19.78],[-58.23,-19.78],[-58.23,-19.77],[-58.25,-19.77],[-58.25,-19.76],[-58.27,-19.76],[-58.27,-19.75],[-58.29,-19.75],[-58.29,-19.74],[-58.31,-19.74],[-58.31,-19.73],[-58.33,-19.73],[-58.33,-19.72],[-58.35,-19.72],[-58.36,-19.71],[-58.37,-19.71],[-58.38,-19.7],[-58.4,-19.7],[-58.4,-19.69],[-58.42,-19.69],[-58.42,-19.68],[-58.44,-19.68],[-58.44,-19.67],[-58.46,-19.67],[-58.74,-19.53],[-58.75,-19.53],[-58.81,-19.5],[-58.82,-19.49],[-58.84,-19.49],[-58.86,-19.47],[-58.87,-19.47],[-58.88,-19.46],[-58.89,-19.46],[-58.9,-19.45],[-58.92,-19.44],[-58.93,-19.43],[-58.94,-19.43],[-58.95,-19.42],[-58.97,-19.42],[-58.97,-19.41],[-59.0,-19.4],[-59.01,-19.39],[-59.05,-19.37],[-59.06,-19.36],[-59.08,-19.36],[-59.08,-19.35],[-59.1,-19.35],[-59.11,-19.34],[-59.25,-19.34],[-59.64,-19.31],[-59.88,-19.3],[-59.93,-19.3],[-59.98,-19.29],[-60.0,-19.3],[-60.03,-19.31],[-60.05,-19.31],[-60.09,-19.32],[-60.12,-19.33],[-60.14,-19.33],[-60.18,-19.34],[-60.2,-19.35],[-60.25,-19.36],[-60.27,-19.37],[-60.3,-19.37],[-60.34,-19.39],[-60.39,-19.4],[-60.4,-19.4],[-60.46,-19.42],[-60.5,-19.43],[-60.53,-19.43],[-60.54,-19.44],[-60.57,-19.44],[-60.58,-19.45],[-60.62,-19.45],[-60.63,-19.46],[-60.67,-19.46],[-60.69,-19.47],[-60.74,-19.47],[-60.76,-19.48],[-60.77,-19.48],[-60.81,-19.49],[-60.87,-19.49],[-60.88,-19.5],[-60.9,-19.5],[-61.0,-19.52],[-61.05,-19.52],[-61.06,-19.53],[-61.1,-19.53],[-61.12,-19.54],[-61.17,-19.54],[-61.19,-19.55],[-61.24,-19.55],[-61.25,-19.56],[-61.3,-19.56],[-61.33,-19.57],[-61.36,-19.57],[-61.38,-19.58],[-61.42,-19.58],[-61.45,-19.59],[-61.5,-19.59],[-61.54,-19.6],[-61.6,-19.61],[-61.64,-19.62],[-61.7,-19.62],[-61.71,-19.63],[-61.73,-19.63],[-61.74,-19.64],[-61.74,-19.66],[-61.75,-19.66],[-61.75,-19.67],[-61.76,-19.69],[-61.77,-19.72],[-61.79,-19.76],[-61.8,-19.79],[-61.81,-19.83],[-61.82,-19.83],[-61.82,-19.84],[-61.83,-19.87],[-61.85,-19.91],[-61.86,-19.95],[-61.89,-20.01],[-61.89,-20.02],[-61.9,-20.04],[-61.9,-20.05],[-61.91,-20.06],[-61.91,-20.07],[-61.92,-20.08],[-61.92,-20.09],[-61.94,-20.11],[-61.94,-20.12],[-61.95,-20.12],[-61.96,-20.14],[-61.97,-20.15],[-61.97,-20.16],[-61.98,-20.16],[-61.98,-20.17],[-62.0,-20.19],[-62.03,-20.23],[-62.04,-20.25],[-62.06,-20.28],[-62.08,-20.3],[-62.1,-20.33],[-62.11,-20.35],[-62.12,-20.36],[-62.14,-20.39],[-62.15,-20.41],[-62.18,-20.44],[-62.19,-20.46],[-63.36,-20.46],[-63.36,-20.43],[-63.35,-20.43],[-63.35,-20.39],[-63.38,-20.39],[-63.39,-20.4],[-63.39,-20.38],[-63.4,-20.38],[-63.4,-20.41],[-63.41,-20.41],[-63.41,-20.43],[-63.42,-20.43],[-63.42,-20.44],[-63.43,-20.44],[-63.43,-20.43],[-63.44,-20.43],[-63.44,-20.44],[-63.46,-20.44],[-63.46,-20.45],[-63.49,-20.45],[-63.49,-20.46],[-63.5,-20.46],[-63.5,-20.45],[-63.51,-20.45],[-63.51,-20.46],[-63.52,-20.46],[-63.53,-20.45],[-63.57,-20.45],[-63.57,-20.44],[-63.59,-20.44],[-63.59,-20.45],[-63.61,-20.45],[-63.61,-20.46],[-63.65,-20.46],[-63.65,-20.47],[-63.69,-20.47],[-63.69,-20.33],[-63.7,-20.33],[-63.69,-20.32],[-63.69,-20.31],[-63.7,-20.31],[-63.7,-20.3],[-63.69,-20.3],[-63.69,-20.29],[-63.7,-20.29],[-63.7,-20.28],[-63.69,-20.28],[-63.69,-20.27],[-63.7,-20.27],[-63.7,-20.25],[-63.71,-20.21],[-63.71,-20.19],[-63.7,-20.19],[-63.7,-20.15],[-63.69,-20.15],[-63.69,-20.14],[-63.7,-20.14],[-63.7,-20.13],[-63.71,-20.13],[-63.71,-20.12],[-63.72,-20.12],[-63.72,-20.1],[-63.73,-20.1],[-63.72,-20.09],[-63.72,-20.08],[-63.73,-20.08],[-63.73,-19.98],[-63.72,-19.98],[-63.72,-19.95],[-63.71,-19.95],[-63.72,-19.94],[-63.71,-19.94],[-63.71,-19.92],[-63.72,-19.92],[-63.72,-19.88],[-63.71,-19.88],[-63.71,-19.82],[-63.72,-19.82],[-63.72,-19.7],[-63.71,-19.69],[-63.71,-19.66],[-63.7,-19.66],[-63.7,-19.64],[-63.71,-19.63],[-63.7,-19.63],[-63.7,-19.6],[-63.69,-19.6],[-63.69,-19.59],[-63.7,-19.59],[-63.7,-19.57],[-63.71,-19.57],[-63.71,-19.5],[-63.7,-19.5],[-63.7,-19.46],[-63.71,-19.46],[-63.71,-19.44],[-63.72,-19.44],[-63.72,-19.43],[-63.71,-19.43],[-63.71,-19.42],[-63.72,-19.42],[-63.72,-19.38],[-63.71,-19.38],[-63.71,-19.37],[-63.72,-19.37],[-63.72,-19.35],[-63.73,-19.35],[-63.73,-19.34],[-63.72,-19.34],[-63.72,-19.27],[-63.73,-19.25],[-63.73,-19.24],[-63.74,-19.24],[-63.74,-19.19],[-63.75,-19.18],[-63.75,-19.15],[-63.74,-19.15],[-63.74,-19.13],[-63.73,-19.13],[-63.73,-19.12],[-63.72,-19.12],[-63.72,-19.09],[-63.71,-19.09],[-63.71,-19.04],[-63.72,-19.04],[-63.72,-19.03],[-63.73,-19.03],[-63.73,-19.04],[-63.75,-19.04],[-63.75,-19.03],[-63.78,-19.03],[-63.78,-19.04],[-63.8,-19.04],[-63.8,-19.05],[-63.81,-19.05],[-63.81,-19.04],[-63.82,-19.04],[-63.82,-19.05],[-63.84,-19.05],[-63.84,-19.04],[-63.85,-19.04],[-63.85,-19.03],[-63.9,-19.03],[-63.9,-19.05],[-63.91,-19.05],[-63.91,-19.1],[-63.9,-19.1],[-63.9,-19.11],[-63.91,-19.11],[-63.91,-19.16],[-63.92,-19.16],[-63.92,-19.18],[-63.93,-19.18],[-63.93,-19.17],[-63.94,-19.17],[-63.94,-19.18],[-63.95,-19.18],[-63.95,-19.17],[-63.97,-19.17],[-63.97,-19.18],[-64.0,-19.18],[-64.0,-19.17],[-64.02,-19.17],[-64.02,-19.15],[-64.03,-19.15],[-64.03,-19.13],[-64.04,-19.13],[-64.04,-19.07],[-64.05,-19.07],[-64.05,-19.06],[-64.04,-19.06],[-64.04,-19.05],[-64.06,-19.05],[-64.06,-19.04],[-64.05,-19.04],[-64.05,-19.03],[-64.06,-19.03],[-64.06,-19.01],[-64.07,-19.01],[-64.07,-19.0],[-64.08,-19.0],[-64.08,-18.99],[-64.1,-18.99],[-64.1,-18.97],[-64.12,-18.97],[-64.12,-18.96],[-64.17,-18.96],[-64.17,-18.95],[-64.19,-18.95],[-64.19,-18.94],[-64.2,-18.94],[-64.2,-18.9],[-64.21,-18.9],[-64.21,-18.88],[-64.22,-18.88],[-64.22,-18.86],[-64.24,-18.86],[-64.24,-18.85],[-64.25,-18.84],[-64.26,-18.84],[-64.26,-18.83],[-64.28,-18.83],[-64.28,-18.82],[-64.29,-18.82],[-64.29,-18.81],[-64.28,-18.81],[-64.28,-18.79],[-64.29,-18.78],[-64.29,-18.76],[-64.32,-18.76],[-64.32,-18.75],[-64.31,-18.75],[-64.31,-18.74],[-64.32,-18.74],[-64.32,-18.72],[-64.31,-18.72],[-64.31,-18.66],[-64.32,-18.66],[-64.32,-18.64],[-64.31,-18.64],[-64.31,-18.62],[-64.3,-18.62],[-64.3,-18.61],[-64.29,-18.61],[-64.29,-18.6],[-64.28,-18.6],[-64.28,-18.59],[-64.29,-18.59],[-64.29,-18.56],[-64.3,-18.56],[-64.3,-18.55],[-64.29,-18.55],[-64.29,-18.53],[-64.3,-18.53],[-64.3,-18.5],[-64.31,-18.5],[-64.31,-18.49],[-64.33,-18.49],[-64.33,-18.47],[-64.36,-18.47],[-64.36,-18.46],[-64.38,-18.46],[-64.38,-18.45],[-64.4,-18.45],[-64.4,-18.44],[-64.41,-18.44],[-64.41,-18.43],[-64.42,-18.43],[-64.42,-18.42],[-64.43,-18.41],[-64.43,-18.37],[-64.44,-18.37],[-64.44,-18.34],[-64.43,-18.34],[-64.43,-18.33],[-64.44,-18.33],[-64.44,-18.32],[-64.46,-18.32],[-64.46,-18.3],[-64.47,-18.3],[-64.47,-18.29],[-64.48,-18.29],[-64.48,-18.25],[-64.49,-18.25],[-64.49,-18.23],[-64.5,-18.23],[-64.5,-18.2],[-64.51,-18.2],[-64.51,-18.18],[-64.52,-18.18],[-64.52,-18.16],[-64.53,-18.16],[-64.53,-18.15],[-64.54,-18.15],[-64.54,-18.13],[-64.56,-18.13],[-64.56,-18.12],[-64.58,-18.12],[-64.58,-18.11],[-64.59,-18.11],[-64.59,-18.1],[-64.61,-18.1],[-64.61,-18.09],[-64.63,-18.09],[-64.64,-18.1],[-64.69,-18.1],[-64.69,-18.09],[-64.7,-18.09],[-64.7,-18.08],[-64.71,-18.08],[-64.71,-18.06],[-64.72,-18.06],[-64.72,-18.05],[-64.71,-18.05],[-64.71,-18.04],[-64.74,-18.04],[-64.74,-18.02],[-64.75,-18.02],[-64.75,-18.01],[-64.76,-18.01],[-64.76,-17.99],[-64.77,-17.99],[-64.76,-17.98],[-64.78,-17.98],[-64.78,-17.97],[-64.79,-17.97],[-64.79,-17.96],[-64.8,-17.96],[-64.8,-17.94],[-64.81,-17.94],[-64.81,-17.93],[-64.82,-17.93],[-64.82,-17.91],[-64.81,-17.91],[-64.81,-17.9],[-64.8,-17.89],[-64.8,-17.85],[-64.78,-17.83],[-64.78,-17.82],[-64.77,-17.82],[-64.77,-17.78],[-64.76,-17.78],[-64.76,-17.75],[-64.75,-17.75],[-64.75,-17.73],[-64.71,-17.73],[-64.71,-17.72],[-64.7,-17.72],[-64.7,-17.71],[-64.64,-17.71],[-64.64,-17.67],[-64.63,-17.67],[-64.63,-17.66],[-64.62,-17.65],[-64.62,-17.66],[-64.61,-17.66],[-64.61,-17.64],[-64.6,-17.64],[-64.6,-17.63],[-64.59,-17.63],[-64.59,-17.6],[-64.58,-17.6],[-64.58,-17.61],[-64.57,-17.61],[-64.57,-17.59],[-64.56,-17.59],[-64.56,-17.6],[-64.55,-17.6],[-64.54,-17.59],[-64.53,-17.59],[-64.53,-17.6],[-64.52,-17.6],[-64.49,-17.61],[-64.47,-17.6],[-64.42,-17.59],[-64.42,-17.57],[-64.43,-17.55],[-64.43,-17.54],[-64.42,-17.53],[-64.43,-17.53],[-64.43,-17.52],[-64.41,-17.52],[-64.41,-17.49],[-64.4,-17.49],[-64.4,-17.45],[-64.37,-17.45],[-64.37,-17.44],[-64.36,-17.44],[-64.36,-17.43],[-64.35,-17.43],[-64.35,-17.42],[-64.31,-17.42],[-64.31,-17.43],[-64.29,-17.43],[-64.29,-17.42],[-64.26,-17.42],[-64.26,-17.41],[-64.25,-17.41],[-64.25,-17.4],[-64.24,-17.4],[-64.24,-17.39],[-64.23,-17.39],[-64.23,-17.38],[-64.22,-17.38],[-64.22,-17.36],[-64.21,-17.36],[-64.21,-17.35],[-64.2,-17.35],[-64.2,-17.34],[-64.19,-17.34],[-64.19,-17.31],[-64.21,-17.31],[-64.21,-17.3],[-64.2,-17.3],[-64.2,-17.29],[-64.19,-17.29],[-64.19,-17.28],[-64.22,-17.28],[-64.22,-17.27],[-64.23,-17.27],[-64.23,-17.26],[-64.24,-17.26],[-64.24,-17.27],[-64.25,-17.27],[-64.25,-17.28],[-64.26,-17.28],[-64.26,-17.27],[-64.27,-17.27],[-64.27,-17.28],[-64.28,-17.28],[-64.28,-17.27],[-64.29,-17.26],[-64.3,-17.26],[-64.3,-17.27],[-64.31,-17.27],[-64.32,-17.26],[-64.34,-17.26],[-64.34,-17.25],[-64.33,-17.25],[-64.33,-17.22],[-64.34,-17.22],[-64.34,-17.21],[-64.36,-17.21],[-64.36,-17.22],[-64.37,-17.22],[-64.37,-17.2],[-64.39,-17.2],[-64.39,-17.18],[-64.38,-17.18],[-64.38,-17.17]],[[-64.74,-16.65],[-64.73,-16.65],[-64.73,-16.64],[-64.74,-16.64],[-64.74,-16.65]],[[-64.75,-16.62],[-64.77,-16.62],[-64.77,-16.63],[-64.76,-16.63],[-64.75,-16.62]],[[-64.67,-16.11],[-64.67,-16.1],[-64.68,-16.1],[-64.68,-16.11],[-64.67,-16.11]],[[-63.4,-15.84],[-63.41,-15.84],[-63.4,-15.85],[-63.4,-15.84]],[[-63.43,-15.79],[-63.43,-15.78],[-63.44,-15.78],[-63.43,-15.79]],[[-58.47,-16.89],[-58.47,-16.9],[-58.46,-16.89],[-58.47,-16.89]],[[-64.62,-17.01],[-64.63,-17.02],[-64.62,-17.02],[-64.62,-17.01]]],[[[-64.73,-16.93],[-64.74,-16.93],[-64.74,-16.92],[-64.73,-16.92],[-64.73,-16.93]]],[[[-64.76,-16.88],[-64.74,-16.88],[-64.74,-16.89],[-64.76,-16.89],[-64.76,-16.88]]],[[[-64.77,-16.87],[-64.77,-16.86],[-64.74,-16.86],[-64.75,-16.87],[-64.77,-16.87]]],[[[-64.72,-16.07],[-64.71,-16.06],[-64.7,-16.07],[-64.7,-16.08],[-64.73,-16.08],[-64.73,-16.07],[-64.72,-16.07]]],[[[-63.44,-15.8],[-63.43,-15.81],[-63.44,-15.81],[-63.44,-15.8]]]]}},{"type":"Feature","properties":{"id":"dep-TA","nombre":"Tarija","nivel":"departamento","municipio":null,"provincia":null,"departamento":"Tarija","fuente":"YoViajo/geodatos (límites departamentales)"},"geometry":{"type":"MultiPolygon","coordinates":[[[[-64.43,-22.63],[-64.43,-22.64],[-64.44,-22.64],[-64.44,-22.63],[-64.43,-22.63]]],[[[-64.33,-22.86],[-64.33,-22.8],[-64.34,-22.8],[-64.34,-22.81],[-64.35,-22.81],[-64.35,-22.79],[-64.34,-22.79],[-64.34,-22.78],[-64.33,-22.78],[-64.33,-22.77],[-64.34,-22.77],[-64.34,-22.74],[-64.35,-22.73],[-64.35,-22.72],[-64.39,-22.72],[-64.39,-22.71],[-64.4,-22.72],[-64.4,-22.69],[-64.39,-22.69],[-64.39,-22.68],[-64.41,-22.68],[-64.41,-22.67],[-64.42,-22.67],[-64.42,-22.66],[-64.41,-22.66],[-64.41,-22.65],[-64.43,-22.65],[-64.43,-22.64],[-64.42,-22.63],[-64.43,-22.63],[-64.43,-22.59],[-64.42,-22.59],[-64.42,-22.58],[-64.43,-22.58],[-64.43,-22.57],[-64.41,-22.57],[-64.41,-22.53],[-64.42,-22.53],[-64.42,-22.52],[-64.45,-22.52],[-64.45,-22.51],[-64.44,-22.51],[-64.44,-22.5],[-64.46,-22.5],[-64.46,-22.49],[-64.47,-22.49],[-64.47,-22.48],[-64.48,-22.48],[-64.48,-22.47],[-64.47,-22.47],[-64.47,-22.46],[-64.49,-22.46],[-64.49,-22.43],[-64.5,-22.43],[-64.5,-22.44],[-64.52,-22.44],[-64.52,-22.42],[-64.51,-22.42],[-64.51,-22.41],[-64.52,-22.4],[-64.53,-22.4],[-64.55,-22.38],[-64.56,-22.38],[-64.56,-22.37],[-64.57,-22.37],[-64.57,-22.36],[-64.56,-22.36],[-64.56,-22.34],[-64.57,-22.33],[-64.56,-22.33],[-64.56,-22.32],[-64.55,-22.32],[-64.55,-22.31],[-64.54,-22.31],[-64.54,-22.29],[-64.53,-22.29],[-64.53,-22.28],[-64.54,-22.28],[-64.54,-22.27],[-64.55,-22.27],[-64.55,-22.26],[-64.57,-22.26],[-64.57,-22.25],[-64.58,-22.25],[-64.58,-22.24],[-64.6,-22.24],[-64.6,-22.22],[-64.61,-22.22],[-64.61,-22.21],[-64.62,-22.2],[-64.63,-22.2],[-64.63,-22.19],[-64.67,-22.19],[-64.68,-22.18],[-64.69,-22.18],[-64.69,-22.19],[-64.74,-22.19],[-64.74,-22.18],[-64.76,-22.18],[-64.76,-22.17],[-64.79,-22.17],[-64.79,-22.16],[-64.8,-22.16],[-64.8,-22.15],[-64.81,-22.15],[-64.81,-22.14],[-64.84,-22.14],[-64.84,-22.13],[-64.85,-22.13],[-64.85,-22.12],[-64.87,-22.12],[-64.87,-22.11],[-64.88,-22.11],[-64.88,-22.13],[-64.89,-22.13],[-64.89,-22.12],[-64.93,-22.12],[-64.93,-22.11],[-64.94,-22.11],[-64.95,-22.1],[-64.98,-22.1],[-64.98,-22.09],[-64.99,-22.09],[-64.99,-22.08],[-65.19,-22.08],[-65.19,-22.04],[-65.18,-22.03],[-65.18,-22.01],[-65.2,-22.01],[-65.2,-22.0],[-65.21,-22.0],[-65.21,-21.99],[-65.24,-21.99],[-65.24,-21.98],[-65.25,-21.98],[-65.25,-21.97],[-65.29,-21.97],[-65.29,-21.98],[-65.3,-21.98],[-65.3,-21.97],[-65.33,-21.97],[-65.33,-21.96],[-65.34,-21.96],[-65.35,-21.95],[-65.36,-21.95],[-65.36,-21.94],[-65.37,-21.94],[-65.38,-21.93],[-65.39,-21.93],[-65.39,-21.92],[-65.4,-21.92],[-65.4,-21.91],[-65.41,-21.91],[-65.41,-21.9],[-65.42,-21.9],[-65.42,-21.89],[-65.41,-21.89],[-65.41,-21.88],[-65.4,-21.88],[-65.4,-21.87],[-65.39,-21.87],[-65.39,-21.84],[-65.38,-21.84],[-65.38,-21.83],[-65.37,-21.83],[-65.37,-21.84],[-65.35,-21.84],[-65.35,-21.81],[-65.34,-21.81],[-65.34,-21.8],[-65.33,-21.8],[-65.33,-21.77],[-65.32,-21.77],[-65.32,-21.74],[-65.31,-21.74],[-65.31,-21.73],[-65.29,-21.73],[-65.29,-21.72],[-65.3,-21.72],[-65.3,-21.67],[-65.28,-21.67],[-65.28,-21.64],[-65.27,-21.64],[-65.26,-21.63],[-65.26,-21.6],[-65.25,-21.6],[-65.25,-21.57],[-65.24,-21.57],[-65.24,-21.55],[-65.25,-21.55],[-65.25,-21.54],[-65.24,-21.54],[-65.24,-21.53],[-65.25,-21.53],[-65.25,-21.51],[-65.24,-21.51],[-65.24,-21.49],[-65.25,-21.49],[-65.25,-21.48],[-65.24,-21.48],[-65.24,-21.47],[-65.25,-21.47],[-65.25,-21.46],[-65.24,-21.46],[-65.24,-21.42],[-65.23,-21.42],[-65.23,-21.34],[-65.22,-21.33],[-65.22,-21.3],[-65.21,-21.3],[-65.21,-21.29],[-65.22,-21.29],[-65.22,-21.28],[-65.21,-21.28],[-65.21,-21.27],[-65.22,-21.27],[-65.22,-21.25],[-65.21,-21.25],[-65.21,-21.22],[-65.2,-21.22],[-65.2,-21.19],[-65.21,-21.19],[-65.21,-21.18],[-65.2,-21.18],[-65.2,-21.17],[-65.19,-21.17],[-65.19,-21.14],[-65.2,-21.14],[-65.2,-21.02],[-65.19,-21.02],[-65.19,-20.96],[-65.18,-20.96],[-65.18,-20.95],[-65.16,-20.95],[-65.16,-20.96],[-65.15,-20.96],[-65.15,-20.95],[-65.14,-20.95],[-65.14,-20.96],[-65.12,-20.96],[-65.12,-20.97],[-65.11,-20.97],[-65.11,-20.98],[-65.1,-20.98],[-65.1,-20.97],[-65.09,-20.97],[-65.09,-20.96],[-65.07,-20.96],[-65.07,-20.97],[-65.06,-20.97],[-65.06,-20.99],[-65.05,-20.99],[-65.05,-21.01],[-65.02,-21.01],[-65.02,-21.02],[-65.01,-21.02],[-65.01,-21.03],[-65.0,-21.03],[-65.0,-21.02],[-64.99,-21.02],[-64.99,-21.01],[-64.97,-21.01],[-64.97,-21.02],[-64.96,-21.03],[-64.96,-21.02],[-64.95,-21.02],[-64.95,-21.04],[-64.94,-21.04],[-64.94,-21.02],[-64.93,-21.02],[-64.93,-21.04],[-64.92,-21.04],[-64.92,-21.06],[-64.91,-21.06],[-64.91,-21.05],[-64.89,-21.05],[-64.89,-21.08],[-64.86,-21.08],[-64.85,-21.09],[-64.85,-21.1],[-64.84,-21.1],[-64.84,-21.09],[-64.8,-21.09],[-64.8,-21.08],[-64.79,-21.08],[-64.79,-21.06],[-64.78,-21.06],[-64.78,-21.03],[-64.77,-21.03],[-64.77,-21.01],[-64.76,-21.01],[-64.76,-20.98],[-64.75,-20.98],[-64.75,-20.97],[-64.73,-20.97],[-64.73,-20.94],[-64.72,-20.94],[-64.72,-20.93],[-64.69,-20.93],[-64.69,-20.94],[-64.66,-20.94],[-64.66,-20.95],[-64.64,-20.95],[-64.64,-20.97],[-64.62,-20.97],[-64.62,-20.98],[-64.6,-20.98],[-64.6,-21.0],[-64.58,-21.0],[-64.58,-21.03],[-64.57,-21.03],[-64.57,-21.04],[-64.56,-21.04],[-64.56,-21.05],[-64.55,-21.06],[-64.55,-21.08],[-64.54,-21.08],[-64.54,-21.09],[-64.52,-21.09],[-64.52,-21.1],[-64.51,-21.1],[-64.51,-21.09],[-64.48,-21.09],[-64.48,-21.08],[-64.45,-21.08],[-64.45,-21.09],[-64.43,-21.09],[-64.43,-21.1],[-64.41,-21.1],[-64.41,-21.11],[-64.4,-21.11],[-64.4,-21.12],[-64.38,-21.12],[-64.38,-21.13],[-64.37,-21.13],[-64.37,-21.14],[-64.32,-21.14],[-64.32,-21.13],[-64.27,-21.13],[-64.26,-21.14],[-64.25,-21.14],[-64.24,-21.15],[-64.22,-21.15],[-64.22,-21.14],[-64.2,-21.14],[-64.2,-21.11],[-64.19,-21.11],[-64.19,-21.07],[-64.2,-21.07],[-64.2,-21.06],[-64.19,-21.05],[-64.19,-21.04],[-64.2,-21.04],[-64.2,-21.03],[-64.18,-21.03],[-64.18,-21.01],[-64.19,-21.01],[-64.19,-21.0],[-64.18,-21.0],[-64.18,-20.99],[-64.19,-20.99],[-64.19,-20.97],[-64.18,-20.97],[-64.18,-20.95],[-64.19,-20.95],[-64.19,-20.94],[-64.18,-20.94],[-64.18,-20.93],[-64.19,-20.93],[-64.18,-20.92],[-64.18,-20.9],[-64.17,-20.9],[-64.17,-20.89],[-64.16,-20.89],[-64.16,-20.9],[-64.15,-20.9],[-64.15,-20.92],[-64.12,-20.92],[-64.12,-20.91],[-64.11,-20.91],[-64.1,-20.92],[-64.08,-20.92],[-64.07,-20.93],[-64.07,-20.95],[-64.04,-20.95],[-64.04,-20.96],[-64.02,-20.96],[-64.02,-20.95],[-64.01,-20.95],[-64.01,-20.97],[-64.0,-20.97],[-64.0,-20.98],[-64.01,-20.99],[-64.01,-21.0],[-62.26,-21.0],[-62.26,-21.05],[-62.29,-21.17],[-62.35,-21.33],[-62.4,-21.5],[-62.46,-21.67],[-62.51,-21.83],[-62.56,-22.0],[-62.62,-22.17],[-62.62,-22.19],[-62.63,-22.19],[-62.63,-22.22],[-62.64,-22.22],[-62.64,-22.24],[-62.65,-22.25],[-62.66,-22.25],[-62.66,-22.24],[-62.67,-22.24],[-62.67,-22.22],[-62.68,-22.22],[-62.68,-22.2],[-62.71,-22.2],[-62.71,-22.21],[-62.72,-22.21],[-62.72,-22.19],[-62.73,-22.19],[-62.73,-22.17],[-62.74,-22.17],[-62.74,-22.16],[-62.79,-22.16],[-62.79,-22.15],[-62.81,-22.15],[-62.81,-22.14],[-62.8,-22.14],[-62.8,-22.12],[-62.82,-22.12],[-62.82,-22.1],[-62.81,-22.1],[-62.81,-22.09],[-62.8,-22.09],[-62.8,-22.04],[-62.81,-22.04],[-62.81,-22.0],[-63.67,-22.0],[-63.67,-22.04],[-63.69,-22.04],[-63.69,-22.03],[-63.68,-22.03],[-63.68,-22.02],[-63.69,-22.02],[-63.69,-22.01],[-63.71,-22.01],[-63.71,-22.0],[-63.94,-22.0],[-63.94,-22.03],[-63.95,-22.03],[-63.95,-22.06],[-63.96,-22.06],[-63.96,-22.09],[-63.99,-22.09],[-63.99,-22.12],[-64.0,-22.12],[-64.0,-22.16],[-64.01,-22.16],[-64.02,-22.17],[-64.02,-22.19],[-64.03,-22.19],[-64.03,-22.24],[-64.06,-22.24],[-64.07,-22.25],[-64.07,-22.27],[-64.08,-22.27],[-64.08,-22.29],[-64.09,-22.3],[-64.09,-22.32],[-64.1,-22.32],[-64.1,-22.35],[-64.11,-22.35],[-64.11,-22.36],[-64.12,-22.36],[-64.12,-22.37],[-64.11,-22.37],[-64.11,-22.38],[-64.12,-22.38],[-64.12,-22.4],[-64.14,-22.4],[-64.14,-22.43],[-64.15,-22.43],[-64.15,-22.45],[-64.16,-22.45],[-64.16,-22.47],[-64.19,-22.47],[-64.19,-22.48],[-64.2,-22.48],[-64.2,-22.5],[-64.21,-22.5],[-64.21,-22.53],[-64.22,-22.53],[-64.22,-22.54],[-64.23,-22.54],[-64.23,-22.55],[-64.24,-22.55],[-64.24,-22.58],[-64.25,-22.58],[-64.25,-22.59],[-64.24,-22.59],[-64.24,-22.63],[-64.25,-22.63],[-64.25,-22.62],[-64.26,-22.62],[-64.26,-22.65],[-64.27,-22.65],[-64.27,-22.66],[-64.26,-22.66],[-64.26,-22.68],[-64.27,-22.68],[-64.27,-22.71],[-64.26,-22.71],[-64.26,-22.73],[-64.27,-22.73],[-64.27,-22.77],[-64.28,-22.77],[-64.28,-22.78],[-64.27,-22.78],[-64.27,-22.79],[-64.29,-22.79],[-64.29,-22.82],[-64.28,-22.82],[-64.28,-22.83],[-64.31,-22.83],[-64.31,-22.84],[-64.3,-22.84],[-64.3,-22.87],[-64.31,-22.87],[-64.31,-22.86],[-64.32,-22.86],[-64.32,-22.87],[-64.33,-22.86]],[[-65.03,-21.02],[-65.03,-21.03],[-65.02,-21.03],[-65.02,-21.02],[-65.03,-21.02]]],[[[-64.2,-20.95],[-64.19,-20.95],[-64.19,-20.96],[-64.2,-20.96],[-64.2,-20.95]]],[[[-64.01,-20.94],[-64.0,-20.94],[-64.0,-20.95],[-64.01,-20.95],[-64.01,-20.94]]],[[[-64.18,-20.89],[-64.18,-20.88],[-64.17,-20.88],[-64.17,-20.89],[-64.18,-20.89]]]]}}]}