{"type":"FeatureCollection","features":[{"type":"Feature","properties":{"id":"scz-uv-12-254-5057","nombre":"UV 254","nivel":"uv","municipio":"Santa Cruz de la Sierra","provincia":"Andrés Ibáñez","departamento":"Santa Cruz","distrito":"12","uv":"254","fuente":"GAM Santa Cruz vía YoViajo/geodatos"},"geometry":{"type":"Polygon","coordinates":[[[-63.161331,-17.896225],[-63.165082,-17.900034],[-63.169593,-17.897516],[-63.175225,-17.897903],[-63.176014,-17.89817],[-63.176932,-17.897337],[-63.178957,-17.894512],[-63.174318,-17.892465],[-63.173205,-17.89112],[-63.171417,-17.888686],[-63.165626,-17.893049],[-63.161331,-17.896225]]]}},{"type":"Feature","properties":{"id":"scz-uv-12-ET137-5058","nombre":"UV ET137","nivel":"uv","municipio":"Santa Cruz de la Sierra","provincia":"Andrés Ibáñez","departamento":"Santa Cruz","distrito":"12","uv":"ET137","fuente":"GAM Santa Cruz vía YoViajo/geodatos"},"geometry":{"type":"Polygon","coordinates":[[[-63.171417,-17.888686],[-63.173205,-17.89112],[-63.177069,-17.888213],[-63.176063,-17.887361],[-63.174769,-17.886147],[-63.171417,-17.888686]]]}},{"type":"Feature","properties":{"id":"scz-uv-12-AR-5059","nombre":"UV AR","nivel":"uv","municipio":"Santa Cruz de la Sierra","provincia":"Andrés Ibáñez","departamento":"Santa Cruz","distrito":"12","uv":"AR","fuente":"GAM Santa Cruz vía YoViajo/geodatos"},"geometry":{"type":"Polygon","coordinates":[[[-63.198033,-17.885639],[-63.187861,-17.888402],[-63.187902,-17.890136],[-63.186912,-17.894351],[-63.1867,-17.894947],[-63.200756,-17.892247],[-63.199831,-17.890294],[-63.198033,-17.885639]]]}},{"type":"Feature","properties":{"id":"scz-uv-12-255-5060","nombre":"UV 255","nivel":"uv","municipio":"Santa Cruz de la Sierra","provincia":"Andrés Ibáñez","departamento":"Santa Cruz","distrito":"12","uv":"255","fuente":"GAM Santa Cruz vía YoViajo/geodatos"},"geometry":{"type":"Polygon","coordinates":[[[-63.174769,-17.886147],[-63.176063,-17.887361],[-63.177069,-17.888213],[-63.173205,-17.89112],[-63.174318,-17.892465],[-63.178957,-17.894512],[-63.181802,-17.895606],[-63.184753,-17.894964],[-63.181661,-17.891213],[-63.176525,-17.884817],[-63.174769,-17.886147]]]}},{"type":"Feature","properties":{"id":"scz-uv-12-253-5061","nombre":"UV 253","nivel":"uv","municipio":"Santa Cruz de la Sierra","provincia":"Andrés Ibáñez","departamento":"Santa Cruz","distrito":"12","uv":"253","fuente":"GAM Santa Cruz vía YoViajo/geodatos"},"geometry":{"type":"Polygon","coordinates":[[[-63.155899,-17.894245],[-63.161154,-17.896355],[-63.165626,-17.893049],[-63.171417,-17.888686],[-63.169266,-17.886279],[-63.168791,-17.885906],[-63.166195,-17.884562],[-63.165082,-17.884403],[-63.162401,-17.887012],[-63.155899,-17.894245]]]}},{"type":"Feature","properties":{"id":"scz-uv-12-249-5062","nombre":"UV 249","nivel":"uv","municipio":"Santa Cruz de la Sierra","provincia":"Andrés Ibáñez","departamento":"Santa Cruz","distrito":"12","uv":"249","fuente":"GAM Santa Cruz vía YoViajo/geodatos"},"geometry":{"type":"Polygon","coordinates":[[[-63.145835,-17.890205],[-63.155899,-17.894245],[-63.162401,-17.887012],[-63.165082,-17.884403],[-63.162387,-17.884068],[-63.160989,-17.883543],[-63.1602,-17.883506],[-63.159251,-17.883153],[-63.157823,-17.882915],[-63.156485,-17.882476],[-63.155363,-17.881934],[-63.154682,-17.882771],[-63.153827,-17.883656],[-63.153265,-17.884326],[-63.151662,-17.885366],[-63.149048,-17.886788],[-63.145835,-17.890205]]]}},{"type":"Feature","properties":{"id":"scz-uv-12-252-5063","nombre":"UV 252","nivel":"uv","municipio":"Santa Cruz de la Sierra","provincia":"Andrés Ibáñez","departamento":"Santa Cruz","distrito":"12","uv":"252","fuente":"GAM Santa Cruz vía YoViajo/geodatos"},"geometry":{"type":"Polygon","coordinates":[[[-63.176892,-17.884551],[-63.168682,-17.880027],[-63.168384,-17.88062],[-63.168003,-17.881138],[-63.16543,-17.884449],[-63.166195,-17.884562],[-63.168791,-17.885906],[-63.169266,-17.886279],[-63.171417,-17.888686],[-63.176892,-17.884551]]]}},{"type":"Feature","properties":{"id":"scz-uv-12-258-5064","nombre":"UV 258","nivel":"uv","municipio":"Santa Cruz de la Sierra","provincia":"Andrés Ibáñez","departamento":"Santa Cruz","distrito":"12","uv":"258","fuente":"GAM Santa Cruz vía YoViajo/geodatos"},"geometry":{"type":"Polygon","coordinates":[[[-63.187737,-17.879901],[-63.187861,-17.888402],[-63.193526,-17.886863],[-63.193134,-17.885714],[-63.192295,-17.879163],[-63.190242,-17.879695],[-63.189546,-17.879969],[-63.187737,-17.879901]]]}},{"type":"Feature","properties":{"id":"scz-uv-9-F-5065","nombre":"UV F","nivel":"uv","municipio":"Santa Cruz de la Sierra","provincia":"Andrés Ibáñez","departamento":"Santa Cruz","distrito":"9","uv":"F","fuente":"GAM Santa Cruz vía YoViajo/geodatos"},"geometry":{"type":"Polygon","coordinates":[[[-63.196805,-17.88304],[-63.198033,-17.885639],[-63.199831,-17.890294],[-63.201852,-17.887793],[-63.204351,-17.884289],[-63.207398,-17.879629],[-63.206907,-17.878404],[-63.196805,-17.88304]]]}},{"type":"Feature","properties":{"id":"scz-uv-12-247-5066","nombre":"UV 247","nivel":"uv","municipio":"Santa Cruz de la Sierra","provincia":"Andrés Ibáñez","departamento":"Santa Cruz","distrito":"12","uv":"247","fuente":"GAM Santa Cruz vía YoViajo/geodatos"},"geometry":{"type":"Polygon","coordinates":[[[-63.144043,-17.878125],[-63.13979,-17.887769],[-63.145835,-17.890205],[-63.149048,-17.886788],[-63.151662,-17.885366],[-63.153265,-17.884326],[-63.153827,-17.883656],[-63.154682,-17.882771],[-63.155363,-17.881934],[-63.15148,-17.879889],[-63.148245,-17.879347],[-63.146688,-17.879988],[-63.144043,-17.878125]]]}},{"type":"Feature","properties":{"id":"scz-uv-12-257A-5067","nombre":"UV 257A","nivel":"uv","municipio":"Santa Cruz de la Sierra","provincia":"Andrés Ibáñez","departamento":"Santa Cruz","distrito":"12","uv":"257A","fuente":"GAM Santa Cruz vía YoViajo/geodatos"},"geometry":{"type":"Polygon","coordinates":[[[-63.19212,-17.877648],[-63.193134,-17.885714],[-63.193526,-17.886863],[-63.198033,-17.885639],[-63.194263,-17.87771],[-63.19212,-17.877648]]]}},{"type":"Feature","properties":{"id":"scz-uv-12-256-5068","nombre":"UV 256","nivel":"uv","municipio":"Santa Cruz de la Sierra","provincia":"Andrés Ibáñez","departamento":"Santa Cruz","distrito":"12","uv":"256","fuente":"GAM Santa Cruz vía YoViajo/geodatos"},"geometry":{"type":"Polygon","coordinates":[[[-63.178058,-17.883676],[-63.176525,-17.884817],[-63.181661,-17.891213],[-63.184753,-17.894964],[-63.186912,-17.894351],[-63.187902,-17.890136],[-63.187737,-17.879901],[-63.187148,-17.87988],[-63.187215,-17.877612],[-63.187117,-17.876983],[-63.178446,-17.883471],[-63.178058,-17.883676]]]}},{"type":"Feature","properties":{"id":"scz-uv-12-248-5069","nombre":"UV 248","nivel":"uv","municipio":"Santa Cruz de la Sierra","provincia":"Andrés Ibáñez","departamento":"Santa Cruz","distrito":"12","uv":"248","fuente":"GAM Santa Cruz vía YoViajo/geodatos"},"geometry":{"type":"Polygon","coordinates":[[[-63.155363,-17.881934],[-63.156485,-17.882476],[-63.157823,-17.882915],[-63.159251,-17.883153],[-63.1602,-17.883506],[-63.160989,-17.883543],[-63.162387,-17.884068],[-63.16543,-17.884449],[-63.168003,-17.881138],[-63.168384,-17.88062],[-63.168682,-17.880027],[-63.167856,-17.879619],[-63.16518,-17.87797],[-63.164938,-17.87791],[-63.164383,-17.877632],[-63.164203,-17.877466],[-63.162962,-17.876665],[-63.161222,-17.875604],[-63.160495,-17.875127],[-63.155363,-17.881934]]]}},{"type":"Feature","properties":{"id":"scz-uv-12-251-5070","nombre":"UV 251","nivel":"uv","municipio":"Santa Cruz de la Sierra","provincia":"Andrés Ibáñez","departamento":"Santa Cruz","distrito":"12","uv":"251","fuente":"GAM Santa Cruz vía YoViajo/geodatos"},"geometry":{"type":"Polygon","coordinates":[[[-63.169847,-17.878699],[-63.172916,-17.879043],[-63.17721,-17.884313],[-63.178058,-17.883676],[-63.178446,-17.883471],[-63.187117,-17.876983],[-63.18672,-17.874425],[-63.185104,-17.874668],[-63.185008,-17.87498],[-63.171873,-17.876184],[-63.170106,-17.87851],[-63.169847,-17.878699]]]}},{"type":"Feature","properties":{"id":"scz-uv-12-257-5071","nombre":"UV 257","nivel":"uv","municipio":"Santa Cruz de la Sierra","provincia":"Andrés Ibáñez","departamento":"Santa Cruz","distrito":"12","uv":"257","fuente":"GAM Santa Cruz vía YoViajo/geodatos"},"geometry":{"type":"Polygon","coordinates":[[[-63.188326,-17.874134],[-63.18672,-17.874425],[-63.187215,-17.877612],[-63.187148,-17.87988],[-63.189546,-17.879969],[-63.190242,-17.879695],[-63.192295,-17.879163],[-63.191684,-17.873866],[-63.191353,-17.873952],[-63.188326,-17.874134]]]}},{"type":"Feature","properties":{"id":"scz-uv-12-ET135-5072","nombre":"UV ET135","nivel":"uv","municipio":"Santa Cruz de la Sierra","provincia":"Andrés Ibáñez","departamento":"Santa Cruz","distrito":"12","uv":"ET135","fuente":"GAM Santa Cruz vía YoViajo/geodatos"},"geometry":{"type":"Polygon","coordinates":[[[-63.191684,-17.873866],[-63.19212,-17.877648],[-63.194263,-17.87771],[-63.193156,-17.87539],[-63.192471,-17.87366],[-63.191684,-17.873866]]]}},{"type":"Feature","properties":{"id":"scz-uv-12-ET69-5073","nombre":"UV ET69","nivel":"uv","municipio":"Santa Cruz de la Sierra","provincia":"Andrés Ibáñez","departamento":"Santa Cruz","distrito":"12","uv":"ET69","fuente":"GAM Santa Cruz vía YoViajo/geodatos"},"geometry":{"type":"Polygon","coordinates":[[[-63.171873,-17.876184],[-63.185008,-17.87498],[-63.185104,-17.874668],[-63.18538,-17.87279],[-63.174356,-17.8728],[-63.171873,-17.876184]]]}},{"type":"Feature","properties":{"id":"scz-uv-12-184A-5074","nombre":"UV 184A","nivel":"uv","municipio":"Santa Cruz de la Sierra","provincia":"Andrés Ibáñez","departamento":"Santa Cruz","distrito":"12","uv":"184A","fuente":"GAM Santa Cruz vía YoViajo/geodatos"},"geometry":{"type":"Polygon","coordinates":[[[-63.186836,-17.874407],[-63.188326,-17.874134],[-63.191353,-17.873952],[-63.192471,-17.87366],[-63.191786,-17.871932],[-63.190487,-17.872078],[-63.186338,-17.871927],[-63.186836,-17.874407]]]}},{"type":"Feature","properties":{"id":"scz-uv-9-RP-5075","nombre":"UV RP","nivel":"uv","municipio":"Santa Cruz de la Sierra","provincia":"Andrés Ibáñez","departamento":"Santa Cruz","distrito":"9","uv":"RP","fuente":"GAM Santa Cruz vía YoViajo/geodatos"},"geometry":{"type":"Polygon","coordinates":[[[-63.193228,-17.875539],[-63.196805,-17.88304],[-63.206907,-17.878404],[-63.204016,-17.871186],[-63.193228,-17.875539]]]}},{"type":"Feature","properties":{"id":"scz-uv-12-183-5076","nombre":"UV 183","nivel":"uv","municipio":"Santa Cruz de la Sierra","provincia":"Andrés Ibáñez","departamento":"Santa Cruz","distrito":"12","uv":"183","fuente":"GAM Santa Cruz vía YoViajo/geodatos"},"geometry":{"type":"Polygon","coordinates":[[[-63.163657,-17.871188],[-63.160495,-17.875127],[-63.161222,-17.875604],[-63.162962,-17.876665],[-63.164203,-17.877466],[-63.164383,-17.877632],[-63.164938,-17.87791],[-63.16518,-17.87797],[-63.167856,-17.879619],[-63.168682,-17.880027],[-63.169879,-17.878662],[-63.170106,-17.87851],[-63.171346,-17.876903],[-63.169159,-17.873964],[-63.168743,-17.873462],[-63.168488,-17.873253],[-63.167572,-17.872734],[-63.167661,-17.872597],[-63.16736,-17.872418],[-63.16724,-17.872304],[-63.16434,-17.8704],[-63.163657,-17.871188]]]}},{"type":"Feature","properties":{"id":"scz-uv-12-245-5077","nombre":"UV 245","nivel":"uv","municipio":"Santa Cruz de la Sierra","provincia":"Andrés Ibáñez","departamento":"Santa Cruz","distrito":"12","uv":"245","fuente":"GAM Santa Cruz vía YoViajo/geodatos"},"geometry":{"type":"Polygon","coordinates":[[[-63.133711,-17.885259],[-63.13979,-17.887769],[-63.143947,-17.878317],[-63.142841,-17.87642],[-63.140245,-17.87051],[-63.138208,-17.869417],[-63.133711,-17.885259]]]}},{"type":"Feature","properties":{"id":"scz-uv-12-246-5078","nombre":"UV 246","nivel":"uv","municipio":"Santa Cruz de la Sierra","provincia":"Andrés Ibáñez","departamento":"Santa Cruz","distrito":"12","uv":"246","fuente":"GAM Santa Cruz vía YoViajo/geodatos"},"geometry":{"type":"Polygon","coordinates":[[[-63.149385,-17.867325],[-63.144043,-17.878125],[-63.146688,-17.879988],[-63.148245,-17.879347],[-63.15148,-17.879889],[-63.155363,-17.881934],[-63.160572,-17.875036],[-63.157639,-17.873076],[-63.155836,-17.872026],[-63.154516,-17.871212],[-63.149385,-17.867325]]]}},{"type":"Feature","properties":{"id":"scz-uv-9-297-5079","nombre":"UV 297","nivel":"uv","municipio":"Santa Cruz de la Sierra","provincia":"Andrés Ibáñez","departamento":"Santa Cruz","distrito":"9","uv":"297","fuente":"GAM Santa Cruz vía YoViajo/geodatos"},"geometry":{"type":"Polygon","coordinates":[[[-63.204016,-17.871186],[-63.207398,-17.879629],[-63.212326,-17.873727],[-63.211998,-17.866691],[-63.204016,-17.871186]]]}},{"type":"Feature","properties":{"id":"scz-uv-12-ET136-5080","nombre":"UV ET136","nivel":"uv","municipio":"Santa Cruz de la Sierra","provincia":"Andrés Ibáñez","departamento":"Santa Cruz","distrito":"12","uv":"ET136","fuente":"GAM Santa Cruz vía YoViajo/geodatos"},"geometry":{"type":"Polygon","coordinates":[[[-63.185187,-17.867821],[-63.185819,-17.869346],[-63.186338,-17.871927],[-63.190487,-17.872078],[-63.191786,-17.871932],[-63.189407,-17.865933],[-63.185187,-17.867821]]]}},{"type":"Feature","properties":{"id":"scz-uv-9-186-5081","nombre":"UV 186","nivel":"uv","municipio":"Santa Cruz de la Sierra","provincia":"Andrés Ibáñez","departamento":"Santa Cruz","distrito":"9","uv":"186","fuente":"GAM Santa Cruz vía YoViajo/geodatos"},"geometry":{"type":"Polygon","coordinates":[[[-63.192268,-17.873149],[-63.193228,-17.875539],[-63.204016,-17.871186],[-63.202229,-17.865718],[-63.192268,-17.873149]]]}},{"type":"Feature","properties":{"id":"scz-uv-12-179-5082","nombre":"UV 179","nivel":"uv","municipio":"Santa Cruz de la Sierra","provincia":"Andrés Ibáñez","departamento":"Santa Cruz","distrito":"12","uv":"179","fuente":"GAM Santa Cruz vía YoViajo/geodatos"},"geometry":{"type":"Polygon","coordinates":[[[-63.159528,-17.865732],[-63.158388,-17.86779],[-63.155836,-17.872026],[-63.157639,-17.873076],[-63.160572,-17.875036],[-63.163657,-17.871188],[-63.164551,-17.87017],[-63.160511,-17.866671],[-63.159528,-17.865732]]]}},{"type":"Feature","properties":{"id":"scz-uv-12-243-5083","nombre":"UV 243","nivel":"uv","municipio":"Santa Cruz de la Sierra","provincia":"Andrés Ibáñez","departamento":"Santa Cruz","distrito":"12","uv":"243","fuente":"GAM Santa Cruz vía YoViajo/geodatos"},"geometry":{"type":"Polygon","coordinates":[[[-63.125584,-17.881929],[-63.133711,-17.885259],[-63.138208,-17.869417],[-63.133702,-17.866767],[-63.133792,-17.866461],[-63.132939,-17.865672],[-63.129873,-17.864646],[-63.129495,-17.868303],[-63.125584,-17.881929]]]}},{"type":"Feature","properties":{"id":"scz-uv-12-242-5084","nombre":"UV 242","nivel":"uv","municipio":"Santa Cruz de la Sierra","provincia":"Andrés Ibáñez","departamento":"Santa Cruz","distrito":"12","uv":"242","fuente":"GAM Santa Cruz vía YoViajo/geodatos"},"geometry":{"type":"Polygon","coordinates":[[[-63.118227,-17.878939],[-63.125584,-17.881929],[-63.129495,-17.868303],[-63.129873,-17.864646],[-63.129321,-17.864461],[-63.118227,-17.878939]]]}},{"type":"Feature","properties":{"id":"scz-uv-9-298-5085","nombre":"UV 298","nivel":"uv","municipio":"Santa Cruz de la Sierra","provincia":"Andrés Ibáñez","departamento":"Santa Cruz","distrito":"9","uv":"298","fuente":"GAM Santa Cruz vía YoViajo/geodatos"},"geometry":{"type":"Polygon","coordinates":[[[-63.211998,-17.866691],[-63.212326,-17.873727],[-63.219564,-17.870676],[-63.220867,-17.870413],[-63.217547,-17.863561],[-63.216736,-17.864047],[-63.215617,-17.864834],[-63.211998,-17.866691]]]}},{"type":"Feature","properties":{"id":"scz-uv-12-182-5086","nombre":"UV 182","nivel":"uv","municipio":"Santa Cruz de la Sierra","provincia":"Andrés Ibáñez","departamento":"Santa Cruz","distrito":"12","uv":"182","fuente":"GAM Santa Cruz vía YoViajo/geodatos"},"geometry":{"type":"Polygon","coordinates":[[[-63.171195,-17.863068],[-63.16434,-17.8704],[-63.16724,-17.872304],[-63.16736,-17.872418],[-63.167661,-17.872597],[-63.167572,-17.872734],[-63.168488,-17.873253],[-63.168743,-17.873462],[-63.169159,-17.873964],[-63.171346,-17.876903],[-63.177482,-17.868507],[-63.179173,-17.86611],[-63.175208,-17.866103],[-63.174758,-17.865971],[-63.17436,-17.865573],[-63.17395,-17.865422],[-63.171195,-17.863068]]]}},{"type":"Feature","properties":{"id":"scz-uv-12-244-5087","nombre":"UV 244","nivel":"uv","municipio":"Santa Cruz de la Sierra","provincia":"Andrés Ibáñez","departamento":"Santa Cruz","distrito":"12","uv":"244","fuente":"GAM Santa Cruz vía YoViajo/geodatos"},"geometry":{"type":"Polygon","coordinates":[[[-63.137263,-17.868861],[-63.138208,-17.869417],[-63.140245,-17.87051],[-63.142841,-17.87642],[-63.143947,-17.878317],[-63.149359,-17.867376],[-63.142564,-17.863386],[-63.142482,-17.863286],[-63.142039,-17.863017],[-63.140519,-17.865273],[-63.140384,-17.865184],[-63.137263,-17.868861]]]}},{"type":"Feature","properties":{"id":"scz-uv-12-185-5088","nombre":"UV 185","nivel":"uv","municipio":"Santa Cruz de la Sierra","provincia":"Andrés Ibáñez","departamento":"Santa Cruz","distrito":"12","uv":"185","fuente":"GAM Santa Cruz vía YoViajo/geodatos"},"geometry":{"type":"Polygon","coordinates":[[[-63.179173,-17.86611],[-63.177482,-17.868507],[-63.174356,-17.8728],[-63.18538,-17.87279],[-63.185104,-17.874668],[-63.186836,-17.874407],[-63.185819,-17.869346],[-63.185187,-17.867821],[-63.185035,-17.867662],[-63.184204,-17.866029],[-63.183199,-17.864199],[-63.182799,-17.863533],[-63.18171,-17.862251],[-63.179173,-17.86611]]]}},{"type":"Feature","properties":{"id":"scz-uv-12-174-5089","nombre":"UV 174","nivel":"uv","municipio":"Santa Cruz de la Sierra","provincia":"Andrés Ibáñez","departamento":"Santa Cruz","distrito":"12","uv":"174","fuente":"GAM Santa Cruz vía YoViajo/geodatos"},"geometry":{"type":"Polygon","coordinates":[[[-63.149499,-17.867411],[-63.154516,-17.871212],[-63.155836,-17.872026],[-63.158388,-17.86779],[-63.159126,-17.866493],[-63.15364,-17.863501],[-63.152927,-17.862968],[-63.152405,-17.86213],[-63.152107,-17.862626],[-63.150876,-17.864891],[-63.150823,-17.865056],[-63.149971,-17.866678],[-63.149499,-17.867411]]]}},{"type":"Feature","properties":{"id":"scz-uv-12-240-5090","nombre":"UV 240","nivel":"uv","municipio":"Santa Cruz de la Sierra","provincia":"Andrés Ibáñez","departamento":"Santa Cruz","distrito":"12","uv":"240","fuente":"GAM Santa Cruz vía YoViajo/geodatos"},"geometry":{"type":"Polygon","coordinates":[[[-63.104922,-17.868518],[-63.114399,-17.877336],[-63.118227,-17.878939],[-63.129424,-17.864327],[-63.120565,-17.863323],[-63.110686,-17.861843],[-63.107606,-17.865106],[-63.104922,-17.868518]]]}},{"type":"Feature","properties":{"id":"scz-uv-9-187-5091","nombre":"UV 187","nivel":"uv","municipio":"Santa Cruz de la Sierra","provincia":"Andrés Ibáñez","departamento":"Santa Cruz","distrito":"9","uv":"187","fuente":"GAM Santa Cruz vía YoViajo/geodatos"},"geometry":{"type":"Polygon","coordinates":[[[-63.202229,-17.865718],[-63.204016,-17.871186],[-63.211998,-17.866691],[-63.207841,-17.861302],[-63.202229,-17.865718]]]}},{"type":"Feature","properties":{"id":"scz-uv-12-241-5092","nombre":"UV 241","nivel":"uv","municipio":"Santa Cruz de la Sierra","provincia":"Andrés Ibáñez","departamento":"Santa Cruz","distrito":"12","uv":"241","fuente":"GAM Santa Cruz vía YoViajo/geodatos"},"geometry":{"type":"Polygon","coordinates":[[[-63.132732,-17.860009],[-63.129321,-17.864461],[-63.132939,-17.865672],[-63.133792,-17.866461],[-63.133702,-17.866767],[-63.137263,-17.868861],[-63.140384,-17.865184],[-63.140519,-17.865273],[-63.142039,-17.863017],[-63.138822,-17.861068],[-63.132732,-17.860009]]]}},{"type":"Feature","properties":{"id":"scz-uv-10-299-5093","nombre":"UV 299","nivel":"uv","municipio":"Santa Cruz de la Sierra","provincia":"Andrés Ibáñez","departamento":"Santa Cruz","distrito":"10","uv":"299","fuente":"GAM Santa Cruz vía YoViajo/geodatos"},"geometry":{"type":"Polygon","coordinates":[[[-63.217547,-17.863561],[-63.220867,-17.870413],[-63.229301,-17.869255],[-63.230075,-17.867051],[-63.227852,-17.863931],[-63.224587,-17.859213],[-63.220536,-17.861744],[-63.217547,-17.863561]]]}},{"type":"Feature","properties":{"id":"scz-uv-9-133-5094","nombre":"UV 133","nivel":"uv","municipio":"Santa Cruz de la Sierra","provincia":"Andrés Ibáñez","departamento":"Santa Cruz","distrito":"9","uv":"133","fuente":"GAM Santa Cruz vía YoViajo/geodatos"},"geometry":{"type":"Polygon","coordinates":[[[-63.189312,-17.865714],[-63.192268,-17.873149],[-63.202229,-17.865718],[-63.200641,-17.858779],[-63.189312,-17.865714]]]}},{"type":"Feature","properties":{"id":"scz-uv-5-ET113-5543","nombre":"UV ET113","nivel":"uv","municipio":"Santa Cruz de la Sierra","provincia":"Andrés Ibáñez","departamento":"Santa Cruz","distrito":"5","uv":"ET113","fuente":"GAM Santa Cruz vía YoViajo/geodatos"},"geometry":{"type":"Polygon","coordinates":[[[-63.136634,-17.696161],[-63.138799,-17.697865],[-63.140152,-17.696084],[-63.138245,-17.694559],[-63.136634,-17.696161]]]}},{"type":"Feature","properties":{"id":"scz-uv-12-ET66-5095","nombre":"UV ET66","nivel":"uv","municipio":"Santa Cruz de la Sierra","provincia":"Andrés Ibáñez","departamento":"Santa Cruz","distrito":"12","uv":"ET66","fuente":"GAM Santa Cruz vía YoViajo/geodatos"},"geometry":{"type":"Polygon","coordinates":[[[-63.132794,-17.86002],[-63.138822,-17.861068],[-63.142482,-17.863286],[-63.142564,-17.863386],[-63.144614,-17.860418],[-63.134169,-17.858317],[-63.132794,-17.86002]]]}},{"type":"Feature","properties":{"id":"scz-uv-10-ET72-5096","nombre":"UV ET72","nivel":"uv","municipio":"Santa Cruz de la Sierra","provincia":"Andrés Ibáñez","departamento":"Santa Cruz","distrito":"10","uv":"ET72","fuente":"GAM Santa Cruz vía YoViajo/geodatos"},"geometry":{"type":"Polygon","coordinates":[[[-63.224587,-17.859213],[-63.227852,-17.863931],[-63.230075,-17.867051],[-63.231041,-17.864374],[-63.226921,-17.858615],[-63.226449,-17.858002],[-63.224587,-17.859213]]]}},{"type":"Feature","properties":{"id":"scz-uv-12-181-5097","nombre":"UV 181","nivel":"uv","municipio":"Santa Cruz de la Sierra","provincia":"Andrés Ibáñez","departamento":"Santa Cruz","distrito":"12","uv":"181","fuente":"GAM Santa Cruz vía YoViajo/geodatos"},"geometry":{"type":"Polygon","coordinates":[[[-63.176903,-17.857011],[-63.171195,-17.863068],[-63.17395,-17.865422],[-63.17436,-17.865573],[-63.174758,-17.865971],[-63.175208,-17.866103],[-63.179173,-17.86611],[-63.18171,-17.862251],[-63.179728,-17.860059],[-63.176903,-17.857011]]]}},{"type":"Feature","properties":{"id":"scz-uv-12-184-5098","nombre":"UV 184","nivel":"uv","municipio":"Santa Cruz de la Sierra","provincia":"Andrés Ibáñez","departamento":"Santa Cruz","distrito":"12","uv":"184","fuente":"GAM Santa Cruz vía YoViajo/geodatos"},"geometry":{"type":"Polygon","coordinates":[[[-63.18171,-17.862251],[-63.182799,-17.863533],[-63.183199,-17.864199],[-63.184204,-17.866029],[-63.185035,-17.867662],[-63.185187,-17.867821],[-63.189407,-17.865933],[-63.185459,-17.85682],[-63.184568,-17.858235],[-63.182998,-17.860389],[-63.182871,-17.860471],[-63.18171,-17.862251]]]}},{"type":"Feature","properties":{"id":"scz-uv-12-173-5099","nombre":"UV 173","nivel":"uv","municipio":"Santa Cruz de la Sierra","provincia":"Andrés Ibáñez","departamento":"Santa Cruz","distrito":"12","uv":"173","fuente":"GAM Santa Cruz vía YoViajo/geodatos"},"geometry":{"type":"Polygon","coordinates":[[[-63.152405,-17.86213],[-63.152927,-17.862968],[-63.15364,-17.863501],[-63.159126,-17.866493],[-63.159528,-17.865732],[-63.159891,-17.865174],[-63.161145,-17.859582],[-63.153442,-17.856286],[-63.152944,-17.858062],[-63.152723,-17.859234],[-63.152552,-17.860589],[-63.152626,-17.861758],[-63.152405,-17.86213]]]}},{"type":"Feature","properties":{"id":"scz-uv-9-188-5100","nombre":"UV 188","nivel":"uv","municipio":"Santa Cruz de la Sierra","provincia":"Andrés Ibáñez","departamento":"Santa Cruz","distrito":"9","uv":"188","fuente":"GAM Santa Cruz vía YoViajo/geodatos"},"geometry":{"type":"Polygon","coordinates":[[[-63.213882,-17.855986],[-63.211119,-17.858828],[-63.207841,-17.861302],[-63.211998,-17.866691],[-63.215617,-17.864834],[-63.216736,-17.864047],[-63.217547,-17.863561],[-63.216016,-17.860402],[-63.215899,-17.860264],[-63.215078,-17.858567],[-63.213882,-17.855986]]]}},{"type":"Feature","properties":{"id":"scz-uv-12-240A-5101","nombre":"UV 240A","nivel":"uv","municipio":"Santa Cruz de la Sierra","provincia":"Andrés Ibáñez","departamento":"Santa Cruz","distrito":"12","uv":"240A","fuente":"GAM Santa Cruz vía YoViajo/geodatos"},"geometry":{"type":"Polygon","coordinates":[[[-63.116112,-17.855622],[-63.110686,-17.861843],[-63.120565,-17.863323],[-63.129424,-17.864327],[-63.132732,-17.860009],[-63.120382,-17.857861],[-63.116519,-17.855237],[-63.116112,-17.855622]]]}},{"type":"Feature","properties":{"id":"scz-uv-10-300-5102","nombre":"UV 300","nivel":"uv","municipio":"Santa Cruz de la Sierra","provincia":"Andrés Ibáñez","departamento":"Santa Cruz","distrito":"10","uv":"300","fuente":"GAM Santa Cruz vía YoViajo/geodatos"},"geometry":{"type":"Polygon","coordinates":[[[-63.226449,-17.858002],[-63.226921,-17.858615],[-63.231041,-17.864374],[-63.233737,-17.858171],[-63.230396,-17.854943],[-63.226449,-17.858002]]]}},{"type":"Feature","properties":{"id":"scz-uv-12-178-5103","nombre":"UV 178","nivel":"uv","municipio":"Santa Cruz de la Sierra","provincia":"Andrés Ibáñez","departamento":"Santa Cruz","distrito":"12","uv":"178","fuente":"GAM Santa Cruz vía YoViajo/geodatos"},"geometry":{"type":"Polygon","coordinates":[[[-63.161145,-17.859582],[-63.159891,-17.865174],[-63.159528,-17.865732],[-63.160511,-17.866671],[-63.164551,-17.87017],[-63.172376,-17.861816],[-63.170528,-17.860245],[-63.166688,-17.857257],[-63.163601,-17.854581],[-63.162372,-17.857118],[-63.161413,-17.85862],[-63.161145,-17.859582]]]}},{"type":"Feature","properties":{"id":"scz-uv-12-165A-5104","nombre":"UV 165A","nivel":"uv","municipio":"Santa Cruz de la Sierra","provincia":"Andrés Ibáñez","departamento":"Santa Cruz","distrito":"12","uv":"165A","fuente":"GAM Santa Cruz vía YoViajo/geodatos"},"geometry":{"type":"Polygon","coordinates":[[[-63.116519,-17.855237],[-63.120382,-17.857861],[-63.120714,-17.857919],[-63.121707,-17.856607],[-63.118365,-17.853599],[-63.116519,-17.855237]]]}},{"type":"Feature","properties":{"id":"scz-uv-9-134-5105","nombre":"UV 134","nivel":"uv","municipio":"Santa Cruz de la Sierra","provincia":"Andrés Ibáñez","departamento":"Santa Cruz","distrito":"9","uv":"134","fuente":"GAM Santa Cruz vía YoViajo/geodatos"},"geometry":{"type":"Polygon","coordinates":[[[-63.200641,-17.858779],[-63.202229,-17.865718],[-63.207948,-17.861218],[-63.211119,-17.858828],[-63.21231,-17.85761],[-63.209847,-17.852381],[-63.20858,-17.853214],[-63.207299,-17.854181],[-63.200641,-17.858779]]]}},{"type":"Feature","properties":{"id":"scz-uv-8-ET133-5106","nombre":"UV ET133","nivel":"uv","municipio":"Santa Cruz de la Sierra","provincia":"Andrés Ibáñez","departamento":"Santa Cruz","distrito":"8","uv":"ET133","fuente":"GAM Santa Cruz vía YoViajo/geodatos"},"geometry":{"type":"Polygon","coordinates":[[[-63.116112,-17.855622],[-63.116519,-17.855237],[-63.115623,-17.854621],[-63.107242,-17.852499],[-63.107128,-17.852442],[-63.106995,-17.852316],[-63.106936,-17.852211],[-63.1069,-17.852036],[-63.105773,-17.852974],[-63.116112,-17.855622]]]}},{"type":"Feature","properties":{"id":"scz-uv-12-180-5107","nombre":"UV 180","nivel":"uv","municipio":"Santa Cruz de la Sierra","provincia":"Andrés Ibáñez","departamento":"Santa Cruz","distrito":"12","uv":"180","fuente":"GAM Santa Cruz vía YoViajo/geodatos"},"geometry":{"type":"Polygon","coordinates":[[[-63.176903,-17.857011],[-63.179728,-17.860059],[-63.18171,-17.862251],[-63.182871,-17.860471],[-63.182998,-17.860389],[-63.184568,-17.858235],[-63.185459,-17.85682],[-63.184899,-17.855528],[-63.181471,-17.851918],[-63.176903,-17.857011]]]}},{"type":"Feature","properties":{"id":"scz-uv-9-131-5108","nombre":"UV 131","nivel":"uv","municipio":"Santa Cruz de la Sierra","provincia":"Andrés Ibáñez","departamento":"Santa Cruz","distrito":"9","uv":"131","fuente":"GAM Santa Cruz vía YoViajo/geodatos"},"geometry":{"type":"Polygon","coordinates":[[[-63.186441,-17.859087],[-63.189312,-17.865714],[-63.200641,-17.858779],[-63.198703,-17.852141],[-63.198635,-17.851787],[-63.186441,-17.859087]]]}},{"type":"Feature","properties":{"id":"scz-uv-10-188A-5109","nombre":"UV 188A","nivel":"uv","municipio":"Santa Cruz de la Sierra","provincia":"Andrés Ibáñez","departamento":"Santa Cruz","distrito":"10","uv":"188A","fuente":"GAM Santa Cruz vía YoViajo/geodatos"},"geometry":{"type":"Polygon","coordinates":[[[-63.213882,-17.855986],[-63.215078,-17.858567],[-63.215899,-17.860264],[-63.216016,-17.860402],[-63.217547,-17.863561],[-63.220536,-17.861744],[-63.224587,-17.859213],[-63.219209,-17.851533],[-63.216281,-17.853662],[-63.215597,-17.854194],[-63.213882,-17.855986]]]}},{"type":"Feature","properties":{"id":"scz-uv-10-ET81-5110","nombre":"UV ET81","nivel":"uv","municipio":"Santa Cruz de la Sierra","provincia":"Andrés Ibáñez","departamento":"Santa Cruz","distrito":"10","uv":"ET81","fuente":"GAM Santa Cruz vía YoViajo/geodatos"},"geometry":{"type":"Polygon","coordinates":[[[-63.231759,-17.853745],[-63.23289,-17.852731],[-63.231175,-17.85133],[-63.231043,-17.851332],[-63.229947,-17.852002],[-63.231382,-17.853342],[-63.231759,-17.853745]]]}},{"type":"Feature","properties":{"id":"scz-uv-10-ET82-5111","nombre":"UV ET82","nivel":"uv","municipio":"Santa Cruz de la Sierra","provincia":"Andrés Ibáñez","departamento":"Santa Cruz","distrito":"10","uv":"ET82","fuente":"GAM Santa Cruz vía YoViajo/geodatos"},"geometry":{"type":"Polygon","coordinates":[[[-63.234848,-17.850976],[-63.230396,-17.854943],[-63.233737,-17.858171],[-63.236297,-17.852234],[-63.234848,-17.850976]]]}},{"type":"Feature","properties":{"id":"scz-uv-12-177-5112","nombre":"UV 177","nivel":"uv","municipio":"Santa Cruz de la Sierra","provincia":"Andrés Ibáñez","departamento":"Santa Cruz","distrito":"12","uv":"177","fuente":"GAM Santa Cruz vía YoViajo/geodatos"},"geometry":{"type":"Polygon","coordinates":[[[-63.163601,-17.854581],[-63.166688,-17.857257],[-63.170528,-17.860245],[-63.172376,-17.861816],[-63.176903,-17.857011],[-63.175095,-17.855279],[-63.166288,-17.850805],[-63.166018,-17.85121],[-63.163796,-17.85418],[-63.163601,-17.854581]]]}},{"type":"Feature","properties":{"id":"scz-uv-12-169-5113","nombre":"UV 169","nivel":"uv","municipio":"Santa Cruz de la Sierra","provincia":"Andrés Ibáñez","departamento":"Santa Cruz","distrito":"12","uv":"169","fuente":"GAM Santa Cruz vía YoViajo/geodatos"},"geometry":{"type":"Polygon","coordinates":[[[-63.134169,-17.858317],[-63.144614,-17.860418],[-63.142564,-17.863386],[-63.149359,-17.867376],[-63.149385,-17.867325],[-63.149499,-17.867411],[-63.149971,-17.866678],[-63.150823,-17.865056],[-63.150876,-17.864891],[-63.152107,-17.862626],[-63.152626,-17.861758],[-63.152552,-17.860589],[-63.152723,-17.859234],[-63.152944,-17.858062],[-63.153442,-17.856286],[-63.154772,-17.853272],[-63.140193,-17.850453],[-63.134169,-17.858317]]]}},{"type":"Feature","properties":{"id":"scz-uv-10-ET71-5114","nombre":"UV ET71","nivel":"uv","municipio":"Santa Cruz de la Sierra","provincia":"Andrés Ibáñez","departamento":"Santa Cruz","distrito":"10","uv":"ET71","fuente":"GAM Santa Cruz vía YoViajo/geodatos"},"geometry":{"type":"Polygon","coordinates":[[[-63.219209,-17.851533],[-63.224587,-17.859213],[-63.226449,-17.858002],[-63.225324,-17.856407],[-63.220914,-17.850356],[-63.220659,-17.850411],[-63.219953,-17.850907],[-63.219209,-17.851533]]]}},{"type":"Feature","properties":{"id":"scz-uv-12-ET65-5115","nombre":"UV ET65","nivel":"uv","municipio":"Santa Cruz de la Sierra","provincia":"Andrés Ibáñez","departamento":"Santa Cruz","distrito":"12","uv":"ET65","fuente":"GAM Santa Cruz vía YoViajo/geodatos"},"geometry":{"type":"Polygon","coordinates":[[[-63.118365,-17.853599],[-63.120037,-17.855085],[-63.12233,-17.852937],[-63.124146,-17.850909],[-63.122161,-17.849459],[-63.118365,-17.853599]]]}},{"type":"Feature","properties":{"id":"scz-uv-8-239-5116","nombre":"UV 239","nivel":"uv","municipio":"Santa Cruz de la Sierra","provincia":"Andrés Ibáñez","departamento":"Santa Cruz","distrito":"8","uv":"239","fuente":"GAM Santa Cruz vía YoViajo/geodatos"},"geometry":{"type":"Polygon","coordinates":[[[-63.10464,-17.849461],[-63.102754,-17.851081],[-63.099649,-17.853063],[-63.099251,-17.853231],[-63.092521,-17.857226],[-63.093128,-17.857732],[-63.101631,-17.865725],[-63.103455,-17.867505],[-63.104922,-17.868518],[-63.107606,-17.865106],[-63.110686,-17.861843],[-63.116112,-17.855622],[-63.105773,-17.852974],[-63.1069,-17.852036],[-63.106925,-17.851873],[-63.106573,-17.851413],[-63.10464,-17.849461]]]}},{"type":"Feature","properties":{"id":"scz-uv-10-189A-5117","nombre":"UV 189A","nivel":"uv","municipio":"Santa Cruz de la Sierra","provincia":"Andrés Ibáñez","departamento":"Santa Cruz","distrito":"10","uv":"189A","fuente":"GAM Santa Cruz vía YoViajo/geodatos"},"geometry":{"type":"Polygon","coordinates":[[[-63.224205,-17.848092],[-63.220982,-17.850341],[-63.220914,-17.850356],[-63.225324,-17.856407],[-63.226449,-17.858002],[-63.230597,-17.854786],[-63.231759,-17.853745],[-63.231382,-17.853342],[-63.229947,-17.852002],[-63.231012,-17.851345],[-63.231175,-17.85133],[-63.23289,-17.852731],[-63.234848,-17.850976],[-63.231845,-17.848529],[-63.23076,-17.847433],[-63.228937,-17.849469],[-63.228095,-17.850297],[-63.226506,-17.84944],[-63.226264,-17.84924],[-63.224205,-17.848092]]]}},{"type":"Feature","properties":{"id":"scz-uv-9-132-5118","nombre":"UV 132","nivel":"uv","municipio":"Santa Cruz de la Sierra","provincia":"Andrés Ibáñez","departamento":"Santa Cruz","distrito":"9","uv":"132","fuente":"GAM Santa Cruz vía YoViajo/geodatos"},"geometry":{"type":"Polygon","coordinates":[[[-63.198703,-17.852141],[-63.200641,-17.858779],[-63.207299,-17.854181],[-63.20858,-17.853214],[-63.209847,-17.852381],[-63.209202,-17.851007],[-63.208824,-17.849906],[-63.207381,-17.847092],[-63.206505,-17.847608],[-63.205528,-17.848123],[-63.203892,-17.849054],[-63.198703,-17.852141]]]}},{"type":"Feature","properties":{"id":"scz-uv-12-172-5119","nombre":"UV 172","nivel":"uv","municipio":"Santa Cruz de la Sierra","provincia":"Andrés Ibáñez","departamento":"Santa Cruz","distrito":"12","uv":"172","fuente":"GAM Santa Cruz vía YoViajo/geodatos"},"geometry":{"type":"Polygon","coordinates":[[[-63.154772,-17.853272],[-63.153442,-17.856286],[-63.161145,-17.859582],[-63.161413,-17.85862],[-63.162372,-17.857118],[-63.163796,-17.85418],[-63.166018,-17.85121],[-63.166288,-17.850805],[-63.164395,-17.849809],[-63.162795,-17.849159],[-63.162643,-17.848987],[-63.160964,-17.848505],[-63.159372,-17.847694],[-63.157365,-17.846731],[-63.155849,-17.850635],[-63.154772,-17.853272]]]}},{"type":"Feature","properties":{"id":"scz-uv-12-176-5120","nombre":"UV 176","nivel":"uv","municipio":"Santa Cruz de la Sierra","provincia":"Andrés Ibáñez","departamento":"Santa Cruz","distrito":"12","uv":"176","fuente":"GAM Santa Cruz vía YoViajo/geodatos"},"geometry":{"type":"Polygon","coordinates":[[[-63.171949,-17.853681],[-63.175095,-17.855279],[-63.176903,-17.857011],[-63.181471,-17.851918],[-63.17672,-17.846661],[-63.171949,-17.853681]]]}},{"type":"Feature","properties":{"id":"scz-uv-9-ET44-5121","nombre":"UV ET44","nivel":"uv","municipio":"Santa Cruz de la Sierra","provincia":"Andrés Ibáñez","departamento":"Santa Cruz","distrito":"9","uv":"ET44","fuente":"GAM Santa Cruz vía YoViajo/geodatos"},"geometry":{"type":"Polygon","coordinates":[[[-63.207381,-17.847092],[-63.208824,-17.849906],[-63.209202,-17.851007],[-63.21231,-17.85761],[-63.213882,-17.855986],[-63.210652,-17.849234],[-63.209228,-17.846026],[-63.207381,-17.847092]]]}},{"type":"Feature","properties":{"id":"scz-uv-9-129-5122","nombre":"UV 129","nivel":"uv","municipio":"Santa Cruz de la Sierra","provincia":"Andrés Ibáñez","departamento":"Santa Cruz","distrito":"9","uv":"129","fuente":"GAM Santa Cruz vía YoViajo/geodatos"},"geometry":{"type":"Polygon","coordinates":[[[-63.18382,-17.852358],[-63.184412,-17.853667],[-63.184899,-17.855528],[-63.186441,-17.859087],[-63.198635,-17.851787],[-63.197629,-17.847058],[-63.197458,-17.846001],[-63.196378,-17.846568],[-63.18382,-17.852358]]]}},{"type":"Feature","properties":{"id":"scz-uv-10-ET80-5123","nombre":"UV ET80","nivel":"uv","municipio":"Santa Cruz de la Sierra","provincia":"Andrés Ibáñez","departamento":"Santa Cruz","distrito":"10","uv":"ET80","fuente":"GAM Santa Cruz vía YoViajo/geodatos"},"geometry":{"type":"Polygon","coordinates":[[[-63.224205,-17.848092],[-63.226264,-17.84924],[-63.226506,-17.84944],[-63.228095,-17.850297],[-63.228937,-17.849469],[-63.23076,-17.847433],[-63.228311,-17.844961],[-63.226871,-17.846131],[-63.224205,-17.848092]]]}},{"type":"Feature","properties":{"id":"scz-uv-9-ET41-5125","nombre":"UV ET41","nivel":"uv","municipio":"Santa Cruz de la Sierra","provincia":"Andrés Ibáñez","departamento":"Santa Cruz","distrito":"9","uv":"ET41","fuente":"GAM Santa Cruz vía YoViajo/geodatos"},"geometry":{"type":"Polygon","coordinates":[[[-63.176133,-17.846011],[-63.181408,-17.851852],[-63.184899,-17.855528],[-63.184412,-17.853667],[-63.18382,-17.852358],[-63.182991,-17.850363],[-63.182848,-17.850202],[-63.181078,-17.844633],[-63.176133,-17.846011]]]}},{"type":"Feature","properties":{"id":"scz-uv-8-250-5126","nombre":"UV 250","nivel":"uv","municipio":"Santa Cruz de la Sierra","provincia":"Andrés Ibáñez","departamento":"Santa Cruz","distrito":"8","uv":"250","fuente":"GAM Santa Cruz vía YoViajo/geodatos"},"geometry":{"type":"Polygon","coordinates":[[[-63.0779,-17.844173],[-63.08035,-17.847492],[-63.084717,-17.851021],[-63.086912,-17.852888],[-63.087099,-17.852685],[-63.092521,-17.857226],[-63.099251,-17.853231],[-63.099649,-17.853063],[-63.102754,-17.851081],[-63.104521,-17.849559],[-63.102435,-17.847258],[-63.102378,-17.847071],[-63.100589,-17.845048],[-63.090247,-17.844559],[-63.082351,-17.844087],[-63.080842,-17.844049],[-63.0779,-17.844173]]]}},{"type":"Feature","properties":{"id":"scz-uv-7-286-5254","nombre":"UV 286","nivel":"uv","municipio":"Santa Cruz de la Sierra","provincia":"Andrés Ibáñez","departamento":"Santa Cruz","distrito":"7","uv":"286","fuente":"GAM Santa Cruz vía YoViajo/geodatos"},"geometry":{"type":"Polygon","coordinates":[[[-63.084355,-17.805148],[-63.079485,-17.805311],[-63.07807,-17.815076],[-63.08765,-17.815768],[-63.088892,-17.803757],[-63.087321,-17.804356],[-63.086594,-17.804598],[-63.085769,-17.804813],[-63.084355,-17.805148]]]}},{"type":"Feature","properties":{"id":"scz-uv-10-ET79-5127","nombre":"UV ET79","nivel":"uv","municipio":"Santa Cruz de la Sierra","provincia":"Andrés Ibáñez","departamento":"Santa Cruz","distrito":"10","uv":"ET79","fuente":"GAM Santa Cruz vía YoViajo/geodatos"},"geometry":{"type":"Polygon","coordinates":[[[-63.229418,-17.844106],[-63.228311,-17.844961],[-63.231845,-17.848529],[-63.234848,-17.850976],[-63.235385,-17.850382],[-63.232083,-17.846808],[-63.231423,-17.845147],[-63.230181,-17.843684],[-63.229515,-17.844211],[-63.229418,-17.844106]]]}},{"type":"Feature","properties":{"id":"scz-uv-12-ET64-5128","nombre":"UV ET64","nivel":"uv","municipio":"Santa Cruz de la Sierra","provincia":"Andrés Ibáñez","departamento":"Santa Cruz","distrito":"12","uv":"ET64","fuente":"GAM Santa Cruz vía YoViajo/geodatos"},"geometry":{"type":"Polygon","coordinates":[[[-63.123794,-17.847761],[-63.122161,-17.849459],[-63.124146,-17.850909],[-63.129466,-17.844694],[-63.127464,-17.843672],[-63.123794,-17.847761]]]}},{"type":"Feature","properties":{"id":"scz-uv-12-175-5129","nombre":"UV 175","nivel":"uv","municipio":"Santa Cruz de la Sierra","provincia":"Andrés Ibáñez","departamento":"Santa Cruz","distrito":"12","uv":"175","fuente":"GAM Santa Cruz vía YoViajo/geodatos"},"geometry":{"type":"Polygon","coordinates":[[[-63.17033,-17.844741],[-63.169221,-17.845823],[-63.166288,-17.850805],[-63.171949,-17.853681],[-63.17672,-17.846661],[-63.172932,-17.842383],[-63.17033,-17.844741]]]}},{"type":"Feature","properties":{"id":"scz-uv-10-ET83-5130","nombre":"UV ET83","nivel":"uv","municipio":"Santa Cruz de la Sierra","provincia":"Andrés Ibáñez","departamento":"Santa Cruz","distrito":"10","uv":"ET83","fuente":"GAM Santa Cruz vía YoViajo/geodatos"},"geometry":{"type":"Polygon","coordinates":[[[-63.242682,-17.842207],[-63.234848,-17.850976],[-63.236297,-17.852234],[-63.243669,-17.843062],[-63.242682,-17.842207]]]}},{"type":"Feature","properties":{"id":"scz-uv-9-130-5131","nombre":"UV 130","nivel":"uv","municipio":"Santa Cruz de la Sierra","provincia":"Andrés Ibáñez","departamento":"Santa Cruz","distrito":"9","uv":"130","fuente":"GAM Santa Cruz vía YoViajo/geodatos"},"geometry":{"type":"Polygon","coordinates":[[[-63.197458,-17.846001],[-63.197629,-17.847058],[-63.198703,-17.852141],[-63.203892,-17.849054],[-63.205528,-17.848123],[-63.206505,-17.847608],[-63.207381,-17.847092],[-63.205393,-17.84224],[-63.201942,-17.84391],[-63.197458,-17.846001]]]}},{"type":"Feature","properties":{"id":"scz-uv-10-135-5132","nombre":"UV 135","nivel":"uv","municipio":"Santa Cruz de la Sierra","provincia":"Andrés Ibáñez","departamento":"Santa Cruz","distrito":"10","uv":"135","fuente":"GAM Santa Cruz vía YoViajo/geodatos"},"geometry":{"type":"Polygon","coordinates":[[[-63.209228,-17.846026],[-63.210652,-17.849234],[-63.213882,-17.855986],[-63.215597,-17.854194],[-63.216281,-17.853662],[-63.219173,-17.851563],[-63.219953,-17.850907],[-63.220659,-17.850411],[-63.220982,-17.850341],[-63.219157,-17.846784],[-63.216513,-17.84187],[-63.215651,-17.842306],[-63.209228,-17.846026]]]}},{"type":"Feature","properties":{"id":"scz-uv-9-122-5133","nombre":"UV 122","nivel":"uv","municipio":"Santa Cruz de la Sierra","provincia":"Andrés Ibáñez","departamento":"Santa Cruz","distrito":"9","uv":"122","fuente":"GAM Santa Cruz vía YoViajo/geodatos"},"geometry":{"type":"Polygon","coordinates":[[[-63.181078,-17.844633],[-63.182848,-17.850202],[-63.182991,-17.850363],[-63.18382,-17.852358],[-63.196378,-17.846568],[-63.197458,-17.846001],[-63.195891,-17.841511],[-63.1911,-17.842806],[-63.187847,-17.843401],[-63.186453,-17.843686],[-63.186197,-17.843695],[-63.181078,-17.844633]]]}},{"type":"Feature","properties":{"id":"scz-uv-12-168-5134","nombre":"UV 168","nivel":"uv","municipio":"Santa Cruz de la Sierra","provincia":"Andrés Ibáñez","departamento":"Santa Cruz","distrito":"12","uv":"168","fuente":"GAM Santa Cruz vía YoViajo/geodatos"},"geometry":{"type":"Polygon","coordinates":[[[-63.140193,-17.850453],[-63.154772,-17.853272],[-63.155849,-17.850635],[-63.157365,-17.846731],[-63.154345,-17.845196],[-63.154007,-17.844987],[-63.153891,-17.844809],[-63.14774,-17.840547],[-63.145675,-17.843228],[-63.145278,-17.843848],[-63.14252,-17.847431],[-63.14194,-17.848022],[-63.140251,-17.850049],[-63.140193,-17.850453]]]}},{"type":"Feature","properties":{"id":"scz-uv-10-189-5135","nombre":"UV 189","nivel":"uv","municipio":"Santa Cruz de la Sierra","provincia":"Andrés Ibáñez","departamento":"Santa Cruz","distrito":"10","uv":"189","fuente":"GAM Santa Cruz vía YoViajo/geodatos"},"geometry":{"type":"Polygon","coordinates":[[[-63.232083,-17.846808],[-63.235385,-17.850382],[-63.242682,-17.842207],[-63.237596,-17.837803],[-63.230181,-17.843684],[-63.231423,-17.845147],[-63.232083,-17.846808]]]}},{"type":"Feature","properties":{"id":"scz-uv-8-164-5136","nombre":"UV 164","nivel":"uv","municipio":"Santa Cruz de la Sierra","provincia":"Andrés Ibáñez","departamento":"Santa Cruz","distrito":"8","uv":"164","fuente":"GAM Santa Cruz vía YoViajo/geodatos"},"geometry":{"type":"Polygon","coordinates":[[[-63.120345,-17.838616],[-63.119031,-17.839004],[-63.116654,-17.84008],[-63.114969,-17.840785],[-63.114092,-17.841186],[-63.113223,-17.841482],[-63.110646,-17.841878],[-63.110005,-17.842083],[-63.109548,-17.842497],[-63.108718,-17.843733],[-63.111499,-17.844955],[-63.11611,-17.847086],[-63.119621,-17.848164],[-63.120567,-17.848359],[-63.122161,-17.849459],[-63.123794,-17.847761],[-63.120345,-17.838616]]]}},{"type":"Feature","properties":{"id":"scz-uv-8-ET132-5137","nombre":"UV ET132","nivel":"uv","municipio":"Santa Cruz de la Sierra","provincia":"Andrés Ibáñez","departamento":"Santa Cruz","distrito":"8","uv":"ET132","fuente":"GAM Santa Cruz vía YoViajo/geodatos"},"geometry":{"type":"Polygon","coordinates":[[[-63.110437,-17.839613],[-63.110384,-17.83862],[-63.108161,-17.838694],[-63.10822,-17.839714],[-63.110437,-17.839613]]]}},{"type":"Feature","properties":{"id":"scz-uv-12-171-5138","nombre":"UV 171","nivel":"uv","municipio":"Santa Cruz de la Sierra","provincia":"Andrés Ibáñez","departamento":"Santa Cruz","distrito":"12","uv":"171","fuente":"GAM Santa Cruz vía YoViajo/geodatos"},"geometry":{"type":"Polygon","coordinates":[[[-63.153891,-17.844809],[-63.154007,-17.844987],[-63.154345,-17.845196],[-63.158174,-17.847141],[-63.159372,-17.847694],[-63.160964,-17.848505],[-63.162643,-17.848987],[-63.162795,-17.849159],[-63.164395,-17.849809],[-63.166288,-17.850805],[-63.169221,-17.845823],[-63.17033,-17.844741],[-63.16773,-17.843366],[-63.167548,-17.843419],[-63.163103,-17.841091],[-63.161549,-17.84106],[-63.160548,-17.840655],[-63.15982,-17.840315],[-63.159214,-17.839534],[-63.158667,-17.838922],[-63.158398,-17.838707],[-63.15768,-17.838315],[-63.157481,-17.838154],[-63.156998,-17.837908],[-63.156219,-17.840552],[-63.155936,-17.841136],[-63.153891,-17.844809]]]}},{"type":"Feature","properties":{"id":"scz-uv-9-123-5140","nombre":"UV 123","nivel":"uv","municipio":"Santa Cruz de la Sierra","provincia":"Andrés Ibáñez","departamento":"Santa Cruz","distrito":"9","uv":"123","fuente":"GAM Santa Cruz vía YoViajo/geodatos"},"geometry":{"type":"Polygon","coordinates":[[[-63.195891,-17.841511],[-63.197458,-17.846001],[-63.201942,-17.84391],[-63.205393,-17.84224],[-63.203695,-17.837814],[-63.195891,-17.841511]]]}},{"type":"Feature","properties":{"id":"scz-uv-5-333A-5491","nombre":"UV 333A","nivel":"uv","municipio":"Santa Cruz de la Sierra","provincia":"Andrés Ibáñez","departamento":"Santa Cruz","distrito":"5","uv":"333A","fuente":"GAM Santa Cruz vía YoViajo/geodatos"},"geometry":{"type":"Polygon","coordinates":[[[-63.175341,-17.721591],[-63.176914,-17.725963],[-63.177288,-17.726593],[-63.177808,-17.726625],[-63.181939,-17.726128],[-63.181699,-17.72295],[-63.181097,-17.722115],[-63.181161,-17.719717],[-63.175341,-17.721591]]]}},{"type":"Feature","properties":{"id":"scz-uv-10-136-5141","nombre":"UV 136","nivel":"uv","municipio":"Santa Cruz de la Sierra","provincia":"Andrés Ibáñez","departamento":"Santa Cruz","distrito":"10","uv":"136","fuente":"GAM Santa Cruz vía YoViajo/geodatos"},"geometry":{"type":"Polygon","coordinates":[[[-63.216513,-17.84187],[-63.219157,-17.846784],[-63.220982,-17.850341],[-63.224205,-17.848092],[-63.226871,-17.846131],[-63.22771,-17.845425],[-63.229418,-17.844106],[-63.225685,-17.840116],[-63.222958,-17.837145],[-63.221223,-17.839142],[-63.220831,-17.839533],[-63.219926,-17.840141],[-63.216513,-17.84187]]]}},{"type":"Feature","properties":{"id":"scz-uv-8-237-5142","nombre":"UV 237","nivel":"uv","municipio":"Santa Cruz de la Sierra","provincia":"Andrés Ibáñez","departamento":"Santa Cruz","distrito":"8","uv":"237","fuente":"GAM Santa Cruz vía YoViajo/geodatos"},"geometry":{"type":"Polygon","coordinates":[[[-63.093579,-17.844721],[-63.100589,-17.845048],[-63.101556,-17.846142],[-63.102414,-17.84446],[-63.104459,-17.841748],[-63.101505,-17.840334],[-63.095852,-17.837999],[-63.093163,-17.836833],[-63.093579,-17.844721]]]}},{"type":"Feature","properties":{"id":"scz-uv-9-ET43-5143","nombre":"UV ET43","nivel":"uv","municipio":"Santa Cruz de la Sierra","provincia":"Andrés Ibáñez","departamento":"Santa Cruz","distrito":"9","uv":"ET43","fuente":"GAM Santa Cruz vía YoViajo/geodatos"},"geometry":{"type":"Polygon","coordinates":[[[-63.203695,-17.837814],[-63.205393,-17.84224],[-63.207381,-17.847092],[-63.209228,-17.846026],[-63.208186,-17.843046],[-63.206431,-17.836443],[-63.203695,-17.837814]]]}},{"type":"Feature","properties":{"id":"scz-uv-12-PE-5145","nombre":"UV PE","nivel":"uv","municipio":"Santa Cruz de la Sierra","provincia":"Andrés Ibáñez","departamento":"Santa Cruz","distrito":"12","uv":"PE","fuente":"GAM Santa Cruz vía YoViajo/geodatos"},"geometry":{"type":"Polygon","coordinates":[[[-63.129466,-17.844694],[-63.124231,-17.850814],[-63.12233,-17.852937],[-63.120037,-17.855085],[-63.121707,-17.856607],[-63.120714,-17.857919],[-63.132794,-17.86002],[-63.134169,-17.858317],[-63.140193,-17.850453],[-63.140251,-17.850049],[-63.14194,-17.848022],[-63.14252,-17.847431],[-63.145278,-17.843848],[-63.145675,-17.843228],[-63.14774,-17.840547],[-63.147526,-17.84034],[-63.137437,-17.835741],[-63.129466,-17.844694]]]}},{"type":"Feature","properties":{"id":"scz-uv-10-ET77-5146","nombre":"UV ET77","nivel":"uv","municipio":"Santa Cruz de la Sierra","provincia":"Andrés Ibáñez","departamento":"Santa Cruz","distrito":"10","uv":"ET77","fuente":"GAM Santa Cruz vía YoViajo/geodatos"},"geometry":{"type":"Polygon","coordinates":[[[-63.233901,-17.840742],[-63.237645,-17.83775],[-63.234782,-17.835289],[-63.231539,-17.838192],[-63.233901,-17.840742]]]}},{"type":"Feature","properties":{"id":"scz-uv-12-167-5147","nombre":"UV 167","nivel":"uv","municipio":"Santa Cruz de la Sierra","provincia":"Andrés Ibáñez","departamento":"Santa Cruz","distrito":"12","uv":"167","fuente":"GAM Santa Cruz vía YoViajo/geodatos"},"geometry":{"type":"Polygon","coordinates":[[[-63.14774,-17.840547],[-63.153891,-17.844809],[-63.155936,-17.841136],[-63.156219,-17.840552],[-63.156998,-17.837908],[-63.155566,-17.837195],[-63.154818,-17.836798],[-63.154662,-17.836672],[-63.15185,-17.835254],[-63.14774,-17.840547]]]}},{"type":"Feature","properties":{"id":"scz-uv-8-238-5149","nombre":"UV 238","nivel":"uv","municipio":"Santa Cruz de la Sierra","provincia":"Andrés Ibáñez","departamento":"Santa Cruz","distrito":"8","uv":"238","fuente":"GAM Santa Cruz vía YoViajo/geodatos"},"geometry":{"type":"Polygon","coordinates":[[[-63.084053,-17.836912],[-63.07606,-17.841493],[-63.0779,-17.844173],[-63.080842,-17.844049],[-63.082351,-17.844087],[-63.090247,-17.844559],[-63.093579,-17.844721],[-63.093163,-17.836833],[-63.089019,-17.835002],[-63.088973,-17.834874],[-63.084053,-17.836912]]]}},{"type":"Feature","properties":{"id":"scz-uv-8-ET131-5150","nombre":"UV ET131","nivel":"uv","municipio":"Santa Cruz de la Sierra","provincia":"Andrés Ibáñez","departamento":"Santa Cruz","distrito":"8","uv":"ET131","fuente":"GAM Santa Cruz vía YoViajo/geodatos"},"geometry":{"type":"Polygon","coordinates":[[[-63.123844,-17.836231],[-63.124432,-17.837962],[-63.124664,-17.838006],[-63.127459,-17.837081],[-63.126851,-17.835401],[-63.126235,-17.834761],[-63.125913,-17.835347],[-63.125269,-17.835749],[-63.123844,-17.836231]]]}},{"type":"Feature","properties":{"id":"scz-uv-12-ET63-5151","nombre":"UV ET63","nivel":"uv","municipio":"Santa Cruz de la Sierra","provincia":"Andrés Ibáñez","departamento":"Santa Cruz","distrito":"12","uv":"ET63","fuente":"GAM Santa Cruz vía YoViajo/geodatos"},"geometry":{"type":"Polygon","coordinates":[[[-63.127464,-17.843672],[-63.129466,-17.844694],[-63.137437,-17.835741],[-63.135221,-17.834739],[-63.127464,-17.843672]]]}},{"type":"Feature","properties":{"id":"scz-uv-12-170-5152","nombre":"UV 170","nivel":"uv","municipio":"Santa Cruz de la Sierra","provincia":"Andrés Ibáñez","departamento":"Santa Cruz","distrito":"12","uv":"170","fuente":"GAM Santa Cruz vía YoViajo/geodatos"},"geometry":{"type":"Polygon","coordinates":[[[-63.160548,-17.840655],[-63.161549,-17.84106],[-63.163103,-17.841091],[-63.167548,-17.843419],[-63.16773,-17.843366],[-63.17033,-17.844741],[-63.172932,-17.842383],[-63.165714,-17.834198],[-63.162032,-17.838849],[-63.161943,-17.83891],[-63.161611,-17.839331],[-63.161426,-17.839509],[-63.160548,-17.840655]]]}},{"type":"Feature","properties":{"id":"scz-uv-10-124-5153","nombre":"UV 124","nivel":"uv","municipio":"Santa Cruz de la Sierra","provincia":"Andrés Ibáñez","departamento":"Santa Cruz","distrito":"10","uv":"124","fuente":"GAM Santa Cruz vía YoViajo/geodatos"},"geometry":{"type":"Polygon","coordinates":[[[-63.206431,-17.836443],[-63.208186,-17.843046],[-63.209228,-17.846026],[-63.215651,-17.842306],[-63.216513,-17.84187],[-63.215753,-17.84039],[-63.214747,-17.838594],[-63.211742,-17.833944],[-63.209452,-17.834982],[-63.206431,-17.836443]]]}},{"type":"Feature","properties":{"id":"scz-uv-8-163-5154","nombre":"UV 163","nivel":"uv","municipio":"Santa Cruz de la Sierra","provincia":"Andrés Ibáñez","departamento":"Santa Cruz","distrito":"8","uv":"163","fuente":"GAM Santa Cruz vía YoViajo/geodatos"},"geometry":{"type":"Polygon","coordinates":[[[-63.127459,-17.837081],[-63.124664,-17.838006],[-63.124432,-17.837962],[-63.124306,-17.837589],[-63.123526,-17.837709],[-63.122396,-17.837963],[-63.120168,-17.838556],[-63.120198,-17.838646],[-63.120345,-17.838616],[-63.123794,-17.847761],[-63.127464,-17.843672],[-63.135221,-17.834739],[-63.133516,-17.83385],[-63.13266,-17.834267],[-63.129473,-17.835561],[-63.128473,-17.836012],[-63.128069,-17.836367],[-63.127459,-17.837081]]]}},{"type":"Feature","properties":{"id":"scz-uv-10-ET70-5156","nombre":"UV ET70","nivel":"uv","municipio":"Santa Cruz de la Sierra","provincia":"Andrés Ibáñez","departamento":"Santa Cruz","distrito":"10","uv":"ET70","fuente":"GAM Santa Cruz vía YoViajo/geodatos"},"geometry":{"type":"Polygon","coordinates":[[[-63.21295,-17.835795],[-63.214747,-17.838594],[-63.217178,-17.835662],[-63.21448,-17.83366],[-63.213397,-17.832905],[-63.21295,-17.835795]]]}},{"type":"Feature","properties":{"id":"scz-uv-9-116-5157","nombre":"UV 116","nivel":"uv","municipio":"Santa Cruz de la Sierra","provincia":"Andrés Ibáñez","departamento":"Santa Cruz","distrito":"9","uv":"116","fuente":"GAM Santa Cruz vía YoViajo/geodatos"},"geometry":{"type":"Polygon","coordinates":[[[-63.185699,-17.83298],[-63.180427,-17.840093],[-63.180263,-17.840403],[-63.180141,-17.840849],[-63.180126,-17.841196],[-63.180152,-17.841426],[-63.181078,-17.844633],[-63.186197,-17.843695],[-63.186453,-17.843686],[-63.187847,-17.843401],[-63.1911,-17.842806],[-63.195891,-17.841511],[-63.195654,-17.836809],[-63.194465,-17.83237],[-63.192716,-17.832573],[-63.190733,-17.832924],[-63.186578,-17.833081],[-63.185699,-17.83298]]]}},{"type":"Feature","properties":{"id":"scz-uv-9-ET42-5158","nombre":"UV ET42","nivel":"uv","municipio":"Santa Cruz de la Sierra","provincia":"Andrés Ibáñez","departamento":"Santa Cruz","distrito":"9","uv":"ET42","fuente":"GAM Santa Cruz vía YoViajo/geodatos"},"geometry":{"type":"Polygon","coordinates":[[[-63.203695,-17.837814],[-63.206431,-17.836443],[-63.205869,-17.835097],[-63.205527,-17.834366],[-63.205185,-17.833827],[-63.204079,-17.832656],[-63.203496,-17.83221],[-63.202862,-17.834536],[-63.20269,-17.835277],[-63.20273,-17.835459],[-63.2033,-17.836919],[-63.203695,-17.837814]]]}},{"type":"Feature","properties":{"id":"scz-uv-8-295-5159","nombre":"UV 295","nivel":"uv","municipio":"Santa Cruz de la Sierra","provincia":"Andrés Ibáñez","departamento":"Santa Cruz","distrito":"8","uv":"295","fuente":"GAM Santa Cruz vía YoViajo/geodatos"},"geometry":{"type":"Polygon","coordinates":[[[-63.069926,-17.834106],[-63.07606,-17.841493],[-63.080117,-17.839168],[-63.075483,-17.831899],[-63.069926,-17.834106]]]}},{"type":"Feature","properties":{"id":"scz-uv-10-137-5160","nombre":"UV 137","nivel":"uv","municipio":"Santa Cruz de la Sierra","provincia":"Andrés Ibáñez","departamento":"Santa Cruz","distrito":"10","uv":"137","fuente":"GAM Santa Cruz vía YoViajo/geodatos"},"geometry":{"type":"Polygon","coordinates":[[[-63.223119,-17.837324],[-63.229515,-17.844211],[-63.233901,-17.840742],[-63.231539,-17.838192],[-63.234782,-17.835289],[-63.230448,-17.831499],[-63.226393,-17.834814],[-63.223119,-17.837324]]]}},{"type":"Feature","properties":{"id":"scz-uv-10-ET85-5161","nombre":"UV ET85","nivel":"uv","municipio":"Santa Cruz de la Sierra","provincia":"Andrés Ibáñez","departamento":"Santa Cruz","distrito":"10","uv":"ET85","fuente":"GAM Santa Cruz vía YoViajo/geodatos"},"geometry":{"type":"Polygon","coordinates":[[[-63.240651,-17.833049],[-63.244287,-17.835005],[-63.243972,-17.835488],[-63.247118,-17.837198],[-63.248312,-17.835883],[-63.248438,-17.835632],[-63.242751,-17.832475],[-63.241579,-17.831479],[-63.240651,-17.833049]]]}},{"type":"Feature","properties":{"id":"scz-uv-9-115-5162","nombre":"UV 115","nivel":"uv","municipio":"Santa Cruz de la Sierra","provincia":"Andrés Ibáñez","departamento":"Santa Cruz","distrito":"9","uv":"115","fuente":"GAM Santa Cruz vía YoViajo/geodatos"},"geometry":{"type":"Polygon","coordinates":[[[-63.172047,-17.84138],[-63.176133,-17.846011],[-63.181078,-17.844633],[-63.180152,-17.841426],[-63.180126,-17.841196],[-63.180141,-17.840849],[-63.180263,-17.840403],[-63.180427,-17.840093],[-63.185699,-17.83298],[-63.176531,-17.831275],[-63.175656,-17.831057],[-63.175586,-17.831612],[-63.174587,-17.836061],[-63.173002,-17.839506],[-63.172047,-17.84138]]]}},{"type":"Feature","properties":{"id":"scz-uv-8-159-5163","nombre":"UV 159","nivel":"uv","municipio":"Santa Cruz de la Sierra","provincia":"Andrés Ibáñez","departamento":"Santa Cruz","distrito":"8","uv":"159","fuente":"GAM Santa Cruz vía YoViajo/geodatos"},"geometry":{"type":"Polygon","coordinates":[[[-63.098171,-17.838957],[-63.101505,-17.840334],[-63.104459,-17.841748],[-63.105779,-17.839725],[-63.106873,-17.838669],[-63.109538,-17.835333],[-63.109801,-17.835189],[-63.109922,-17.835071],[-63.106507,-17.832765],[-63.104516,-17.831207],[-63.1028,-17.830829],[-63.101678,-17.832395],[-63.099412,-17.835807],[-63.098483,-17.838264],[-63.098171,-17.838957]]]}},{"type":"Feature","properties":{"id":"scz-uv-12-PU-5164","nombre":"UV PU","nivel":"uv","municipio":"Santa Cruz de la Sierra","provincia":"Andrés Ibáñez","departamento":"Santa Cruz","distrito":"12","uv":"PU","fuente":"GAM Santa Cruz vía YoViajo/geodatos"},"geometry":{"type":"Polygon","coordinates":[[[-63.137437,-17.835741],[-63.147526,-17.84034],[-63.14774,-17.840547],[-63.15185,-17.835254],[-63.142162,-17.830432],[-63.137437,-17.835741]]]}},{"type":"Feature","properties":{"id":"scz-uv-10-ET86-5165","nombre":"UV ET86","nivel":"uv","municipio":"Santa Cruz de la Sierra","provincia":"Andrés Ibáñez","departamento":"Santa Cruz","distrito":"10","uv":"ET86","fuente":"GAM Santa Cruz vía YoViajo/geodatos"},"geometry":{"type":"Polygon","coordinates":[[[-63.241579,-17.831479],[-63.242751,-17.832475],[-63.248438,-17.835632],[-63.249662,-17.833603],[-63.248246,-17.832788],[-63.248208,-17.832848],[-63.242538,-17.829856],[-63.241579,-17.831479]]]}},{"type":"Feature","properties":{"id":"scz-uv-8-159A-5166","nombre":"UV 159A","nivel":"uv","municipio":"Santa Cruz de la Sierra","provincia":"Andrés Ibáñez","departamento":"Santa Cruz","distrito":"8","uv":"159A","fuente":"GAM Santa Cruz vía YoViajo/geodatos"},"geometry":{"type":"Polygon","coordinates":[[[-63.089019,-17.835002],[-63.095852,-17.837999],[-63.098171,-17.838957],[-63.098483,-17.838264],[-63.099412,-17.835807],[-63.101678,-17.832395],[-63.1028,-17.830829],[-63.098153,-17.829868],[-63.098111,-17.829781],[-63.093727,-17.832191],[-63.089019,-17.835002]]]}},{"type":"Feature","properties":{"id":"scz-uv-9-117-5167","nombre":"UV 117","nivel":"uv","municipio":"Santa Cruz de la Sierra","provincia":"Andrés Ibáñez","departamento":"Santa Cruz","distrito":"9","uv":"117","fuente":"GAM Santa Cruz vía YoViajo/geodatos"},"geometry":{"type":"Polygon","coordinates":[[[-63.194465,-17.83237],[-63.195654,-17.836809],[-63.195891,-17.841511],[-63.203695,-17.837814],[-63.2033,-17.836919],[-63.20273,-17.835459],[-63.20269,-17.835277],[-63.202862,-17.834536],[-63.203496,-17.83221],[-63.202872,-17.831771],[-63.200121,-17.82944],[-63.198217,-17.83056],[-63.197579,-17.830884],[-63.196275,-17.831462],[-63.194465,-17.83237]]]}},{"type":"Feature","properties":{"id":"scz-uv-12-ET62-5168","nombre":"UV ET62","nivel":"uv","municipio":"Santa Cruz de la Sierra","provincia":"Andrés Ibáñez","departamento":"Santa Cruz","distrito":"12","uv":"ET62","fuente":"GAM Santa Cruz vía YoViajo/geodatos"},"geometry":{"type":"Polygon","coordinates":[[[-63.135221,-17.834739],[-63.137437,-17.835741],[-63.142162,-17.830432],[-63.140038,-17.829375],[-63.135221,-17.834739]]]}},{"type":"Feature","properties":{"id":"scz-uv-10-125-5169","nombre":"UV 125","nivel":"uv","municipio":"Santa Cruz de la Sierra","provincia":"Andrés Ibáñez","departamento":"Santa Cruz","distrito":"10","uv":"125","fuente":"GAM Santa Cruz vía YoViajo/geodatos"},"geometry":{"type":"Polygon","coordinates":[[[-63.215173,-17.82874],[-63.211742,-17.833944],[-63.21295,-17.835795],[-63.213397,-17.832905],[-63.21448,-17.83366],[-63.217178,-17.835662],[-63.214747,-17.838594],[-63.215753,-17.84039],[-63.216513,-17.84187],[-63.219926,-17.840141],[-63.220831,-17.839533],[-63.221223,-17.839142],[-63.222958,-17.837145],[-63.220613,-17.834577],[-63.21829,-17.832113],[-63.217191,-17.830849],[-63.215173,-17.82874]]]}},{"type":"Feature","properties":{"id":"scz-uv-8-142-5190","nombre":"UV 142","nivel":"uv","municipio":"Santa Cruz de la Sierra","provincia":"Andrés Ibáñez","departamento":"Santa Cruz","distrito":"8","uv":"142","fuente":"GAM Santa Cruz vía YoViajo/geodatos"},"geometry":{"type":"Polygon","coordinates":[[[-63.115266,-17.824662],[-63.121528,-17.82784],[-63.124967,-17.821684],[-63.118714,-17.818482],[-63.115266,-17.824662]]]}},{"type":"Feature","properties":{"id":"scz-uv-7-94-5265","nombre":"UV 94","nivel":"uv","municipio":"Santa Cruz de la Sierra","provincia":"Andrés Ibáñez","departamento":"Santa Cruz","distrito":"7","uv":"94","fuente":"GAM Santa Cruz vía YoViajo/geodatos"},"geometry":{"type":"Polygon","coordinates":[[[-63.127609,-17.802226],[-63.12787,-17.80409],[-63.128182,-17.807872],[-63.133743,-17.807524],[-63.136019,-17.807455],[-63.135588,-17.803966],[-63.13545,-17.803176],[-63.135286,-17.8015],[-63.127609,-17.802226]]]}},{"type":"Feature","properties":{"id":"scz-uv-8-161-5170","nombre":"UV 161","nivel":"uv","municipio":"Santa Cruz de la Sierra","provincia":"Andrés Ibáñez","departamento":"Santa Cruz","distrito":"8","uv":"161","fuente":"GAM Santa Cruz vía YoViajo/geodatos"},"geometry":{"type":"Polygon","coordinates":[[[-63.109922,-17.835071],[-63.110193,-17.835234],[-63.110528,-17.841602],[-63.110005,-17.842083],[-63.110646,-17.841878],[-63.113223,-17.841482],[-63.114092,-17.841186],[-63.114969,-17.840785],[-63.116654,-17.84008],[-63.119031,-17.839004],[-63.120198,-17.838646],[-63.117395,-17.830627],[-63.116843,-17.828787],[-63.116043,-17.828652],[-63.11602,-17.82879],[-63.115936,-17.828983],[-63.115743,-17.829191],[-63.115463,-17.829373],[-63.115168,-17.829515],[-63.114641,-17.829652],[-63.114249,-17.829917],[-63.114123,-17.830088],[-63.113966,-17.830499],[-63.113775,-17.830735],[-63.113189,-17.831213],[-63.113195,-17.83127],[-63.112583,-17.831568],[-63.112367,-17.831813],[-63.112247,-17.832113],[-63.112192,-17.832789],[-63.112097,-17.833298],[-63.111979,-17.833598],[-63.111803,-17.833871],[-63.111733,-17.833954],[-63.110496,-17.834391],[-63.11037,-17.83446],[-63.110127,-17.834679],[-63.109922,-17.835071]]]}},{"type":"Feature","properties":{"id":"scz-uv-8-236-5171","nombre":"UV 236","nivel":"uv","municipio":"Santa Cruz de la Sierra","provincia":"Andrés Ibáñez","departamento":"Santa Cruz","distrito":"8","uv":"236","fuente":"GAM Santa Cruz vía YoViajo/geodatos"},"geometry":{"type":"Polygon","coordinates":[[[-63.081115,-17.829663],[-63.075483,-17.831899],[-63.080117,-17.839168],[-63.084053,-17.836912],[-63.088973,-17.834874],[-63.086337,-17.827638],[-63.081115,-17.829663]]]}},{"type":"Feature","properties":{"id":"scz-uv-12-166-5172","nombre":"UV 166","nivel":"uv","municipio":"Santa Cruz de la Sierra","provincia":"Andrés Ibáñez","departamento":"Santa Cruz","distrito":"12","uv":"166","fuente":"GAM Santa Cruz vía YoViajo/geodatos"},"geometry":{"type":"Polygon","coordinates":[[[-63.15185,-17.835254],[-63.154662,-17.836672],[-63.154818,-17.836798],[-63.156441,-17.83765],[-63.157481,-17.838154],[-63.15768,-17.838315],[-63.158398,-17.838707],[-63.158667,-17.838922],[-63.159214,-17.839534],[-63.15982,-17.840315],[-63.160548,-17.840655],[-63.161426,-17.839509],[-63.161611,-17.839331],[-63.161943,-17.83891],[-63.162032,-17.838849],[-63.165714,-17.834198],[-63.158711,-17.826403],[-63.154685,-17.831633],[-63.15185,-17.835254]]]}},{"type":"Feature","properties":{"id":"scz-uv-8-160-5173","nombre":"UV 160","nivel":"uv","municipio":"Santa Cruz de la Sierra","provincia":"Andrés Ibáñez","departamento":"Santa Cruz","distrito":"8","uv":"160","fuente":"GAM Santa Cruz vía YoViajo/geodatos"},"geometry":{"type":"Polygon","coordinates":[[[-63.116359,-17.828705],[-63.116843,-17.828787],[-63.117395,-17.830627],[-63.120168,-17.838556],[-63.122396,-17.837963],[-63.123526,-17.837709],[-63.124306,-17.837589],[-63.123844,-17.836231],[-63.125269,-17.835749],[-63.125913,-17.835347],[-63.126235,-17.834761],[-63.126851,-17.835401],[-63.127459,-17.837081],[-63.128069,-17.836367],[-63.128473,-17.836012],[-63.129473,-17.835561],[-63.13266,-17.834267],[-63.133516,-17.83385],[-63.121577,-17.827753],[-63.121528,-17.82784],[-63.118546,-17.826339],[-63.117898,-17.827506],[-63.11722,-17.82716],[-63.116359,-17.828705]]]}},{"type":"Feature","properties":{"id":"scz-uv-10-118A-5174","nombre":"UV 118A","nivel":"uv","municipio":"Santa Cruz de la Sierra","provincia":"Andrés Ibáñez","departamento":"Santa Cruz","distrito":"10","uv":"118A","fuente":"GAM Santa Cruz vía YoViajo/geodatos"},"geometry":{"type":"Polygon","coordinates":[[[-63.200121,-17.82944],[-63.202872,-17.831771],[-63.204079,-17.832656],[-63.205185,-17.833827],[-63.205527,-17.834366],[-63.205869,-17.835097],[-63.206431,-17.836443],[-63.209452,-17.834982],[-63.211742,-17.833944],[-63.211794,-17.833866],[-63.205222,-17.826131],[-63.203894,-17.82763],[-63.2029,-17.828237],[-63.202666,-17.828253],[-63.200121,-17.82944]]]}},{"type":"Feature","properties":{"id":"scz-uv-8-149-5175","nombre":"UV 149","nivel":"uv","municipio":"Santa Cruz de la Sierra","provincia":"Andrés Ibáñez","departamento":"Santa Cruz","distrito":"8","uv":"149","fuente":"GAM Santa Cruz vía YoViajo/geodatos"},"geometry":{"type":"Polygon","coordinates":[[[-63.128241,-17.831153],[-63.135221,-17.834739],[-63.140038,-17.829375],[-63.13909,-17.828863],[-63.131629,-17.825072],[-63.128241,-17.831153]]]}},{"type":"Feature","properties":{"id":"scz-uv-10-138-5176","nombre":"UV 138","nivel":"uv","municipio":"Santa Cruz de la Sierra","provincia":"Andrés Ibáñez","departamento":"Santa Cruz","distrito":"10","uv":"138","fuente":"GAM Santa Cruz vía YoViajo/geodatos"},"geometry":{"type":"Polygon","coordinates":[[[-63.230448,-17.831499],[-63.232896,-17.833663],[-63.237645,-17.83775],[-63.23829,-17.837046],[-63.241579,-17.831479],[-63.240288,-17.830318],[-63.239103,-17.82933],[-63.235826,-17.826383],[-63.233967,-17.824795],[-63.233238,-17.826138],[-63.230448,-17.831499]]]}},{"type":"Feature","properties":{"id":"scz-uv-7-294-5177","nombre":"UV 294","nivel":"uv","municipio":"Santa Cruz de la Sierra","provincia":"Andrés Ibáñez","departamento":"Santa Cruz","distrito":"7","uv":"294","fuente":"GAM Santa Cruz vía YoViajo/geodatos"},"geometry":{"type":"Polygon","coordinates":[[[-63.064396,-17.827445],[-63.069926,-17.834106],[-63.075483,-17.831899],[-63.070304,-17.823774],[-63.064396,-17.827445]]]}},{"type":"Feature","properties":{"id":"scz-uv-8-235-5178","nombre":"UV 235","nivel":"uv","municipio":"Santa Cruz de la Sierra","provincia":"Andrés Ibáñez","departamento":"Santa Cruz","distrito":"8","uv":"235","fuente":"GAM Santa Cruz vía YoViajo/geodatos"},"geometry":{"type":"Polygon","coordinates":[[[-63.086337,-17.827638],[-63.089019,-17.835002],[-63.093727,-17.832191],[-63.098111,-17.829781],[-63.096233,-17.825884],[-63.096036,-17.825265],[-63.096479,-17.824262],[-63.096364,-17.823646],[-63.086337,-17.827638]]]}},{"type":"Feature","properties":{"id":"scz-uv-10-108-5203","nombre":"UV 108","nivel":"uv","municipio":"Santa Cruz de la Sierra","provincia":"Andrés Ibáñez","departamento":"Santa Cruz","distrito":"10","uv":"108","fuente":"GAM Santa Cruz vía YoViajo/geodatos"},"geometry":{"type":"Polygon","coordinates":[[[-63.200275,-17.818041],[-63.198694,-17.818998],[-63.197807,-17.819435],[-63.196576,-17.819991],[-63.194832,-17.820678],[-63.200121,-17.82944],[-63.202666,-17.828253],[-63.2029,-17.828237],[-63.203894,-17.82763],[-63.205222,-17.826131],[-63.20895,-17.821447],[-63.204181,-17.8155],[-63.203816,-17.815786],[-63.200275,-17.818041]]]}},{"type":"Feature","properties":{"id":"scz-uv-8-158-5179","nombre":"UV 158","nivel":"uv","municipio":"Santa Cruz de la Sierra","provincia":"Andrés Ibáñez","departamento":"Santa Cruz","distrito":"8","uv":"158","fuente":"GAM Santa Cruz vía YoViajo/geodatos"},"geometry":{"type":"Polygon","coordinates":[[[-63.111334,-17.822629],[-63.109635,-17.823349],[-63.1028,-17.830829],[-63.104516,-17.831207],[-63.106507,-17.832765],[-63.109922,-17.835071],[-63.110127,-17.834679],[-63.11037,-17.83446],[-63.110496,-17.834391],[-63.111733,-17.833954],[-63.111803,-17.833871],[-63.111979,-17.833598],[-63.112097,-17.833298],[-63.112192,-17.832789],[-63.112267,-17.832034],[-63.112367,-17.831813],[-63.112521,-17.831623],[-63.113195,-17.83127],[-63.113189,-17.831213],[-63.113775,-17.830735],[-63.113966,-17.830499],[-63.114123,-17.830088],[-63.114249,-17.829917],[-63.114641,-17.829652],[-63.115168,-17.829515],[-63.115463,-17.829373],[-63.115743,-17.829191],[-63.115936,-17.828983],[-63.11602,-17.82879],[-63.116043,-17.828652],[-63.116359,-17.828705],[-63.11722,-17.82716],[-63.117898,-17.827506],[-63.118546,-17.826339],[-63.111334,-17.822629]]]}},{"type":"Feature","properties":{"id":"scz-uv-10-126-5180","nombre":"UV 126","nivel":"uv","municipio":"Santa Cruz de la Sierra","provincia":"Andrés Ibáñez","departamento":"Santa Cruz","distrito":"10","uv":"126","fuente":"GAM Santa Cruz vía YoViajo/geodatos"},"geometry":{"type":"Polygon","coordinates":[[[-63.220315,-17.82253],[-63.217654,-17.825495],[-63.216337,-17.826176],[-63.215087,-17.827415],[-63.215173,-17.82874],[-63.217191,-17.830849],[-63.21829,-17.832113],[-63.220613,-17.834577],[-63.223119,-17.837324],[-63.226393,-17.834814],[-63.230448,-17.831499],[-63.228936,-17.830159],[-63.227985,-17.829249],[-63.22718,-17.828606],[-63.220315,-17.82253]]]}},{"type":"Feature","properties":{"id":"scz-uv-9-107-5181","nombre":"UV 107","nivel":"uv","municipio":"Santa Cruz de la Sierra","provincia":"Andrés Ibáñez","departamento":"Santa Cruz","distrito":"9","uv":"107","fuente":"GAM Santa Cruz vía YoViajo/geodatos"},"geometry":{"type":"Polygon","coordinates":[[[-63.175656,-17.831057],[-63.176531,-17.831275],[-63.185699,-17.83298],[-63.185658,-17.832029],[-63.185511,-17.830858],[-63.185032,-17.82781],[-63.184292,-17.822733],[-63.182836,-17.822761],[-63.180537,-17.822677],[-63.179731,-17.822607],[-63.178685,-17.822459],[-63.17702,-17.822103],[-63.176867,-17.825591],[-63.176629,-17.8271],[-63.176424,-17.828117],[-63.175656,-17.831057]]]}},{"type":"Feature","properties":{"id":"scz-uv-9-114-5182","nombre":"UV 114","nivel":"uv","municipio":"Santa Cruz de la Sierra","provincia":"Andrés Ibáñez","departamento":"Santa Cruz","distrito":"9","uv":"114","fuente":"GAM Santa Cruz vía YoViajo/geodatos"},"geometry":{"type":"Polygon","coordinates":[[[-63.159998,-17.824749],[-63.158711,-17.826403],[-63.165714,-17.834198],[-63.172047,-17.84138],[-63.173002,-17.839506],[-63.174587,-17.836061],[-63.175586,-17.831612],[-63.175656,-17.831057],[-63.174885,-17.830864],[-63.173878,-17.830281],[-63.172466,-17.829339],[-63.168989,-17.826596],[-63.167259,-17.825478],[-63.165458,-17.824109],[-63.16246,-17.821681],[-63.159998,-17.824749]]]}},{"type":"Feature","properties":{"id":"scz-uv-8-148-5183","nombre":"UV 148","nivel":"uv","municipio":"Santa Cruz de la Sierra","provincia":"Andrés Ibáñez","departamento":"Santa Cruz","distrito":"8","uv":"148","fuente":"GAM Santa Cruz vía YoViajo/geodatos"},"geometry":{"type":"Polygon","coordinates":[[[-63.121577,-17.827753],[-63.128241,-17.831153],[-63.131629,-17.825072],[-63.124967,-17.821684],[-63.121577,-17.827753]]]}},{"type":"Feature","properties":{"id":"scz-uv-10-118-5184","nombre":"UV 118","nivel":"uv","municipio":"Santa Cruz de la Sierra","provincia":"Andrés Ibáñez","departamento":"Santa Cruz","distrito":"10","uv":"118","fuente":"GAM Santa Cruz vía YoViajo/geodatos"},"geometry":{"type":"Polygon","coordinates":[[[-63.205222,-17.826131],[-63.211794,-17.833866],[-63.215173,-17.82874],[-63.215087,-17.827415],[-63.215122,-17.82738],[-63.213459,-17.826],[-63.211393,-17.824376],[-63.20895,-17.821447],[-63.205222,-17.826131]]]}},{"type":"Feature","properties":{"id":"scz-uv-7-292-5185","nombre":"UV 292","nivel":"uv","municipio":"Santa Cruz de la Sierra","provincia":"Andrés Ibáñez","departamento":"Santa Cruz","distrito":"7","uv":"292","fuente":"GAM Santa Cruz vía YoViajo/geodatos"},"geometry":{"type":"Polygon","coordinates":[[[-63.081115,-17.829663],[-63.086337,-17.827638],[-63.085624,-17.825812],[-63.086256,-17.822677],[-63.080284,-17.821511],[-63.07767,-17.821266],[-63.081115,-17.829663]]]}},{"type":"Feature","properties":{"id":"scz-uv-7-293-5186","nombre":"UV 293","nivel":"uv","municipio":"Santa Cruz de la Sierra","provincia":"Andrés Ibáñez","departamento":"Santa Cruz","distrito":"7","uv":"293","fuente":"GAM Santa Cruz vía YoViajo/geodatos"},"geometry":{"type":"Polygon","coordinates":[[[-63.070304,-17.823774],[-63.075483,-17.831899],[-63.081115,-17.829663],[-63.07767,-17.821266],[-63.076018,-17.821193],[-63.073886,-17.821514],[-63.070304,-17.823774]]]}},{"type":"Feature","properties":{"id":"scz-uv-9-VO-5187","nombre":"UV VO","nivel":"uv","municipio":"Santa Cruz de la Sierra","provincia":"Andrés Ibáñez","departamento":"Santa Cruz","distrito":"9","uv":"VO","fuente":"GAM Santa Cruz vía YoViajo/geodatos"},"geometry":{"type":"Polygon","coordinates":[[[-63.189051,-17.822223],[-63.187536,-17.82246],[-63.186601,-17.822571],[-63.185655,-17.822657],[-63.184292,-17.822733],[-63.185032,-17.82781],[-63.185511,-17.830858],[-63.185658,-17.832029],[-63.185699,-17.83298],[-63.186578,-17.833081],[-63.190733,-17.832924],[-63.192716,-17.832573],[-63.194465,-17.83237],[-63.196275,-17.831462],[-63.197579,-17.830884],[-63.198217,-17.83056],[-63.200121,-17.82944],[-63.194832,-17.820678],[-63.192484,-17.821442],[-63.191236,-17.821766],[-63.189051,-17.822223]]]}},{"type":"Feature","properties":{"id":"scz-uv-12-PE-5188","nombre":"UV PE","nivel":"uv","municipio":"Santa Cruz de la Sierra","provincia":"Andrés Ibáñez","departamento":"Santa Cruz","distrito":"12","uv":"PE","fuente":"GAM Santa Cruz vía YoViajo/geodatos"},"geometry":{"type":"Polygon","coordinates":[[[-63.142162,-17.830432],[-63.15185,-17.835254],[-63.154685,-17.831633],[-63.158711,-17.826403],[-63.153519,-17.820475],[-63.147801,-17.824934],[-63.142162,-17.830432]]]}},{"type":"Feature","properties":{"id":"scz-uv-12-ET61-5189","nombre":"UV ET61","nivel":"uv","municipio":"Santa Cruz de la Sierra","provincia":"Andrés Ibáñez","departamento":"Santa Cruz","distrito":"12","uv":"ET61","fuente":"GAM Santa Cruz vía YoViajo/geodatos"},"geometry":{"type":"Polygon","coordinates":[[[-63.146111,-17.823645],[-63.144059,-17.825356],[-63.141332,-17.827829],[-63.139936,-17.82932],[-63.142162,-17.830432],[-63.147801,-17.824934],[-63.153519,-17.820475],[-63.152071,-17.818821],[-63.146946,-17.822893],[-63.146111,-17.823645]]]}},{"type":"Feature","properties":{"id":"scz-uv-7-289-5204","nombre":"UV 289","nivel":"uv","municipio":"Santa Cruz de la Sierra","provincia":"Andrés Ibáñez","departamento":"Santa Cruz","distrito":"7","uv":"289","fuente":"GAM Santa Cruz vía YoViajo/geodatos"},"geometry":{"type":"Polygon","coordinates":[[[-63.07767,-17.821266],[-63.080284,-17.821511],[-63.086256,-17.822677],[-63.08765,-17.815768],[-63.07807,-17.815076],[-63.077471,-17.819216],[-63.077471,-17.820698],[-63.07767,-17.821266]]]}},{"type":"Feature","properties":{"id":"scz-uv-8-157-5191","nombre":"UV 157","nivel":"uv","municipio":"Santa Cruz de la Sierra","provincia":"Andrés Ibáñez","departamento":"Santa Cruz","distrito":"8","uv":"157","fuente":"GAM Santa Cruz vía YoViajo/geodatos"},"geometry":{"type":"Polygon","coordinates":[[[-63.096364,-17.823646],[-63.096479,-17.824262],[-63.096036,-17.825265],[-63.096233,-17.825884],[-63.098153,-17.829868],[-63.1028,-17.830829],[-63.109635,-17.823349],[-63.111024,-17.822765],[-63.110761,-17.822464],[-63.1104,-17.821942],[-63.110154,-17.821461],[-63.109972,-17.820951],[-63.109853,-17.820403],[-63.109807,-17.820031],[-63.109773,-17.818244],[-63.109198,-17.818507],[-63.102493,-17.821247],[-63.096364,-17.823646]]]}},{"type":"Feature","properties":{"id":"scz-uv-3-ET40-5193","nombre":"UV ET40","nivel":"uv","municipio":"Santa Cruz de la Sierra","provincia":"Andrés Ibáñez","departamento":"Santa Cruz","distrito":"3","uv":"ET40","fuente":"GAM Santa Cruz vía YoViajo/geodatos"},"geometry":{"type":"Polygon","coordinates":[[[-63.152071,-17.818821],[-63.153519,-17.820475],[-63.158711,-17.826403],[-63.159998,-17.824749],[-63.153135,-17.817686],[-63.152071,-17.818821]]]}},{"type":"Feature","properties":{"id":"scz-uv-8-ET53-5194","nombre":"UV ET53","nivel":"uv","municipio":"Santa Cruz de la Sierra","provincia":"Andrés Ibáñez","departamento":"Santa Cruz","distrito":"8","uv":"ET53","fuente":"GAM Santa Cruz vía YoViajo/geodatos"},"geometry":{"type":"Polygon","coordinates":[[[-63.144949,-17.82258],[-63.146111,-17.823645],[-63.146946,-17.822893],[-63.152071,-17.818821],[-63.150939,-17.817672],[-63.149493,-17.818152],[-63.149178,-17.818299],[-63.147717,-17.819531],[-63.146157,-17.821194],[-63.144949,-17.82258]]]}},{"type":"Feature","properties":{"id":"scz-uv-10-127-5195","nombre":"UV 127","nivel":"uv","municipio":"Santa Cruz de la Sierra","provincia":"Andrés Ibáñez","departamento":"Santa Cruz","distrito":"10","uv":"127","fuente":"GAM Santa Cruz vía YoViajo/geodatos"},"geometry":{"type":"Polygon","coordinates":[[[-63.225694,-17.817403],[-63.220214,-17.82244],[-63.22718,-17.828606],[-63.227985,-17.829249],[-63.228936,-17.830159],[-63.230448,-17.831499],[-63.233238,-17.826138],[-63.233967,-17.824795],[-63.232082,-17.823252],[-63.230034,-17.821225],[-63.225694,-17.817403]]]}},{"type":"Feature","properties":{"id":"scz-uv-8-150-5196","nombre":"UV 150","nivel":"uv","municipio":"Santa Cruz de la Sierra","provincia":"Andrés Ibáñez","departamento":"Santa Cruz","distrito":"8","uv":"150","fuente":"GAM Santa Cruz vía YoViajo/geodatos"},"geometry":{"type":"Polygon","coordinates":[[[-63.139855,-17.817264],[-63.131629,-17.825072],[-63.13909,-17.828863],[-63.139936,-17.82932],[-63.141332,-17.827829],[-63.144059,-17.825356],[-63.146111,-17.823645],[-63.144949,-17.82258],[-63.144101,-17.821463],[-63.143666,-17.82094],[-63.142014,-17.819267],[-63.139855,-17.817264]]]}},{"type":"Feature","properties":{"id":"scz-uv-10-119-5197","nombre":"UV 119","nivel":"uv","municipio":"Santa Cruz de la Sierra","provincia":"Andrés Ibáñez","departamento":"Santa Cruz","distrito":"10","uv":"119","fuente":"GAM Santa Cruz vía YoViajo/geodatos"},"geometry":{"type":"Polygon","coordinates":[[[-63.213459,-17.826],[-63.215122,-17.82738],[-63.216337,-17.826176],[-63.217654,-17.825495],[-63.220315,-17.82253],[-63.213226,-17.816294],[-63.209036,-17.821538],[-63.211393,-17.824376],[-63.213459,-17.826]]]}},{"type":"Feature","properties":{"id":"scz-uv-10-191-5198","nombre":"UV 191","nivel":"uv","municipio":"Santa Cruz de la Sierra","provincia":"Andrés Ibáñez","departamento":"Santa Cruz","distrito":"10","uv":"191","fuente":"GAM Santa Cruz vía YoViajo/geodatos"},"geometry":{"type":"Polygon","coordinates":[[[-63.250406,-17.816009],[-63.247981,-17.820289],[-63.248105,-17.820331],[-63.246274,-17.82356],[-63.242538,-17.829856],[-63.248208,-17.832848],[-63.248246,-17.832788],[-63.249662,-17.833603],[-63.25107,-17.831266],[-63.252082,-17.8303],[-63.252642,-17.829622],[-63.252947,-17.827307],[-63.252681,-17.824031],[-63.252662,-17.821619],[-63.252988,-17.821484],[-63.253329,-17.821038],[-63.253497,-17.820887],[-63.255554,-17.819294],[-63.255626,-17.818724],[-63.255301,-17.818655],[-63.252073,-17.817342],[-63.25127,-17.816838],[-63.250406,-17.816009]]]}},{"type":"Feature","properties":{"id":"scz-uv-10-139-5199","nombre":"UV 139","nivel":"uv","municipio":"Santa Cruz de la Sierra","provincia":"Andrés Ibáñez","departamento":"Santa Cruz","distrito":"10","uv":"139","fuente":"GAM Santa Cruz vía YoViajo/geodatos"},"geometry":{"type":"Polygon","coordinates":[[[-63.233967,-17.824795],[-63.235826,-17.826383],[-63.239103,-17.82933],[-63.240288,-17.830318],[-63.241579,-17.831479],[-63.246158,-17.823764],[-63.24766,-17.821117],[-63.244415,-17.818275],[-63.243668,-17.819021],[-63.240783,-17.816531],[-63.240086,-17.817277],[-63.238628,-17.815983],[-63.233967,-17.824795]]]}},{"type":"Feature","properties":{"id":"scz-uv-9-106-5200","nombre":"UV 106","nivel":"uv","municipio":"Santa Cruz de la Sierra","provincia":"Andrés Ibáñez","departamento":"Santa Cruz","distrito":"9","uv":"106","fuente":"GAM Santa Cruz vía YoViajo/geodatos"},"geometry":{"type":"Polygon","coordinates":[[[-63.16246,-17.821681],[-63.165458,-17.824109],[-63.167259,-17.825478],[-63.168989,-17.826596],[-63.172466,-17.829339],[-63.173878,-17.830281],[-63.174885,-17.830864],[-63.175656,-17.831057],[-63.176424,-17.828117],[-63.176629,-17.8271],[-63.176867,-17.825591],[-63.17702,-17.822103],[-63.175504,-17.821685],[-63.174806,-17.82141],[-63.174279,-17.821201],[-63.173536,-17.820853],[-63.172553,-17.820338],[-63.171664,-17.819806],[-63.171008,-17.819325],[-63.166778,-17.815999],[-63.16246,-17.821681]]]}},{"type":"Feature","properties":{"id":"scz-uv-7-156B-5201","nombre":"UV 156B","nivel":"uv","municipio":"Santa Cruz de la Sierra","provincia":"Andrés Ibáñez","departamento":"Santa Cruz","distrito":"7","uv":"156B","fuente":"GAM Santa Cruz vía YoViajo/geodatos"},"geometry":{"type":"Polygon","coordinates":[[[-63.08765,-17.815768],[-63.085624,-17.825812],[-63.086337,-17.827638],[-63.096364,-17.823646],[-63.096304,-17.823339],[-63.097094,-17.816459],[-63.093608,-17.816213],[-63.093515,-17.816106],[-63.08765,-17.815768]]]}},{"type":"Feature","properties":{"id":"scz-uv-7-291-5202","nombre":"UV 291","nivel":"uv","municipio":"Santa Cruz de la Sierra","provincia":"Andrés Ibáñez","departamento":"Santa Cruz","distrito":"7","uv":"291","fuente":"GAM Santa Cruz vía YoViajo/geodatos"},"geometry":{"type":"Polygon","coordinates":[[[-63.058099,-17.819809],[-63.064396,-17.827445],[-63.070304,-17.823774],[-63.064874,-17.815622],[-63.058099,-17.819809]]]}},{"type":"Feature","properties":{"id":"scz-uv-7-ET130-5205","nombre":"UV ET130","nivel":"uv","municipio":"Santa Cruz de la Sierra","provincia":"Andrés Ibáñez","departamento":"Santa Cruz","distrito":"7","uv":"ET130","fuente":"GAM Santa Cruz vía YoViajo/geodatos"},"geometry":{"type":"Polygon","coordinates":[[[-63.076018,-17.821193],[-63.07767,-17.821266],[-63.077471,-17.820698],[-63.077471,-17.819216],[-63.07807,-17.815076],[-63.076217,-17.814961],[-63.075727,-17.819906],[-63.076018,-17.821193]]]}},{"type":"Feature","properties":{"id":"scz-uv-8-147-5206","nombre":"UV 147","nivel":"uv","municipio":"Santa Cruz de la Sierra","provincia":"Andrés Ibáñez","departamento":"Santa Cruz","distrito":"8","uv":"147","fuente":"GAM Santa Cruz vía YoViajo/geodatos"},"geometry":{"type":"Polygon","coordinates":[[[-63.124967,-17.821684],[-63.131629,-17.825072],[-63.135792,-17.821121],[-63.134065,-17.819655],[-63.128744,-17.814905],[-63.124967,-17.821684]]]}},{"type":"Feature","properties":{"id":"scz-uv-8-145-5207","nombre":"UV 145","nivel":"uv","municipio":"Santa Cruz de la Sierra","provincia":"Andrés Ibáñez","departamento":"Santa Cruz","distrito":"8","uv":"145","fuente":"GAM Santa Cruz vía YoViajo/geodatos"},"geometry":{"type":"Polygon","coordinates":[[[-63.120212,-17.819243],[-63.124967,-17.821684],[-63.128744,-17.814905],[-63.123313,-17.817664],[-63.121901,-17.818428],[-63.120212,-17.819243]]]}},{"type":"Feature","properties":{"id":"scz-uv-7-290-5208","nombre":"UV 290","nivel":"uv","municipio":"Santa Cruz de la Sierra","provincia":"Andrés Ibáñez","departamento":"Santa Cruz","distrito":"7","uv":"290","fuente":"GAM Santa Cruz vía YoViajo/geodatos"},"geometry":{"type":"Polygon","coordinates":[[[-63.064874,-17.815622],[-63.070304,-17.823774],[-63.073886,-17.821514],[-63.076018,-17.821193],[-63.075727,-17.819906],[-63.076217,-17.814961],[-63.07295,-17.814757],[-63.070575,-17.815107],[-63.069446,-17.814995],[-63.066341,-17.815075],[-63.064874,-17.815622]]]}},{"type":"Feature","properties":{"id":"scz-uv-10-ET76-5209","nombre":"UV ET76","nivel":"uv","municipio":"Santa Cruz de la Sierra","provincia":"Andrés Ibáñez","departamento":"Santa Cruz","distrito":"10","uv":"ET76","fuente":"GAM Santa Cruz vía YoViajo/geodatos"},"geometry":{"type":"Polygon","coordinates":[[[-63.213988,-17.815264],[-63.213835,-17.815578],[-63.213226,-17.816294],[-63.220214,-17.82244],[-63.221948,-17.820847],[-63.214929,-17.814652],[-63.214341,-17.814988],[-63.213988,-17.815264]]]}},{"type":"Feature","properties":{"id":"scz-uv-10-ET48-5210","nombre":"UV ET48","nivel":"uv","municipio":"Santa Cruz de la Sierra","provincia":"Andrés Ibáñez","departamento":"Santa Cruz","distrito":"10","uv":"ET48","fuente":"GAM Santa Cruz vía YoViajo/geodatos"},"geometry":{"type":"Polygon","coordinates":[[[-63.238628,-17.815983],[-63.240086,-17.817277],[-63.240783,-17.816531],[-63.243668,-17.819021],[-63.244415,-17.818275],[-63.24766,-17.821117],[-63.248105,-17.820331],[-63.247981,-17.820289],[-63.249053,-17.818402],[-63.247936,-17.81805],[-63.245431,-17.817184],[-63.245012,-17.817147],[-63.24145,-17.815365],[-63.239862,-17.814306],[-63.239656,-17.814029],[-63.238628,-17.815983]]]}},{"type":"Feature","properties":{"id":"scz-uv-8-143-5211","nombre":"UV 143","nivel":"uv","municipio":"Santa Cruz de la Sierra","provincia":"Andrés Ibáñez","departamento":"Santa Cruz","distrito":"8","uv":"143","fuente":"GAM Santa Cruz vía YoViajo/geodatos"},"geometry":{"type":"Polygon","coordinates":[[[-63.109766,-17.813913],[-63.109795,-17.819845],[-63.109853,-17.820403],[-63.109926,-17.82077],[-63.11005,-17.8212],[-63.110284,-17.821732],[-63.110498,-17.8221],[-63.110761,-17.822464],[-63.111024,-17.822765],[-63.111334,-17.822629],[-63.115266,-17.824662],[-63.118714,-17.818482],[-63.109766,-17.813913]]]}},{"type":"Feature","properties":{"id":"scz-uv-8-102-5212","nombre":"UV 102","nivel":"uv","municipio":"Santa Cruz de la Sierra","provincia":"Andrés Ibáñez","departamento":"Santa Cruz","distrito":"8","uv":"102","fuente":"GAM Santa Cruz vía YoViajo/geodatos"},"geometry":{"type":"Polygon","coordinates":[[[-63.118908,-17.813213],[-63.109569,-17.813813],[-63.118714,-17.818482],[-63.118908,-17.813213]]]}},{"type":"Feature","properties":{"id":"scz-uv-10-109-5213","nombre":"UV 109","nivel":"uv","municipio":"Santa Cruz de la Sierra","provincia":"Andrés Ibáñez","departamento":"Santa Cruz","distrito":"10","uv":"109","fuente":"GAM Santa Cruz vía YoViajo/geodatos"},"geometry":{"type":"Polygon","coordinates":[[[-63.204181,-17.8155],[-63.209036,-17.821538],[-63.213226,-17.816294],[-63.212315,-17.815411],[-63.209881,-17.813329],[-63.208169,-17.811816],[-63.20729,-17.812736],[-63.205954,-17.814012],[-63.205259,-17.814623],[-63.204181,-17.8155]]]}},{"type":"Feature","properties":{"id":"scz-uv-4-49-5214","nombre":"UV 49","nivel":"uv","municipio":"Santa Cruz de la Sierra","provincia":"Andrés Ibáñez","departamento":"Santa Cruz","distrito":"4","uv":"49","fuente":"GAM Santa Cruz vía YoViajo/geodatos"},"geometry":{"type":"Polygon","coordinates":[[[-63.18305,-17.814261],[-63.184078,-17.821263],[-63.184205,-17.821856],[-63.184292,-17.822733],[-63.185655,-17.822657],[-63.186601,-17.822571],[-63.187536,-17.82246],[-63.189051,-17.822223],[-63.190469,-17.814],[-63.190463,-17.813743],[-63.190401,-17.813362],[-63.190282,-17.813014],[-63.190109,-17.812688],[-63.187339,-17.81384],[-63.186285,-17.814157],[-63.185487,-17.814296],[-63.184566,-17.814372],[-63.183883,-17.814356],[-63.18305,-17.814261]]]}},{"type":"Feature","properties":{"id":"scz-uv-8-101-5215","nombre":"UV 101","nivel":"uv","municipio":"Santa Cruz de la Sierra","provincia":"Andrés Ibáñez","departamento":"Santa Cruz","distrito":"8","uv":"101","fuente":"GAM Santa Cruz vía YoViajo/geodatos"},"geometry":{"type":"Polygon","coordinates":[[[-63.118908,-17.813213],[-63.118714,-17.818482],[-63.120212,-17.819243],[-63.121901,-17.818428],[-63.123313,-17.817664],[-63.128744,-17.814905],[-63.128581,-17.812602],[-63.118908,-17.813213]]]}},{"type":"Feature","properties":{"id":"scz-uv-4-47-5225","nombre":"UV 47","nivel":"uv","municipio":"Santa Cruz de la Sierra","provincia":"Andrés Ibáñez","departamento":"Santa Cruz","distrito":"4","uv":"47","fuente":"GAM Santa Cruz vía YoViajo/geodatos"},"geometry":{"type":"Polygon","coordinates":[[[-63.168355,-17.817235],[-63.171008,-17.819325],[-63.171664,-17.819806],[-63.172553,-17.820338],[-63.173536,-17.820853],[-63.174279,-17.821201],[-63.175504,-17.821685],[-63.176854,-17.822056],[-63.177229,-17.814268],[-63.177574,-17.812369],[-63.176494,-17.811922],[-63.174198,-17.81107],[-63.173395,-17.81059],[-63.168355,-17.817235]]]}},{"type":"Feature","properties":{"id":"scz-uv-4-48-5216","nombre":"UV 48","nivel":"uv","municipio":"Santa Cruz de la Sierra","provincia":"Andrés Ibáñez","departamento":"Santa Cruz","distrito":"4","uv":"48","fuente":"GAM Santa Cruz vía YoViajo/geodatos"},"geometry":{"type":"Polygon","coordinates":[[[-63.176854,-17.822056],[-63.178334,-17.822393],[-63.179731,-17.822607],[-63.181243,-17.822718],[-63.182836,-17.822761],[-63.184292,-17.822733],[-63.184205,-17.821856],[-63.184078,-17.821263],[-63.18305,-17.814261],[-63.182371,-17.814103],[-63.180789,-17.813619],[-63.179423,-17.813124],[-63.177574,-17.812369],[-63.177229,-17.814268],[-63.176854,-17.822056]]]}},{"type":"Feature","properties":{"id":"scz-uv-8-146-5217","nombre":"UV 146","nivel":"uv","municipio":"Santa Cruz de la Sierra","provincia":"Andrés Ibáñez","departamento":"Santa Cruz","distrito":"8","uv":"146","fuente":"GAM Santa Cruz vía YoViajo/geodatos"},"geometry":{"type":"Polygon","coordinates":[[[-63.128581,-17.812602],[-63.128744,-17.814905],[-63.134065,-17.819655],[-63.135792,-17.821121],[-63.139855,-17.817264],[-63.137692,-17.815271],[-63.137236,-17.814683],[-63.136967,-17.814162],[-63.136785,-17.813607],[-63.136578,-17.812028],[-63.128581,-17.812602]]]}},{"type":"Feature","properties":{"id":"scz-uv-10-120-5218","nombre":"UV 120","nivel":"uv","municipio":"Santa Cruz de la Sierra","provincia":"Andrés Ibáñez","departamento":"Santa Cruz","distrito":"10","uv":"120","fuente":"GAM Santa Cruz vía YoViajo/geodatos"},"geometry":{"type":"Polygon","coordinates":[[[-63.214929,-17.814652],[-63.221948,-17.820847],[-63.225694,-17.817403],[-63.219677,-17.811945],[-63.214929,-17.814652]]]}},{"type":"Feature","properties":{"id":"scz-uv-8-104-5220","nombre":"UV 104","nivel":"uv","municipio":"Santa Cruz de la Sierra","provincia":"Andrés Ibáñez","departamento":"Santa Cruz","distrito":"8","uv":"104","fuente":"GAM Santa Cruz vía YoViajo/geodatos"},"geometry":{"type":"Polygon","coordinates":[[[-63.136578,-17.812028],[-63.136725,-17.813289],[-63.136836,-17.813795],[-63.137106,-17.814456],[-63.137462,-17.815005],[-63.13783,-17.815402],[-63.142014,-17.819267],[-63.143666,-17.82094],[-63.144101,-17.821463],[-63.144949,-17.82258],[-63.146157,-17.821194],[-63.147717,-17.819531],[-63.149178,-17.818299],[-63.149493,-17.818152],[-63.150939,-17.817672],[-63.143309,-17.811684],[-63.136578,-17.812028]]]}},{"type":"Feature","properties":{"id":"scz-uv-7-288-5221","nombre":"UV 288","nivel":"uv","municipio":"Santa Cruz de la Sierra","provincia":"Andrés Ibáñez","departamento":"Santa Cruz","distrito":"7","uv":"288","fuente":"GAM Santa Cruz vía YoViajo/geodatos"},"geometry":{"type":"Polygon","coordinates":[[[-63.049983,-17.813777],[-63.050349,-17.814255],[-63.056779,-17.818324],[-63.058099,-17.819809],[-63.064874,-17.815622],[-63.061942,-17.81118],[-63.057134,-17.812264],[-63.054126,-17.81264],[-63.053034,-17.812627],[-63.049983,-17.813777]]]}},{"type":"Feature","properties":{"id":"scz-uv-4-ET11-5222","nombre":"UV ET11","nivel":"uv","municipio":"Santa Cruz de la Sierra","provincia":"Andrés Ibáñez","departamento":"Santa Cruz","distrito":"4","uv":"ET11","fuente":"GAM Santa Cruz vía YoViajo/geodatos"},"geometry":{"type":"Polygon","coordinates":[[[-63.18232,-17.812461],[-63.18305,-17.814261],[-63.183883,-17.814356],[-63.184566,-17.814372],[-63.185298,-17.814319],[-63.186075,-17.814202],[-63.186701,-17.81405],[-63.187339,-17.81384],[-63.190109,-17.812688],[-63.1902,-17.810968],[-63.186857,-17.812364],[-63.18623,-17.812567],[-63.185649,-17.812699],[-63.184904,-17.812793],[-63.184029,-17.812773],[-63.183428,-17.812695],[-63.18249,-17.812461],[-63.18232,-17.812461]]]}},{"type":"Feature","properties":{"id":"scz-uv-10-128-5223","nombre":"UV 128","nivel":"uv","municipio":"Santa Cruz de la Sierra","provincia":"Andrés Ibáñez","departamento":"Santa Cruz","distrito":"10","uv":"128","fuente":"GAM Santa Cruz vía YoViajo/geodatos"},"geometry":{"type":"Polygon","coordinates":[[[-63.225694,-17.817403],[-63.230034,-17.821225],[-63.232082,-17.823252],[-63.233967,-17.824795],[-63.238628,-17.815983],[-63.232792,-17.810758],[-63.225694,-17.817403]]]}},{"type":"Feature","properties":{"id":"scz-uv-4-ET10-5224","nombre":"UV ET10","nivel":"uv","municipio":"Santa Cruz de la Sierra","provincia":"Andrés Ibáñez","departamento":"Santa Cruz","distrito":"4","uv":"ET10","fuente":"GAM Santa Cruz vía YoViajo/geodatos"},"geometry":{"type":"Polygon","coordinates":[[[-63.177574,-17.812369],[-63.179423,-17.813124],[-63.180789,-17.813619],[-63.182371,-17.814103],[-63.18305,-17.814261],[-63.18232,-17.812461],[-63.181741,-17.812298],[-63.179737,-17.811594],[-63.177446,-17.810605],[-63.177574,-17.812369]]]}},{"type":"Feature","properties":{"id":"scz-uv-3-103-5226","nombre":"UV 103","nivel":"uv","municipio":"Santa Cruz de la Sierra","provincia":"Andrés Ibáñez","departamento":"Santa Cruz","distrito":"3","uv":"103","fuente":"GAM Santa Cruz vía YoViajo/geodatos"},"geometry":{"type":"Polygon","coordinates":[[[-63.153135,-17.817686],[-63.159998,-17.824749],[-63.16246,-17.821681],[-63.166778,-17.815999],[-63.159891,-17.81048],[-63.153135,-17.817686]]]}},{"type":"Feature","properties":{"id":"scz-uv-4-50-5227","nombre":"UV 50","nivel":"uv","municipio":"Santa Cruz de la Sierra","provincia":"Andrés Ibáñez","departamento":"Santa Cruz","distrito":"4","uv":"50","fuente":"GAM Santa Cruz vía YoViajo/geodatos"},"geometry":{"type":"Polygon","coordinates":[[[-63.190109,-17.812688],[-63.190282,-17.813014],[-63.190401,-17.813362],[-63.190463,-17.813743],[-63.190469,-17.814],[-63.189051,-17.822223],[-63.191236,-17.821766],[-63.192147,-17.821531],[-63.194445,-17.820823],[-63.196576,-17.819991],[-63.197807,-17.819435],[-63.198694,-17.818998],[-63.200275,-17.818041],[-63.196244,-17.812492],[-63.19563,-17.811568],[-63.195099,-17.810386],[-63.193471,-17.811325],[-63.190109,-17.812688]]]}},{"type":"Feature","properties":{"id":"scz-uv-10-ET74-5228","nombre":"UV ET74","nivel":"uv","municipio":"Santa Cruz de la Sierra","provincia":"Andrés Ibáñez","departamento":"Santa Cruz","distrito":"10","uv":"ET74","fuente":"GAM Santa Cruz vía YoViajo/geodatos"},"geometry":{"type":"Polygon","coordinates":[[[-63.208169,-17.811816],[-63.209881,-17.813329],[-63.212315,-17.815411],[-63.213226,-17.816294],[-63.213835,-17.815578],[-63.213988,-17.815264],[-63.212038,-17.813514],[-63.210672,-17.811665],[-63.209641,-17.810155],[-63.208169,-17.811816]]]}},{"type":"Feature","properties":{"id":"scz-uv-7-ET129-5229","nombre":"UV ET129","nivel":"uv","municipio":"Santa Cruz de la Sierra","provincia":"Andrés Ibáñez","departamento":"Santa Cruz","distrito":"7","uv":"ET129","fuente":"GAM Santa Cruz vía YoViajo/geodatos"},"geometry":{"type":"Polygon","coordinates":[[[-63.052134,-17.811037],[-63.048833,-17.812279],[-63.049983,-17.813777],[-63.053034,-17.812627],[-63.054126,-17.81264],[-63.057134,-17.812264],[-63.061942,-17.81118],[-63.061006,-17.80967],[-63.059148,-17.809971],[-63.055944,-17.810857],[-63.054699,-17.811018],[-63.05309,-17.810898],[-63.052134,-17.811037]]]}},{"type":"Feature","properties":{"id":"scz-uv-10-ET47-5230","nombre":"UV ET47","nivel":"uv","municipio":"Santa Cruz de la Sierra","provincia":"Andrés Ibáñez","departamento":"Santa Cruz","distrito":"10","uv":"ET47","fuente":"GAM Santa Cruz vía YoViajo/geodatos"},"geometry":{"type":"Polygon","coordinates":[[[-63.232792,-17.810758],[-63.237485,-17.814958],[-63.238628,-17.815983],[-63.239656,-17.814029],[-63.235417,-17.810303],[-63.234239,-17.809408],[-63.232792,-17.810758]]]}},{"type":"Feature","properties":{"id":"scz-uv-3-ET60-5231","nombre":"UV ET60","nivel":"uv","municipio":"Santa Cruz de la Sierra","provincia":"Andrés Ibáñez","departamento":"Santa Cruz","distrito":"3","uv":"ET60","fuente":"GAM Santa Cruz vía YoViajo/geodatos"},"geometry":{"type":"Polygon","coordinates":[[[-63.150939,-17.817672],[-63.152071,-17.818821],[-63.159891,-17.81048],[-63.158365,-17.809431],[-63.156757,-17.811257],[-63.156915,-17.811383],[-63.154652,-17.813797],[-63.15395,-17.814798],[-63.153507,-17.815206],[-63.151916,-17.817149],[-63.151274,-17.817595],[-63.150939,-17.817672]]]}},{"type":"Feature","properties":{"id":"scz-uv-4-ET9-5232","nombre":"UV ET9","nivel":"uv","municipio":"Santa Cruz de la Sierra","provincia":"Andrés Ibáñez","departamento":"Santa Cruz","distrito":"4","uv":"ET9","fuente":"GAM Santa Cruz vía YoViajo/geodatos"},"geometry":{"type":"Polygon","coordinates":[[[-63.173348,-17.810563],[-63.174198,-17.81107],[-63.176494,-17.811922],[-63.177574,-17.812369],[-63.177446,-17.810605],[-63.176644,-17.810223],[-63.174527,-17.80905],[-63.173348,-17.810563]]]}},{"type":"Feature","properties":{"id":"scz-uv-4-ET12-5233","nombre":"UV ET12","nivel":"uv","municipio":"Santa Cruz de la Sierra","provincia":"Andrés Ibáñez","departamento":"Santa Cruz","distrito":"4","uv":"ET12","fuente":"GAM Santa Cruz vía YoViajo/geodatos"},"geometry":{"type":"Polygon","coordinates":[[[-63.1902,-17.810968],[-63.190109,-17.812688],[-63.193471,-17.811325],[-63.195099,-17.810386],[-63.196515,-17.809266],[-63.194521,-17.808761],[-63.193865,-17.809176],[-63.19275,-17.809781],[-63.191338,-17.810463],[-63.1902,-17.810968]]]}},{"type":"Feature","properties":{"id":"scz-uv-10-348-5234","nombre":"UV 348","nivel":"uv","municipio":"Santa Cruz de la Sierra","provincia":"Andrés Ibáñez","departamento":"Santa Cruz","distrito":"10","uv":"348","fuente":"GAM Santa Cruz vía YoViajo/geodatos"},"geometry":{"type":"Polygon","coordinates":[[[-63.239656,-17.814029],[-63.239862,-17.814306],[-63.24145,-17.815365],[-63.245012,-17.817147],[-63.245431,-17.817184],[-63.247936,-17.81805],[-63.249053,-17.818402],[-63.250406,-17.816009],[-63.249067,-17.814762],[-63.247077,-17.812403],[-63.244264,-17.809417],[-63.242666,-17.808208],[-63.239656,-17.814029]]]}},{"type":"Feature","properties":{"id":"scz-uv-7-ET128-5235","nombre":"UV ET128","nivel":"uv","municipio":"Santa Cruz de la Sierra","provincia":"Andrés Ibáñez","departamento":"Santa Cruz","distrito":"7","uv":"ET128","fuente":"GAM Santa Cruz vía YoViajo/geodatos"},"geometry":{"type":"Polygon","coordinates":[[[-63.066531,-17.808466],[-63.064068,-17.809311],[-63.061006,-17.80967],[-63.061942,-17.81118],[-63.067497,-17.809659],[-63.06769,-17.808037],[-63.066531,-17.808466]]]}},{"type":"Feature","properties":{"id":"scz-uv-7-99-5236","nombre":"UV 99","nivel":"uv","municipio":"Santa Cruz de la Sierra","provincia":"Andrés Ibáñez","departamento":"Santa Cruz","distrito":"7","uv":"99","fuente":"GAM Santa Cruz vía YoViajo/geodatos"},"geometry":{"type":"Polygon","coordinates":[[[-63.119076,-17.808441],[-63.118908,-17.813213],[-63.128581,-17.812602],[-63.128182,-17.807872],[-63.119076,-17.808441]]]}},{"type":"Feature","properties":{"id":"scz-uv-8-156-5237","nombre":"UV 156","nivel":"uv","municipio":"Santa Cruz de la Sierra","provincia":"Andrés Ibáñez","departamento":"Santa Cruz","distrito":"8","uv":"156","fuente":"GAM Santa Cruz vía YoViajo/geodatos"},"geometry":{"type":"Polygon","coordinates":[[[-63.097094,-17.816459],[-63.096304,-17.823339],[-63.096364,-17.823646],[-63.102493,-17.821247],[-63.109198,-17.818507],[-63.109773,-17.818244],[-63.109766,-17.813913],[-63.098251,-17.808006],[-63.097907,-17.807861],[-63.097094,-17.816459]]]}},{"type":"Feature","properties":{"id":"scz-uv-7-98-5238","nombre":"UV 98","nivel":"uv","municipio":"Santa Cruz de la Sierra","provincia":"Andrés Ibáñez","departamento":"Santa Cruz","distrito":"7","uv":"98","fuente":"GAM Santa Cruz vía YoViajo/geodatos"},"geometry":{"type":"Polygon","coordinates":[[[-63.128182,-17.807872],[-63.128581,-17.812602],[-63.136578,-17.812028],[-63.136019,-17.807455],[-63.133743,-17.807524],[-63.128182,-17.807872]]]}},{"type":"Feature","properties":{"id":"scz-uv-4-26-5239","nombre":"UV 26","nivel":"uv","municipio":"Santa Cruz de la Sierra","provincia":"Andrés Ibáñez","departamento":"Santa Cruz","distrito":"4","uv":"26","fuente":"GAM Santa Cruz vía YoViajo/geodatos"},"geometry":{"type":"Polygon","coordinates":[[[-63.175435,-17.809551],[-63.176644,-17.810223],[-63.17909,-17.811335],[-63.180378,-17.811829],[-63.181741,-17.812298],[-63.18232,-17.812461],[-63.18062,-17.808731],[-63.176538,-17.807336],[-63.175435,-17.809551]]]}},{"type":"Feature","properties":{"id":"scz-uv-7-100A-5240","nombre":"UV 100A","nivel":"uv","municipio":"Santa Cruz de la Sierra","provincia":"Andrés Ibáñez","departamento":"Santa Cruz","distrito":"7","uv":"100A","fuente":"GAM Santa Cruz vía YoViajo/geodatos"},"geometry":{"type":"Polygon","coordinates":[[[-63.098005,-17.807903],[-63.109569,-17.813813],[-63.109766,-17.813794],[-63.10935,-17.807235],[-63.104627,-17.807535],[-63.098005,-17.807903]]]}},{"type":"Feature","properties":{"id":"scz-uv-7-97-5241","nombre":"UV 97","nivel":"uv","municipio":"Santa Cruz de la Sierra","provincia":"Andrés Ibáñez","departamento":"Santa Cruz","distrito":"7","uv":"97","fuente":"GAM Santa Cruz vía YoViajo/geodatos"},"geometry":{"type":"Polygon","coordinates":[[[-63.136019,-17.807455],[-63.136578,-17.812028],[-63.143309,-17.811684],[-63.142841,-17.811211],[-63.14242,-17.810698],[-63.14205,-17.810151],[-63.141734,-17.809573],[-63.141475,-17.808969],[-63.14135,-17.808548],[-63.141231,-17.807895],[-63.141164,-17.807126],[-63.136019,-17.807455]]]}},{"type":"Feature","properties":{"id":"scz-uv-7-100-5242","nombre":"UV 100","nivel":"uv","municipio":"Santa Cruz de la Sierra","provincia":"Andrés Ibáñez","departamento":"Santa Cruz","distrito":"7","uv":"100","fuente":"GAM Santa Cruz vía YoViajo/geodatos"},"geometry":{"type":"Polygon","coordinates":[[[-63.118635,-17.806748],[-63.10935,-17.807235],[-63.109766,-17.813794],[-63.118908,-17.813213],[-63.119076,-17.808441],[-63.118635,-17.806748]]]}},{"type":"Feature","properties":{"id":"scz-uv-3-92-5243","nombre":"UV 92","nivel":"uv","municipio":"Santa Cruz de la Sierra","provincia":"Andrés Ibáñez","departamento":"Santa Cruz","distrito":"3","uv":"92","fuente":"GAM Santa Cruz vía YoViajo/geodatos"},"geometry":{"type":"Polygon","coordinates":[[[-63.143309,-17.811684],[-63.150939,-17.817672],[-63.151274,-17.817595],[-63.151916,-17.817149],[-63.153507,-17.815206],[-63.15395,-17.814798],[-63.154652,-17.813797],[-63.156915,-17.811383],[-63.156757,-17.811257],[-63.158365,-17.809431],[-63.157471,-17.808848],[-63.156717,-17.808305],[-63.156268,-17.807934],[-63.155176,-17.807],[-63.154109,-17.805912],[-63.153746,-17.80629],[-63.153375,-17.806594],[-63.152273,-17.807352],[-63.149031,-17.810285],[-63.148576,-17.810624],[-63.148085,-17.810915],[-63.147605,-17.811143],[-63.146394,-17.811392],[-63.143309,-17.811684]]]}},{"type":"Feature","properties":{"id":"scz-uv-3-46-5244","nombre":"UV 46","nivel":"uv","municipio":"Santa Cruz de la Sierra","provincia":"Andrés Ibáñez","departamento":"Santa Cruz","distrito":"3","uv":"46","fuente":"GAM Santa Cruz vía YoViajo/geodatos"},"geometry":{"type":"Polygon","coordinates":[[[-63.161223,-17.811547],[-63.166778,-17.815999],[-63.171464,-17.809882],[-63.171668,-17.809537],[-63.170484,-17.808677],[-63.169805,-17.808239],[-63.169302,-17.807989],[-63.166043,-17.806645],[-63.165387,-17.80629],[-63.164622,-17.80577],[-63.164315,-17.806354],[-63.163756,-17.807228],[-63.161223,-17.811547]]]}},{"type":"Feature","properties":{"id":"scz-uv-10-110-5245","nombre":"UV 110","nivel":"uv","municipio":"Santa Cruz de la Sierra","provincia":"Andrés Ibáñez","departamento":"Santa Cruz","distrito":"10","uv":"110","fuente":"GAM Santa Cruz vía YoViajo/geodatos"},"geometry":{"type":"Polygon","coordinates":[[[-63.209641,-17.810155],[-63.210672,-17.811665],[-63.212038,-17.813514],[-63.213988,-17.815264],[-63.214341,-17.814988],[-63.219677,-17.811945],[-63.215902,-17.808599],[-63.212728,-17.805713],[-63.212075,-17.806797],[-63.211415,-17.807805],[-63.210336,-17.809289],[-63.209641,-17.810155]]]}},{"type":"Feature","properties":{"id":"scz-uv-10-347-5246","nombre":"UV 347","nivel":"uv","municipio":"Santa Cruz de la Sierra","provincia":"Andrés Ibáñez","departamento":"Santa Cruz","distrito":"10","uv":"347","fuente":"GAM Santa Cruz vía YoViajo/geodatos"},"geometry":{"type":"Polygon","coordinates":[[[-63.234239,-17.809408],[-63.235417,-17.810303],[-63.239656,-17.814029],[-63.242666,-17.808208],[-63.238645,-17.805298],[-63.234239,-17.809408]]]}},{"type":"Feature","properties":{"id":"scz-uv-7-284-5247","nombre":"UV 284","nivel":"uv","municipio":"Santa Cruz de la Sierra","provincia":"Andrés Ibáñez","departamento":"Santa Cruz","distrito":"7","uv":"284","fuente":"GAM Santa Cruz vía YoViajo/geodatos"},"geometry":{"type":"Polygon","coordinates":[[[-63.047792,-17.806101],[-63.048012,-17.809645],[-63.048483,-17.811823],[-63.048833,-17.812279],[-63.052134,-17.811037],[-63.051853,-17.805394],[-63.047792,-17.806101]]]}},{"type":"Feature","properties":{"id":"scz-uv-7-287-5248","nombre":"UV 287","nivel":"uv","municipio":"Santa Cruz de la Sierra","provincia":"Andrés Ibáñez","departamento":"Santa Cruz","distrito":"7","uv":"287","fuente":"GAM Santa Cruz vía YoViajo/geodatos"},"geometry":{"type":"Polygon","coordinates":[[[-63.06769,-17.808037],[-63.067497,-17.809659],[-63.061942,-17.81118],[-63.064874,-17.815622],[-63.066341,-17.815075],[-63.069446,-17.814995],[-63.070575,-17.815107],[-63.07295,-17.814757],[-63.07807,-17.815076],[-63.079485,-17.805311],[-63.077849,-17.805352],[-63.076856,-17.805487],[-63.075905,-17.805688],[-63.070322,-17.807124],[-63.069539,-17.807352],[-63.06769,-17.808037]]]}},{"type":"Feature","properties":{"id":"scz-uv-4-51-5249","nombre":"UV 51","nivel":"uv","municipio":"Santa Cruz de la Sierra","provincia":"Andrés Ibáñez","departamento":"Santa Cruz","distrito":"4","uv":"51","fuente":"GAM Santa Cruz vía YoViajo/geodatos"},"geometry":{"type":"Polygon","coordinates":[[[-63.196515,-17.809266],[-63.195099,-17.810386],[-63.19563,-17.811568],[-63.196244,-17.812492],[-63.200275,-17.818041],[-63.203816,-17.815786],[-63.204546,-17.815214],[-63.205259,-17.814623],[-63.206631,-17.813383],[-63.208169,-17.811816],[-63.200576,-17.805088],[-63.199003,-17.80677],[-63.196515,-17.809266]]]}},{"type":"Feature","properties":{"id":"scz-uv-3-ET8-5250","nombre":"UV ET8","nivel":"uv","municipio":"Santa Cruz de la Sierra","provincia":"Andrés Ibáñez","departamento":"Santa Cruz","distrito":"3","uv":"ET8","fuente":"GAM Santa Cruz vía YoViajo/geodatos"},"geometry":{"type":"Polygon","coordinates":[[[-63.164622,-17.80577],[-63.165387,-17.80629],[-63.166043,-17.806645],[-63.169302,-17.807989],[-63.169805,-17.808239],[-63.170484,-17.808677],[-63.171668,-17.809537],[-63.172538,-17.808264],[-63.172506,-17.807947],[-63.172211,-17.807545],[-63.171274,-17.807128],[-63.167331,-17.805499],[-63.166436,-17.805083],[-63.165385,-17.80447],[-63.164622,-17.80577]]]}},{"type":"Feature","properties":{"id":"scz-uv-4-ET13-5251","nombre":"UV ET13","nivel":"uv","municipio":"Santa Cruz de la Sierra","provincia":"Andrés Ibáñez","departamento":"Santa Cruz","distrito":"4","uv":"ET13","fuente":"GAM Santa Cruz vía YoViajo/geodatos"},"geometry":{"type":"Polygon","coordinates":[[[-63.194521,-17.808761],[-63.196515,-17.809266],[-63.199003,-17.80677],[-63.200576,-17.805088],[-63.199241,-17.803913],[-63.196102,-17.807689],[-63.194521,-17.808761]]]}},{"type":"Feature","properties":{"id":"scz-uv-7-95-5252","nombre":"UV 95","nivel":"uv","municipio":"Santa Cruz de la Sierra","provincia":"Andrés Ibáñez","departamento":"Santa Cruz","distrito":"7","uv":"95","fuente":"GAM Santa Cruz vía YoViajo/geodatos"},"geometry":{"type":"Polygon","coordinates":[[[-63.118282,-17.804536],[-63.118635,-17.806748],[-63.119076,-17.808441],[-63.128182,-17.807872],[-63.127836,-17.803837],[-63.121783,-17.80405],[-63.121212,-17.804108],[-63.118282,-17.804536]]]}},{"type":"Feature","properties":{"id":"scz-uv-10-ET46-5253","nombre":"UV ET46","nivel":"uv","municipio":"Santa Cruz de la Sierra","provincia":"Andrés Ibáñez","departamento":"Santa Cruz","distrito":"10","uv":"ET46","fuente":"GAM Santa Cruz vía YoViajo/geodatos"},"geometry":{"type":"Polygon","coordinates":[[[-63.232792,-17.810758],[-63.234239,-17.809408],[-63.232364,-17.80799],[-63.229545,-17.805935],[-63.228653,-17.805196],[-63.227793,-17.804425],[-63.227368,-17.803983],[-63.227132,-17.803653],[-63.2279,-17.807638],[-63.232792,-17.810758]]]}},{"type":"Feature","properties":{"id":"scz-uv-10-121-5255","nombre":"UV 121","nivel":"uv","municipio":"Santa Cruz de la Sierra","provincia":"Andrés Ibáñez","departamento":"Santa Cruz","distrito":"10","uv":"121","fuente":"GAM Santa Cruz vía YoViajo/geodatos"},"geometry":{"type":"Polygon","coordinates":[[[-63.226948,-17.803378],[-63.225445,-17.805256],[-63.219677,-17.811945],[-63.225694,-17.817403],[-63.232792,-17.810758],[-63.2279,-17.807638],[-63.227132,-17.803653],[-63.226948,-17.803378]]]}},{"type":"Feature","properties":{"id":"scz-uv-8-156A-5256","nombre":"UV 156A","nivel":"uv","municipio":"Santa Cruz de la Sierra","provincia":"Andrés Ibáñez","departamento":"Santa Cruz","distrito":"8","uv":"156A","fuente":"GAM Santa Cruz vía YoViajo/geodatos"},"geometry":{"type":"Polygon","coordinates":[[[-63.088892,-17.803757],[-63.08765,-17.815768],[-63.093515,-17.816106],[-63.093608,-17.816213],[-63.097094,-17.816459],[-63.097907,-17.807861],[-63.092596,-17.805077],[-63.089736,-17.803442],[-63.088892,-17.803757]]]}},{"type":"Feature","properties":{"id":"scz-uv-7-285-5257","nombre":"UV 285","nivel":"uv","municipio":"Santa Cruz de la Sierra","provincia":"Andrés Ibáñez","departamento":"Santa Cruz","distrito":"7","uv":"285","fuente":"GAM Santa Cruz vía YoViajo/geodatos"},"geometry":{"type":"Polygon","coordinates":[[[-63.051853,-17.805394],[-63.052134,-17.811037],[-63.05309,-17.810898],[-63.054699,-17.811018],[-63.055944,-17.810857],[-63.059148,-17.809971],[-63.061006,-17.80967],[-63.062274,-17.809522],[-63.062095,-17.809056],[-63.061879,-17.808342],[-63.061771,-17.807858],[-63.061661,-17.807122],[-63.061615,-17.806132],[-63.061657,-17.805389],[-63.061813,-17.80441],[-63.062005,-17.803689],[-63.061916,-17.803486],[-63.061789,-17.803373],[-63.061685,-17.803324],[-63.061514,-17.803299],[-63.061344,-17.803333],[-63.06105,-17.803574],[-63.059634,-17.804017],[-63.051853,-17.805394]]]}},{"type":"Feature","properties":{"id":"scz-uv-7-96-5258","nombre":"UV 96","nivel":"uv","municipio":"Santa Cruz de la Sierra","provincia":"Andrés Ibáñez","departamento":"Santa Cruz","distrito":"7","uv":"96","fuente":"GAM Santa Cruz vía YoViajo/geodatos"},"geometry":{"type":"Polygon","coordinates":[[[-63.109074,-17.802766],[-63.10935,-17.807235],[-63.116794,-17.80685],[-63.116534,-17.805111],[-63.115454,-17.802472],[-63.109074,-17.802766]]]}},{"type":"Feature","properties":{"id":"scz-uv-3-91A-5259","nombre":"UV 91A","nivel":"uv","municipio":"Santa Cruz de la Sierra","provincia":"Andrés Ibáñez","departamento":"Santa Cruz","distrito":"3","uv":"91A","fuente":"GAM Santa Cruz vía YoViajo/geodatos"},"geometry":{"type":"Polygon","coordinates":[[[-63.141205,-17.807675],[-63.141402,-17.808763],[-63.141641,-17.809374],[-63.141833,-17.809768],[-63.142167,-17.810337],[-63.142555,-17.810873],[-63.142992,-17.811373],[-63.143309,-17.811684],[-63.146394,-17.811392],[-63.147605,-17.811143],[-63.148252,-17.810823],[-63.148732,-17.810516],[-63.149159,-17.810176],[-63.152273,-17.807352],[-63.153375,-17.806594],[-63.153746,-17.80629],[-63.154109,-17.805912],[-63.153413,-17.8051],[-63.152856,-17.804372],[-63.15238,-17.803682],[-63.151609,-17.802388],[-63.141205,-17.807675]]]}},{"type":"Feature","properties":{"id":"scz-uv-7-ET38-5260","nombre":"UV ET38","nivel":"uv","municipio":"Santa Cruz de la Sierra","provincia":"Andrés Ibáñez","departamento":"Santa Cruz","distrito":"7","uv":"ET38","fuente":"GAM Santa Cruz vía YoViajo/geodatos"},"geometry":{"type":"Polygon","coordinates":[[[-63.115454,-17.802472],[-63.116534,-17.805111],[-63.116794,-17.80685],[-63.118635,-17.806748],[-63.118282,-17.804536],[-63.117136,-17.802385],[-63.115454,-17.802472]]]}},{"type":"Feature","properties":{"id":"scz-uv-7-ET39-5261","nombre":"UV ET39","nivel":"uv","municipio":"Santa Cruz de la Sierra","provincia":"Andrés Ibáñez","departamento":"Santa Cruz","distrito":"7","uv":"ET39","fuente":"GAM Santa Cruz vía YoViajo/geodatos"},"geometry":{"type":"Polygon","coordinates":[[[-63.118802,-17.802299],[-63.117136,-17.802385],[-63.118282,-17.804536],[-63.121212,-17.804108],[-63.121783,-17.80405],[-63.127836,-17.803837],[-63.127609,-17.802226],[-63.118802,-17.802299]]]}},{"type":"Feature","properties":{"id":"scz-uv-3-45-5262","nombre":"UV 45","nivel":"uv","municipio":"Santa Cruz de la Sierra","provincia":"Andrés Ibáñez","departamento":"Santa Cruz","distrito":"3","uv":"45","fuente":"GAM Santa Cruz vía YoViajo/geodatos"},"geometry":{"type":"Polygon","coordinates":[[[-63.154109,-17.805912],[-63.155176,-17.807],[-63.156717,-17.808305],[-63.157471,-17.808848],[-63.159891,-17.81048],[-63.161223,-17.811547],[-63.163756,-17.807228],[-63.164315,-17.806354],[-63.164622,-17.80577],[-63.162253,-17.805044],[-63.161834,-17.804888],[-63.161496,-17.804728],[-63.160931,-17.804384],[-63.160359,-17.80395],[-63.159529,-17.802925],[-63.159044,-17.802159],[-63.154109,-17.805912]]]}},{"type":"Feature","properties":{"id":"scz-uv-7-234-5263","nombre":"UV 234","nivel":"uv","municipio":"Santa Cruz de la Sierra","provincia":"Andrés Ibáñez","departamento":"Santa Cruz","distrito":"7","uv":"234","fuente":"GAM Santa Cruz vía YoViajo/geodatos"},"geometry":{"type":"Polygon","coordinates":[[[-63.089736,-17.803442],[-63.092596,-17.805077],[-63.097907,-17.807861],[-63.098003,-17.805962],[-63.098057,-17.805717],[-63.098162,-17.804269],[-63.098281,-17.802078],[-63.097437,-17.802134],[-63.09594,-17.802095],[-63.094576,-17.802207],[-63.091451,-17.802833],[-63.089736,-17.803442]]]}},{"type":"Feature","properties":{"id":"scz-uv-7-229A-5264","nombre":"UV 229A","nivel":"uv","municipio":"Santa Cruz de la Sierra","provincia":"Andrés Ibáñez","departamento":"Santa Cruz","distrito":"7","uv":"229A","fuente":"GAM Santa Cruz vía YoViajo/geodatos"},"geometry":{"type":"Polygon","coordinates":[[[-63.102838,-17.80177],[-63.098281,-17.802078],[-63.098162,-17.804269],[-63.098057,-17.805717],[-63.098003,-17.805962],[-63.097907,-17.807861],[-63.098005,-17.807903],[-63.104627,-17.807535],[-63.10935,-17.807235],[-63.109078,-17.802839],[-63.104071,-17.80155],[-63.102838,-17.80177]]]}},{"type":"Feature","properties":{"id":"scz-uv-10-121A-5266","nombre":"UV 121A","nivel":"uv","municipio":"Santa Cruz de la Sierra","provincia":"Andrés Ibáñez","departamento":"Santa Cruz","distrito":"10","uv":"121A","fuente":"GAM Santa Cruz vía YoViajo/geodatos"},"geometry":{"type":"Polygon","coordinates":[[[-63.226351,-17.801953],[-63.226853,-17.803211],[-63.226948,-17.803378],[-63.227368,-17.803983],[-63.227793,-17.804425],[-63.228653,-17.805196],[-63.229545,-17.805935],[-63.232364,-17.80799],[-63.234239,-17.809408],[-63.238645,-17.805298],[-63.236445,-17.803837],[-63.231737,-17.801733],[-63.23175,-17.801955],[-63.229752,-17.801703],[-63.229107,-17.801588],[-63.228656,-17.801557],[-63.228087,-17.801422],[-63.227867,-17.801401],[-63.227581,-17.801469],[-63.227232,-17.801683],[-63.226351,-17.801953]]]}},{"type":"Feature","properties":{"id":"scz-uv-3-ET7-5267","nombre":"UV ET7","nivel":"uv","municipio":"Santa Cruz de la Sierra","provincia":"Andrés Ibáñez","departamento":"Santa Cruz","distrito":"3","uv":"ET7","fuente":"GAM Santa Cruz vía YoViajo/geodatos"},"geometry":{"type":"Polygon","coordinates":[[[-63.159044,-17.802159],[-63.159529,-17.802925],[-63.160359,-17.80395],[-63.160931,-17.804384],[-63.161496,-17.804728],[-63.162253,-17.805044],[-63.164622,-17.80577],[-63.165385,-17.80447],[-63.163796,-17.803349],[-63.162779,-17.802534],[-63.162079,-17.80192],[-63.160929,-17.80077],[-63.159044,-17.802159]]]}},{"type":"Feature","properties":{"id":"scz-uv-7-ET127-5268","nombre":"UV ET127","nivel":"uv","municipio":"Santa Cruz de la Sierra","provincia":"Andrés Ibáñez","departamento":"Santa Cruz","distrito":"7","uv":"ET127","fuente":"GAM Santa Cruz vía YoViajo/geodatos"},"geometry":{"type":"Polygon","coordinates":[[[-63.082889,-17.805197],[-63.084355,-17.805148],[-63.086594,-17.804598],[-63.087321,-17.804356],[-63.088892,-17.803757],[-63.088932,-17.803282],[-63.085333,-17.801851],[-63.083141,-17.800706],[-63.082889,-17.805197]]]}},{"type":"Feature","properties":{"id":"scz-uv-10-ET45-5269","nombre":"UV ET45","nivel":"uv","municipio":"Santa Cruz de la Sierra","provincia":"Andrés Ibáñez","departamento":"Santa Cruz","distrito":"10","uv":"ET45","fuente":"GAM Santa Cruz vía YoViajo/geodatos"},"geometry":{"type":"Polygon","coordinates":[[[-63.225993,-17.804571],[-63.226948,-17.803378],[-63.226853,-17.803211],[-63.226392,-17.802087],[-63.225926,-17.800567],[-63.223234,-17.800525],[-63.223133,-17.800486],[-63.221757,-17.802421],[-63.225993,-17.804571]]]}},{"type":"Feature","properties":{"id":"scz-uv-7-93-5270","nombre":"UV 93","nivel":"uv","municipio":"Santa Cruz de la Sierra","provincia":"Andrés Ibáñez","departamento":"Santa Cruz","distrito":"7","uv":"93","fuente":"GAM Santa Cruz vía YoViajo/geodatos"},"geometry":{"type":"Polygon","coordinates":[[[-63.140236,-17.80103],[-63.135286,-17.8015],[-63.13545,-17.803176],[-63.135588,-17.803966],[-63.136019,-17.807455],[-63.141164,-17.807126],[-63.141176,-17.806269],[-63.141249,-17.80563],[-63.142278,-17.80054],[-63.140236,-17.80103]]]}},{"type":"Feature","properties":{"id":"scz-uv-4-27-5271","nombre":"UV 27","nivel":"uv","municipio":"Santa Cruz de la Sierra","provincia":"Andrés Ibáñez","departamento":"Santa Cruz","distrito":"4","uv":"27","fuente":"GAM Santa Cruz vía YoViajo/geodatos"},"geometry":{"type":"Polygon","coordinates":[[[-63.18062,-17.808731],[-63.18232,-17.812461],[-63.18249,-17.812461],[-63.183428,-17.812695],[-63.184029,-17.812773],[-63.184904,-17.812793],[-63.185649,-17.812699],[-63.18623,-17.812567],[-63.186857,-17.812364],[-63.1902,-17.810968],[-63.19036,-17.8018],[-63.189348,-17.801067],[-63.189216,-17.800891],[-63.188491,-17.801055],[-63.187694,-17.801151],[-63.187005,-17.801148],[-63.186463,-17.801084],[-63.185905,-17.800959],[-63.180185,-17.799384],[-63.180024,-17.806261],[-63.180072,-17.80684],[-63.180216,-17.807557],[-63.180314,-17.807905],[-63.18062,-17.808731]]]}},{"type":"Feature","properties":{"id":"scz-uv-7-277-5272","nombre":"UV 277","nivel":"uv","municipio":"Santa Cruz de la Sierra","provincia":"Andrés Ibáñez","departamento":"Santa Cruz","distrito":"7","uv":"277","fuente":"GAM Santa Cruz vía YoViajo/geodatos"},"geometry":{"type":"Polygon","coordinates":[[[-63.079485,-17.805311],[-63.082889,-17.805197],[-63.083141,-17.800706],[-63.079973,-17.799052],[-63.079664,-17.799494],[-63.079339,-17.800131],[-63.079122,-17.80081],[-63.079018,-17.801512],[-63.079009,-17.801867],[-63.079514,-17.804775],[-63.079485,-17.805311]]]}},{"type":"Feature","properties":{"id":"scz-uv-3-91-5273","nombre":"UV 91","nivel":"uv","municipio":"Santa Cruz de la Sierra","provincia":"Andrés Ibáñez","departamento":"Santa Cruz","distrito":"3","uv":"91","fuente":"GAM Santa Cruz vía YoViajo/geodatos"},"geometry":{"type":"Polygon","coordinates":[[[-63.142278,-17.80054],[-63.141249,-17.80563],[-63.141158,-17.806697],[-63.141205,-17.807675],[-63.151609,-17.802388],[-63.151199,-17.801574],[-63.150796,-17.80064],[-63.149993,-17.798555],[-63.143414,-17.80022],[-63.142278,-17.80054]]]}},{"type":"Feature","properties":{"id":"scz-uv-7-233-5274","nombre":"UV 233","nivel":"uv","municipio":"Santa Cruz de la Sierra","provincia":"Andrés Ibáñez","departamento":"Santa Cruz","distrito":"7","uv":"233","fuente":"GAM Santa Cruz vía YoViajo/geodatos"},"geometry":{"type":"Polygon","coordinates":[[[-63.089568,-17.798905],[-63.089255,-17.799413],[-63.088892,-17.803757],[-63.091451,-17.802833],[-63.094576,-17.802207],[-63.09594,-17.802095],[-63.097437,-17.802134],[-63.099548,-17.801997],[-63.099277,-17.798264],[-63.089568,-17.798905]]]}},{"type":"Feature","properties":{"id":"scz-uv-4-28-5275","nombre":"UV 28","nivel":"uv","municipio":"Santa Cruz de la Sierra","provincia":"Andrés Ibáñez","departamento":"Santa Cruz","distrito":"4","uv":"28","fuente":"GAM Santa Cruz vía YoViajo/geodatos"},"geometry":{"type":"Polygon","coordinates":[[[-63.189216,-17.800891],[-63.189348,-17.801067],[-63.19036,-17.8018],[-63.1902,-17.810968],[-63.19241,-17.80995],[-63.193865,-17.809176],[-63.195002,-17.80845],[-63.196102,-17.807689],[-63.199241,-17.803913],[-63.192674,-17.798091],[-63.191218,-17.799672],[-63.190754,-17.800105],[-63.190123,-17.800523],[-63.189652,-17.800741],[-63.189216,-17.800891]]]}},{"type":"Feature","properties":{"id":"scz-uv-5-336-5516","nombre":"UV 336","nivel":"uv","municipio":"Santa Cruz de la Sierra","provincia":"Andrés Ibáñez","departamento":"Santa Cruz","distrito":"5","uv":"336","fuente":"GAM Santa Cruz vía YoViajo/geodatos"},"geometry":{"type":"Polygon","coordinates":[[[-63.181164,-17.709446],[-63.181201,-17.709742],[-63.181334,-17.71299],[-63.18327,-17.714074],[-63.185246,-17.71432],[-63.186031,-17.714317],[-63.186503,-17.714247],[-63.186819,-17.713281],[-63.18762,-17.712128],[-63.189251,-17.710836],[-63.190439,-17.710244],[-63.19086,-17.710109],[-63.190859,-17.709857],[-63.186805,-17.709696],[-63.186805,-17.70944],[-63.181164,-17.709446]]]}},{"type":"Feature","properties":{"id":"scz-uv-4-ET-5276","nombre":"UV ET","nivel":"uv","municipio":"Santa Cruz de la Sierra","provincia":"Andrés Ibáñez","departamento":"Santa Cruz","distrito":"4","uv":"ET","fuente":"GAM Santa Cruz vía YoViajo/geodatos"},"geometry":{"type":"Polygon","coordinates":[[[-63.172211,-17.807545],[-63.172506,-17.807947],[-63.172538,-17.808264],[-63.171668,-17.809537],[-63.171464,-17.809882],[-63.166778,-17.815999],[-63.168355,-17.817235],[-63.172182,-17.812214],[-63.173395,-17.81059],[-63.173348,-17.810563],[-63.174527,-17.80905],[-63.175435,-17.809551],[-63.176538,-17.807336],[-63.18062,-17.808731],[-63.180314,-17.807905],[-63.180216,-17.807557],[-63.180072,-17.80684],[-63.180024,-17.806261],[-63.180185,-17.799384],[-63.175412,-17.798074],[-63.174883,-17.800422],[-63.172211,-17.807545]]]}},{"type":"Feature","properties":{"id":"scz-uv-3-25-5277","nombre":"UV 25","nivel":"uv","municipio":"Santa Cruz de la Sierra","provincia":"Andrés Ibáñez","departamento":"Santa Cruz","distrito":"3","uv":"25","fuente":"GAM Santa Cruz vía YoViajo/geodatos"},"geometry":{"type":"Polygon","coordinates":[[[-63.168833,-17.798685],[-63.168504,-17.79958],[-63.168249,-17.800063],[-63.165385,-17.80447],[-63.166436,-17.805083],[-63.167331,-17.805499],[-63.171274,-17.807128],[-63.172211,-17.807545],[-63.174883,-17.800422],[-63.175412,-17.798074],[-63.175166,-17.798026],[-63.17428,-17.798093],[-63.170094,-17.798801],[-63.169363,-17.798799],[-63.168833,-17.798685]]]}},{"type":"Feature","properties":{"id":"scz-uv-7-229-5278","nombre":"UV 229","nivel":"uv","municipio":"Santa Cruz de la Sierra","provincia":"Andrés Ibáñez","departamento":"Santa Cruz","distrito":"7","uv":"229","fuente":"GAM Santa Cruz vía YoViajo/geodatos"},"geometry":{"type":"Polygon","coordinates":[[[-63.099277,-17.798264],[-63.099548,-17.801997],[-63.102838,-17.80177],[-63.104071,-17.80155],[-63.109078,-17.802839],[-63.108764,-17.797856],[-63.10712,-17.797938],[-63.103907,-17.797947],[-63.099277,-17.798264]]]}},{"type":"Feature","properties":{"id":"scz-uv-7-90-5279","nombre":"UV 90","nivel":"uv","municipio":"Santa Cruz de la Sierra","provincia":"Andrés Ibáñez","departamento":"Santa Cruz","distrito":"7","uv":"90","fuente":"GAM Santa Cruz vía YoViajo/geodatos"},"geometry":{"type":"Polygon","coordinates":[[[-63.10877,-17.797941],[-63.109074,-17.802766],[-63.115454,-17.802472],[-63.115193,-17.7976],[-63.10877,-17.797941]]]}},{"type":"Feature","properties":{"id":"scz-uv-7-ET37-5280","nombre":"UV ET37","nivel":"uv","municipio":"Santa Cruz de la Sierra","provincia":"Andrés Ibáñez","departamento":"Santa Cruz","distrito":"7","uv":"ET37","fuente":"GAM Santa Cruz vía YoViajo/geodatos"},"geometry":{"type":"Polygon","coordinates":[[[-63.115193,-17.7976],[-63.115454,-17.802472],[-63.117136,-17.802385],[-63.116848,-17.797511],[-63.115193,-17.7976]]]}},{"type":"Feature","properties":{"id":"scz-uv-10-111-5281","nombre":"UV 111","nivel":"uv","municipio":"Santa Cruz de la Sierra","provincia":"Andrés Ibáñez","departamento":"Santa Cruz","distrito":"10","uv":"111","fuente":"GAM Santa Cruz vía YoViajo/geodatos"},"geometry":{"type":"Polygon","coordinates":[[[-63.212728,-17.805713],[-63.215902,-17.808599],[-63.219677,-17.811945],[-63.225445,-17.805256],[-63.225993,-17.804571],[-63.221757,-17.802421],[-63.223133,-17.800486],[-63.219289,-17.799047],[-63.217811,-17.79826],[-63.216054,-17.797415],[-63.215688,-17.798784],[-63.215226,-17.800249],[-63.214471,-17.802207],[-63.213716,-17.803863],[-63.212728,-17.805713]]]}},{"type":"Feature","properties":{"id":"scz-uv-7-ET36-5282","nombre":"UV ET36","nivel":"uv","municipio":"Santa Cruz de la Sierra","provincia":"Andrés Ibáñez","departamento":"Santa Cruz","distrito":"7","uv":"ET36","fuente":"GAM Santa Cruz vía YoViajo/geodatos"},"geometry":{"type":"Polygon","coordinates":[[[-63.116848,-17.797511],[-63.117136,-17.802385],[-63.118802,-17.802299],[-63.118515,-17.797421],[-63.116848,-17.797511]]]}},{"type":"Feature","properties":{"id":"scz-uv-7-89-5283","nombre":"UV 89","nivel":"uv","municipio":"Santa Cruz de la Sierra","provincia":"Andrés Ibáñez","departamento":"Santa Cruz","distrito":"7","uv":"89","fuente":"GAM Santa Cruz vía YoViajo/geodatos"},"geometry":{"type":"Polygon","coordinates":[[[-63.118515,-17.797421],[-63.118802,-17.802299],[-63.127609,-17.802226],[-63.127043,-17.796961],[-63.118515,-17.797421]]]}},{"type":"Feature","properties":{"id":"scz-uv-3-44-5284","nombre":"UV 44","nivel":"uv","municipio":"Santa Cruz de la Sierra","provincia":"Andrés Ibáñez","departamento":"Santa Cruz","distrito":"3","uv":"44","fuente":"GAM Santa Cruz vía YoViajo/geodatos"},"geometry":{"type":"Polygon","coordinates":[[[-63.149993,-17.798555],[-63.150453,-17.7998],[-63.150891,-17.800861],[-63.151199,-17.801574],[-63.151757,-17.802659],[-63.15238,-17.803682],[-63.152856,-17.804372],[-63.153413,-17.8051],[-63.154109,-17.805912],[-63.158376,-17.802662],[-63.160929,-17.80077],[-63.159466,-17.799078],[-63.158606,-17.797928],[-63.157554,-17.796293],[-63.157168,-17.795607],[-63.149993,-17.798555]]]}},{"type":"Feature","properties":{"id":"scz-uv-7-227-5318","nombre":"UV 227","nivel":"uv","municipio":"Santa Cruz de la Sierra","provincia":"Andrés Ibáñez","departamento":"Santa Cruz","distrito":"7","uv":"227","fuente":"GAM Santa Cruz vía YoViajo/geodatos"},"geometry":{"type":"Polygon","coordinates":[[[-63.098463,-17.786214],[-63.098313,-17.790947],[-63.098929,-17.793259],[-63.108464,-17.792949],[-63.108068,-17.78665],[-63.105819,-17.786088],[-63.098463,-17.786214]]]}},{"type":"Feature","properties":{"id":"scz-uv-4-52-5285","nombre":"UV 52","nivel":"uv","municipio":"Santa Cruz de la Sierra","provincia":"Andrés Ibáñez","departamento":"Santa Cruz","distrito":"4","uv":"52","fuente":"GAM Santa Cruz vía YoViajo/geodatos"},"geometry":{"type":"Polygon","coordinates":[[[-63.200576,-17.805088],[-63.208169,-17.811816],[-63.209172,-17.810712],[-63.209764,-17.810009],[-63.210795,-17.808681],[-63.211921,-17.807042],[-63.212405,-17.806266],[-63.2131,-17.805049],[-63.213716,-17.803863],[-63.214115,-17.803019],[-63.214816,-17.801337],[-63.215226,-17.800249],[-63.215549,-17.79924],[-63.216054,-17.797415],[-63.205533,-17.795048],[-63.205321,-17.796111],[-63.204193,-17.799241],[-63.203907,-17.799859],[-63.203153,-17.80125],[-63.200576,-17.805088]]]}},{"type":"Feature","properties":{"id":"scz-uv-7-278-5286","nombre":"UV 278","nivel":"uv","municipio":"Santa Cruz de la Sierra","provincia":"Andrés Ibáñez","departamento":"Santa Cruz","distrito":"7","uv":"278","fuente":"GAM Santa Cruz vía YoViajo/geodatos"},"geometry":{"type":"Polygon","coordinates":[[[-63.066531,-17.808466],[-63.069539,-17.807352],[-63.070322,-17.807124],[-63.075905,-17.805688],[-63.076856,-17.805487],[-63.077849,-17.805352],[-63.079485,-17.805311],[-63.079514,-17.804775],[-63.079009,-17.801867],[-63.079018,-17.801512],[-63.079122,-17.80081],[-63.079339,-17.800131],[-63.079664,-17.799494],[-63.079973,-17.799052],[-63.072723,-17.795038],[-63.07092,-17.797567],[-63.066376,-17.805692],[-63.066226,-17.806099],[-63.06616,-17.806379],[-63.066111,-17.806808],[-63.066113,-17.807096],[-63.066143,-17.807383],[-63.066239,-17.807804],[-63.066395,-17.808209],[-63.066531,-17.808466]]]}},{"type":"Feature","properties":{"id":"scz-uv-3-24-5287","nombre":"UV 24","nivel":"uv","municipio":"Santa Cruz de la Sierra","provincia":"Andrés Ibáñez","departamento":"Santa Cruz","distrito":"3","uv":"24","fuente":"GAM Santa Cruz vía YoViajo/geodatos"},"geometry":{"type":"MultiPolygon","coordinates":[[[[-63.162331,-17.794805],[-63.160929,-17.80077],[-63.162079,-17.80192],[-63.162779,-17.802534],[-63.163796,-17.803349],[-63.165385,-17.80447],[-63.168249,-17.800063],[-63.168504,-17.79958],[-63.168833,-17.798685],[-63.168416,-17.798547],[-63.16782,-17.79823],[-63.167338,-17.797816],[-63.166961,-17.797333],[-63.166744,-17.79694],[-63.166565,-17.796437],[-63.1663,-17.794958],[-63.164471,-17.795077],[-63.163595,-17.795035],[-63.162783,-17.794911],[-63.162331,-17.794805]]],[[[-63.158606,-17.797928],[-63.159466,-17.799078],[-63.159725,-17.79772],[-63.160522,-17.794718],[-63.159179,-17.794911],[-63.158501,-17.795046],[-63.157813,-17.795281],[-63.157168,-17.795607],[-63.157554,-17.796293],[-63.158307,-17.797475],[-63.158606,-17.797928]]]]}},{"type":"Feature","properties":{"id":"scz-uv-3-ET59-5288","nombre":"UV ET59","nivel":"uv","municipio":"Santa Cruz de la Sierra","provincia":"Andrés Ibáñez","departamento":"Santa Cruz","distrito":"3","uv":"ET59","fuente":"GAM Santa Cruz vía YoViajo/geodatos"},"geometry":{"type":"Polygon","coordinates":[[[-63.160522,-17.794718],[-63.159725,-17.79772],[-63.159466,-17.799078],[-63.160929,-17.80077],[-63.162331,-17.794805],[-63.161883,-17.794714],[-63.16134,-17.79466],[-63.160522,-17.794718]]]}},{"type":"Feature","properties":{"id":"scz-uv-11-6-5289","nombre":"UV 6","nivel":"uv","municipio":"Santa Cruz de la Sierra","provincia":"Andrés Ibáñez","departamento":"Santa Cruz","distrito":"11","uv":"6","fuente":"GAM Santa Cruz vía YoViajo/geodatos"},"geometry":{"type":"Polygon","coordinates":[[[-63.16645,-17.795852],[-63.166565,-17.796437],[-63.166692,-17.796817],[-63.166872,-17.797191],[-63.167244,-17.797714],[-63.167542,-17.798007],[-63.16796,-17.798318],[-63.168548,-17.7986],[-63.169086,-17.798755],[-63.169503,-17.798811],[-63.170094,-17.798801],[-63.17428,-17.798093],[-63.175166,-17.798026],[-63.175412,-17.798074],[-63.174594,-17.797168],[-63.174425,-17.796863],[-63.174312,-17.796536],[-63.174259,-17.7962],[-63.174263,-17.795892],[-63.17448,-17.794607],[-63.16645,-17.795852]]]}},{"type":"Feature","properties":{"id":"scz-uv-4-ET14-5290","nombre":"UV ET14","nivel":"uv","municipio":"Santa Cruz de la Sierra","provincia":"Andrés Ibáñez","departamento":"Santa Cruz","distrito":"4","uv":"ET14","fuente":"GAM Santa Cruz vía YoViajo/geodatos"},"geometry":{"type":"Polygon","coordinates":[[[-63.199241,-17.803913],[-63.200576,-17.805088],[-63.203153,-17.80125],[-63.203907,-17.799859],[-63.204193,-17.799241],[-63.205321,-17.796111],[-63.205533,-17.795048],[-63.204156,-17.79427],[-63.202801,-17.798086],[-63.202571,-17.798652],[-63.202051,-17.799744],[-63.20162,-17.800548],[-63.201153,-17.801332],[-63.200649,-17.802096],[-63.200111,-17.802838],[-63.199241,-17.803913]]]}},{"type":"Feature","properties":{"id":"scz-uv-7-232-5291","nombre":"UV 232","nivel":"uv","municipio":"Santa Cruz de la Sierra","provincia":"Andrés Ibáñez","departamento":"Santa Cruz","distrito":"7","uv":"232","fuente":"GAM Santa Cruz vía YoViajo/geodatos"},"geometry":{"type":"Polygon","coordinates":[[[-63.092836,-17.79366],[-63.089568,-17.798905],[-63.099277,-17.798264],[-63.09894,-17.793394],[-63.098235,-17.793586],[-63.092836,-17.79366]]]}},{"type":"Feature","properties":{"id":"scz-uv-1-113-5319","nombre":"UV 113","nivel":"uv","municipio":"Santa Cruz de la Sierra","provincia":"Andrés Ibáñez","departamento":"Santa Cruz","distrito":"1","uv":"113","fuente":"GAM Santa Cruz vía YoViajo/geodatos"},"geometry":{"type":"Polygon","coordinates":[[[-63.216661,-17.791795],[-63.221543,-17.79256],[-63.224576,-17.792975],[-63.224531,-17.788772],[-63.223837,-17.786765],[-63.223617,-17.786254],[-63.216641,-17.785916],[-63.216661,-17.791795]]]}},{"type":"Feature","properties":{"id":"scz-uv-11-9-5292","nombre":"UV 9","nivel":"uv","municipio":"Santa Cruz de la Sierra","provincia":"Andrés Ibáñez","departamento":"Santa Cruz","distrito":"11","uv":"9","fuente":"GAM Santa Cruz vía YoViajo/geodatos"},"geometry":{"type":"Polygon","coordinates":[[[-63.186975,-17.79309],[-63.186587,-17.795612],[-63.185723,-17.800904],[-63.186651,-17.801112],[-63.187519,-17.801158],[-63.188491,-17.801055],[-63.189363,-17.800845],[-63.190123,-17.800523],[-63.190536,-17.800268],[-63.190858,-17.800019],[-63.191218,-17.799672],[-63.192674,-17.798091],[-63.186975,-17.79309]]]}},{"type":"Feature","properties":{"id":"scz-uv-7-228-5293","nombre":"UV 228","nivel":"uv","municipio":"Santa Cruz de la Sierra","provincia":"Andrés Ibáñez","departamento":"Santa Cruz","distrito":"7","uv":"228","fuente":"GAM Santa Cruz vía YoViajo/geodatos"},"geometry":{"type":"Polygon","coordinates":[[[-63.098929,-17.793259],[-63.099277,-17.798264],[-63.103907,-17.797947],[-63.10712,-17.797938],[-63.108764,-17.797856],[-63.108464,-17.792949],[-63.098929,-17.793259]]]}},{"type":"Feature","properties":{"id":"scz-uv-7-88-5294","nombre":"UV 88","nivel":"uv","municipio":"Santa Cruz de la Sierra","provincia":"Andrés Ibáñez","departamento":"Santa Cruz","distrito":"7","uv":"88","fuente":"GAM Santa Cruz vía YoViajo/geodatos"},"geometry":{"type":"Polygon","coordinates":[[[-63.108464,-17.792949],[-63.10877,-17.797941],[-63.116848,-17.797511],[-63.116676,-17.794583],[-63.11646,-17.792756],[-63.113932,-17.792845],[-63.112617,-17.792814],[-63.108464,-17.792949]]]}},{"type":"Feature","properties":{"id":"scz-uv-7-ET35-5295","nombre":"UV ET35","nivel":"uv","municipio":"Santa Cruz de la Sierra","provincia":"Andrés Ibáñez","departamento":"Santa Cruz","distrito":"7","uv":"ET35","fuente":"GAM Santa Cruz vía YoViajo/geodatos"},"geometry":{"type":"Polygon","coordinates":[[[-63.11646,-17.792756],[-63.116676,-17.794583],[-63.116848,-17.797511],[-63.118515,-17.797421],[-63.11839,-17.795279],[-63.118187,-17.793395],[-63.118147,-17.792633],[-63.11646,-17.792756]]]}},{"type":"Feature","properties":{"id":"scz-uv-11-8-5296","nombre":"UV 8","nivel":"uv","municipio":"Santa Cruz de la Sierra","provincia":"Andrés Ibáñez","departamento":"Santa Cruz","distrito":"11","uv":"8","fuente":"GAM Santa Cruz vía YoViajo/geodatos"},"geometry":{"type":"Polygon","coordinates":[[[-63.180294,-17.799414],[-63.185723,-17.800904],[-63.186587,-17.795612],[-63.186931,-17.793317],[-63.182595,-17.792645],[-63.18136,-17.792427],[-63.180294,-17.799414]]]}},{"type":"Feature","properties":{"id":"scz-uv-11-PU-5297","nombre":"UV PU","nivel":"uv","municipio":"Santa Cruz de la Sierra","provincia":"Andrés Ibáñez","departamento":"Santa Cruz","distrito":"11","uv":"PU","fuente":"GAM Santa Cruz vía YoViajo/geodatos"},"geometry":{"type":"Polygon","coordinates":[[[-63.166071,-17.793601],[-63.16645,-17.795852],[-63.17448,-17.794607],[-63.174583,-17.793948],[-63.174568,-17.793551],[-63.174488,-17.793161],[-63.174326,-17.792748],[-63.174095,-17.792372],[-63.166071,-17.793601]]]}},{"type":"Feature","properties":{"id":"scz-uv-7-87-5298","nombre":"UV 87","nivel":"uv","municipio":"Santa Cruz de la Sierra","provincia":"Andrés Ibáñez","departamento":"Santa Cruz","distrito":"7","uv":"87","fuente":"GAM Santa Cruz vía YoViajo/geodatos"},"geometry":{"type":"Polygon","coordinates":[[[-63.118147,-17.792633],[-63.118187,-17.793395],[-63.11839,-17.795279],[-63.118515,-17.797421],[-63.127043,-17.796961],[-63.126641,-17.793196],[-63.126635,-17.792446],[-63.12654,-17.792347],[-63.118147,-17.792633]]]}},{"type":"Feature","properties":{"id":"scz-uv-1-112-5299","nombre":"UV 112","nivel":"uv","municipio":"Santa Cruz de la Sierra","provincia":"Andrés Ibáñez","departamento":"Santa Cruz","distrito":"1","uv":"112","fuente":"GAM Santa Cruz vía YoViajo/geodatos"},"geometry":{"type":"Polygon","coordinates":[[[-63.216054,-17.797415],[-63.217811,-17.79826],[-63.219289,-17.799047],[-63.223234,-17.800525],[-63.225926,-17.800567],[-63.225189,-17.798164],[-63.22493,-17.797069],[-63.224681,-17.795257],[-63.224589,-17.793893],[-63.224576,-17.792975],[-63.221543,-17.79256],[-63.216661,-17.791795],[-63.216642,-17.793454],[-63.216565,-17.794504],[-63.216327,-17.796146],[-63.216054,-17.797415]]]}},{"type":"Feature","properties":{"id":"scz-uv-7-86-5300","nombre":"UV 86","nivel":"uv","municipio":"Santa Cruz de la Sierra","provincia":"Andrés Ibáñez","departamento":"Santa Cruz","distrito":"7","uv":"86","fuente":"GAM Santa Cruz vía YoViajo/geodatos"},"geometry":{"type":"Polygon","coordinates":[[[-63.139258,-17.791301],[-63.131645,-17.792014],[-63.12654,-17.792349],[-63.126635,-17.792448],[-63.126641,-17.793198],[-63.127609,-17.802228],[-63.140236,-17.801033],[-63.139258,-17.791301]]]}},{"type":"Feature","properties":{"id":"scz-uv-7-279-5301","nombre":"UV 279","nivel":"uv","municipio":"Santa Cruz de la Sierra","provincia":"Andrés Ibáñez","departamento":"Santa Cruz","distrito":"7","uv":"279","fuente":"GAM Santa Cruz vía YoViajo/geodatos"},"geometry":{"type":"Polygon","coordinates":[[[-63.062005,-17.803689],[-63.061813,-17.80441],[-63.061685,-17.805143],[-63.061622,-17.805884],[-63.061623,-17.806627],[-63.06169,-17.807368],[-63.061821,-17.808101],[-63.062016,-17.80882],[-63.062274,-17.809522],[-63.064068,-17.809311],[-63.066531,-17.808466],[-63.066395,-17.808209],[-63.066239,-17.807804],[-63.066143,-17.807383],[-63.066113,-17.807096],[-63.066111,-17.806808],[-63.06616,-17.806379],[-63.066226,-17.806099],[-63.066376,-17.805692],[-63.07092,-17.797567],[-63.072723,-17.795038],[-63.06578,-17.791321],[-63.062378,-17.802349],[-63.062452,-17.802492],[-63.062005,-17.803689]]]}},{"type":"Feature","properties":{"id":"scz-uv-11-7-5302","nombre":"UV 7","nivel":"uv","municipio":"Santa Cruz de la Sierra","provincia":"Andrés Ibáñez","departamento":"Santa Cruz","distrito":"11","uv":"7","fuente":"GAM Santa Cruz vía YoViajo/geodatos"},"geometry":{"type":"Polygon","coordinates":[[[-63.174095,-17.792372],[-63.174326,-17.792748],[-63.174462,-17.793077],[-63.17454,-17.793377],[-63.174584,-17.793772],[-63.174553,-17.794234],[-63.174272,-17.79581],[-63.174271,-17.796313],[-63.174343,-17.796645],[-63.174425,-17.796863],[-63.174532,-17.79707],[-63.174737,-17.797355],[-63.175412,-17.798074],[-63.180294,-17.799414],[-63.18136,-17.792427],[-63.173354,-17.791152],[-63.172869,-17.79102],[-63.172529,-17.790859],[-63.173443,-17.791703],[-63.174095,-17.792372]]]}},{"type":"Feature","properties":{"id":"scz-uv-1-53-5303","nombre":"UV 53","nivel":"uv","municipio":"Santa Cruz de la Sierra","provincia":"Andrés Ibáñez","departamento":"Santa Cruz","distrito":"1","uv":"53","fuente":"GAM Santa Cruz vía YoViajo/geodatos"},"geometry":{"type":"Polygon","coordinates":[[[-63.205533,-17.795048],[-63.216054,-17.797415],[-63.216327,-17.796146],[-63.216565,-17.794504],[-63.216642,-17.793454],[-63.216661,-17.791795],[-63.206626,-17.790297],[-63.206535,-17.791047],[-63.206313,-17.792051],[-63.205533,-17.795048]]]}},{"type":"Feature","properties":{"id":"scz-uv-4-29-5304","nombre":"UV 29","nivel":"uv","municipio":"Santa Cruz de la Sierra","provincia":"Andrés Ibáñez","departamento":"Santa Cruz","distrito":"4","uv":"29","fuente":"GAM Santa Cruz vía YoViajo/geodatos"},"geometry":{"type":"Polygon","coordinates":[[[-63.192674,-17.798091],[-63.199241,-17.803913],[-63.200111,-17.802838],[-63.200649,-17.802096],[-63.201153,-17.801332],[-63.20162,-17.800548],[-63.202051,-17.799744],[-63.202571,-17.798652],[-63.202801,-17.798086],[-63.204156,-17.79427],[-63.194514,-17.790107],[-63.194044,-17.795104],[-63.193923,-17.795888],[-63.193744,-17.796468],[-63.193467,-17.797039],[-63.193049,-17.797662],[-63.192674,-17.798091]]]}},{"type":"Feature","properties":{"id":"scz-uv-1-ET15-5305","nombre":"UV ET15","nivel":"uv","municipio":"Santa Cruz de la Sierra","provincia":"Andrés Ibáñez","departamento":"Santa Cruz","distrito":"1","uv":"ET15","fuente":"GAM Santa Cruz vía YoViajo/geodatos"},"geometry":{"type":"Polygon","coordinates":[[[-63.204156,-17.79427],[-63.205533,-17.795048],[-63.206313,-17.792051],[-63.206535,-17.791047],[-63.206626,-17.790297],[-63.204913,-17.790032],[-63.204804,-17.79131],[-63.204648,-17.792429],[-63.20454,-17.792982],[-63.204156,-17.79427]]]}},{"type":"Feature","properties":{"id":"scz-uv-7-81-5306","nombre":"UV 81","nivel":"uv","municipio":"Santa Cruz de la Sierra","provincia":"Andrés Ibáñez","departamento":"Santa Cruz","distrito":"7","uv":"81","fuente":"GAM Santa Cruz vía YoViajo/geodatos"},"geometry":{"type":"Polygon","coordinates":[[[-63.139258,-17.791299],[-63.139594,-17.794743],[-63.140236,-17.80103],[-63.142278,-17.80054],[-63.144101,-17.791274],[-63.144094,-17.791179],[-63.144001,-17.79081],[-63.143865,-17.790557],[-63.143606,-17.79027],[-63.143277,-17.790059],[-63.142471,-17.790247],[-63.141578,-17.790614],[-63.140952,-17.791157],[-63.139258,-17.791299]]]}},{"type":"Feature","properties":{"id":"scz-uv-7-282-5307","nombre":"UV 282","nivel":"uv","municipio":"Santa Cruz de la Sierra","provincia":"Andrés Ibáñez","departamento":"Santa Cruz","distrito":"7","uv":"282","fuente":"GAM Santa Cruz vía YoViajo/geodatos"},"geometry":{"type":"Polygon","coordinates":[[[-63.046408,-17.790556],[-63.047193,-17.797119],[-63.047792,-17.806101],[-63.051853,-17.805394],[-63.051515,-17.799497],[-63.051285,-17.789954],[-63.047875,-17.790316],[-63.046408,-17.790556]]]}},{"type":"Feature","properties":{"id":"scz-uv-3-43B-5308","nombre":"UV 43B","nivel":"uv","municipio":"Santa Cruz de la Sierra","provincia":"Andrés Ibáñez","departamento":"Santa Cruz","distrito":"3","uv":"43B","fuente":"GAM Santa Cruz vía YoViajo/geodatos"},"geometry":{"type":"Polygon","coordinates":[[[-63.148695,-17.793842],[-63.148926,-17.794894],[-63.149279,-17.796272],[-63.149722,-17.797776],[-63.149993,-17.798555],[-63.157168,-17.795607],[-63.157648,-17.795354],[-63.158326,-17.795096],[-63.159179,-17.794911],[-63.160243,-17.794747],[-63.161037,-17.794663],[-63.161703,-17.794689],[-63.16224,-17.794784],[-63.162395,-17.79416],[-63.160638,-17.793514],[-63.159381,-17.793794],[-63.158511,-17.793015],[-63.15626,-17.792126],[-63.148213,-17.789126],[-63.148466,-17.792595],[-63.148695,-17.793842]]]}},{"type":"Feature","properties":{"id":"scz-uv-7-276-5320","nombre":"UV 276","nivel":"uv","municipio":"Santa Cruz de la Sierra","provincia":"Andrés Ibáñez","departamento":"Santa Cruz","distrito":"7","uv":"276","fuente":"GAM Santa Cruz vía YoViajo/geodatos"},"geometry":{"type":"Polygon","coordinates":[[[-63.087062,-17.787796],[-63.079973,-17.799052],[-63.085333,-17.801851],[-63.088932,-17.803282],[-63.089255,-17.799413],[-63.091878,-17.795167],[-63.094514,-17.791011],[-63.097063,-17.788896],[-63.097648,-17.78827],[-63.098074,-17.787616],[-63.098331,-17.786953],[-63.098463,-17.786214],[-63.098103,-17.786283],[-63.095761,-17.786327],[-63.09251,-17.785638],[-63.09241,-17.786217],[-63.092102,-17.787428],[-63.09128,-17.78847],[-63.090428,-17.788935],[-63.089311,-17.78909],[-63.087929,-17.788626],[-63.087062,-17.787796]]]}},{"type":"Feature","properties":{"id":"scz-uv-3-80-5309","nombre":"UV 80","nivel":"uv","municipio":"Santa Cruz de la Sierra","provincia":"Andrés Ibáñez","departamento":"Santa Cruz","distrito":"3","uv":"80","fuente":"GAM Santa Cruz vía YoViajo/geodatos"},"geometry":{"type":"Polygon","coordinates":[[[-63.144101,-17.791274],[-63.142835,-17.797788],[-63.142278,-17.80054],[-63.143414,-17.80022],[-63.149993,-17.798555],[-63.149722,-17.797776],[-63.1491,-17.795606],[-63.148695,-17.793842],[-63.148549,-17.79308],[-63.148466,-17.792595],[-63.148213,-17.789126],[-63.147468,-17.789198],[-63.146731,-17.789329],[-63.146008,-17.789515],[-63.145304,-17.789758],[-63.144832,-17.790144],[-63.144532,-17.790485],[-63.144287,-17.790865],[-63.144101,-17.791274]]]}},{"type":"Feature","properties":{"id":"scz-uv-7-283-5310","nombre":"UV 283","nivel":"uv","municipio":"Santa Cruz de la Sierra","provincia":"Andrés Ibáñez","departamento":"Santa Cruz","distrito":"7","uv":"283","fuente":"GAM Santa Cruz vía YoViajo/geodatos"},"geometry":{"type":"Polygon","coordinates":[[[-63.051285,-17.789954],[-63.051515,-17.799497],[-63.051853,-17.805394],[-63.059634,-17.804017],[-63.06105,-17.803574],[-63.061344,-17.803333],[-63.061456,-17.803303],[-63.061629,-17.803309],[-63.061789,-17.803373],[-63.061916,-17.803486],[-63.062005,-17.803689],[-63.062452,-17.802492],[-63.062378,-17.802349],[-63.06578,-17.791321],[-63.060713,-17.788608],[-63.060638,-17.788803],[-63.060479,-17.789074],[-63.06019,-17.789382],[-63.059731,-17.789654],[-63.059315,-17.789765],[-63.051285,-17.789954]]]}},{"type":"Feature","properties":{"id":"scz-uv-11-10-5311","nombre":"UV 10","nivel":"uv","municipio":"Santa Cruz de la Sierra","provincia":"Andrés Ibáñez","departamento":"Santa Cruz","distrito":"11","uv":"10","fuente":"GAM Santa Cruz vía YoViajo/geodatos"},"geometry":{"type":"Polygon","coordinates":[[[-63.186968,-17.793091],[-63.192668,-17.798093],[-63.193043,-17.797664],[-63.193461,-17.797041],[-63.193737,-17.79647],[-63.193917,-17.79589],[-63.194038,-17.795106],[-63.19452,-17.790075],[-63.190609,-17.789622],[-63.189699,-17.789069],[-63.187885,-17.788476],[-63.187543,-17.789385],[-63.187388,-17.789998],[-63.186968,-17.793091]]]}},{"type":"Feature","properties":{"id":"scz-uv-3-23-5312","nombre":"UV 23","nivel":"uv","municipio":"Santa Cruz de la Sierra","provincia":"Andrés Ibáñez","departamento":"Santa Cruz","distrito":"3","uv":"23","fuente":"GAM Santa Cruz vía YoViajo/geodatos"},"geometry":{"type":"Polygon","coordinates":[[[-63.162726,-17.792828],[-63.16224,-17.794784],[-63.162783,-17.794911],[-63.163595,-17.795035],[-63.164471,-17.795077],[-63.1663,-17.794958],[-63.165748,-17.791743],[-63.165538,-17.791007],[-63.164633,-17.788534],[-63.164478,-17.787952],[-63.164358,-17.78723],[-63.163919,-17.787525],[-63.163685,-17.787619],[-63.163435,-17.787655],[-63.162924,-17.787656],[-63.162629,-17.787525],[-63.162196,-17.787112],[-63.161889,-17.78687],[-63.16202,-17.787112],[-63.162098,-17.787468],[-63.162078,-17.78774],[-63.161998,-17.788057],[-63.162005,-17.788293],[-63.162703,-17.790981],[-63.162788,-17.791415],[-63.162845,-17.792075],[-63.162726,-17.792828]]]}},{"type":"Feature","properties":{"id":"scz-uv-7-82-5313","nombre":"UV 82","nivel":"uv","municipio":"Santa Cruz de la Sierra","provincia":"Andrés Ibáñez","departamento":"Santa Cruz","distrito":"7","uv":"82","fuente":"GAM Santa Cruz vía YoViajo/geodatos"},"geometry":{"type":"Polygon","coordinates":[[[-63.134386,-17.791759],[-63.140952,-17.791157],[-63.141578,-17.790614],[-63.142471,-17.790247],[-63.143277,-17.790059],[-63.142325,-17.789695],[-63.142294,-17.789773],[-63.141962,-17.789653],[-63.133839,-17.786634],[-63.134386,-17.791759]]]}},{"type":"Feature","properties":{"id":"scz-uv-1-112A-5314","nombre":"UV 112A","nivel":"uv","municipio":"Santa Cruz de la Sierra","provincia":"Andrés Ibáñez","departamento":"Santa Cruz","distrito":"1","uv":"112A","fuente":"GAM Santa Cruz vía YoViajo/geodatos"},"geometry":{"type":"Polygon","coordinates":[[[-63.224531,-17.788772],[-63.224589,-17.793893],[-63.224681,-17.795257],[-63.22493,-17.797069],[-63.225189,-17.798164],[-63.226351,-17.801953],[-63.227278,-17.801665],[-63.22765,-17.801442],[-63.227941,-17.801401],[-63.228656,-17.801557],[-63.229107,-17.801588],[-63.229752,-17.801703],[-63.23175,-17.801955],[-63.231678,-17.800807],[-63.230917,-17.800389],[-63.226724,-17.79591],[-63.226056,-17.791859],[-63.224952,-17.788646],[-63.223617,-17.786254],[-63.223837,-17.786765],[-63.224531,-17.788772]]]}},{"type":"Feature","properties":{"id":"scz-uv-7-85-5315","nombre":"UV 85","nivel":"uv","municipio":"Santa Cruz de la Sierra","provincia":"Andrés Ibáñez","departamento":"Santa Cruz","distrito":"7","uv":"85","fuente":"GAM Santa Cruz vía YoViajo/geodatos"},"geometry":{"type":"Polygon","coordinates":[[[-63.108072,-17.786726],[-63.108464,-17.792949],[-63.112617,-17.792814],[-63.113932,-17.792845],[-63.11646,-17.792756],[-63.116196,-17.787937],[-63.116191,-17.787169],[-63.116144,-17.786334],[-63.108072,-17.786726]]]}},{"type":"Feature","properties":{"id":"scz-uv-7-ET34-5316","nombre":"UV ET34","nivel":"uv","municipio":"Santa Cruz de la Sierra","provincia":"Andrés Ibáñez","departamento":"Santa Cruz","distrito":"7","uv":"ET34","fuente":"GAM Santa Cruz vía YoViajo/geodatos"},"geometry":{"type":"Polygon","coordinates":[[[-63.116144,-17.786334],[-63.116191,-17.787169],[-63.116196,-17.787937],[-63.11646,-17.792756],[-63.118147,-17.792633],[-63.117817,-17.786253],[-63.116144,-17.786334]]]}},{"type":"Feature","properties":{"id":"scz-uv-7-231-5317","nombre":"UV 231","nivel":"uv","municipio":"Santa Cruz de la Sierra","provincia":"Andrés Ibáñez","departamento":"Santa Cruz","distrito":"7","uv":"231","fuente":"GAM Santa Cruz vía YoViajo/geodatos"},"geometry":{"type":"Polygon","coordinates":[[[-63.092836,-17.79366],[-63.098235,-17.793586],[-63.09894,-17.793394],[-63.098929,-17.793259],[-63.098313,-17.790947],[-63.098463,-17.786214],[-63.098331,-17.786953],[-63.098074,-17.787616],[-63.097648,-17.78827],[-63.097063,-17.788896],[-63.094514,-17.791011],[-63.092836,-17.79366]]]}},{"type":"Feature","properties":{"id":"scz-uv-7-84-5321","nombre":"UV 84","nivel":"uv","municipio":"Santa Cruz de la Sierra","provincia":"Andrés Ibáñez","departamento":"Santa Cruz","distrito":"7","uv":"84","fuente":"GAM Santa Cruz vía YoViajo/geodatos"},"geometry":{"type":"Polygon","coordinates":[[[-63.117817,-17.786253],[-63.118147,-17.792633],[-63.126815,-17.792336],[-63.12744,-17.785514],[-63.120846,-17.786105],[-63.117817,-17.786253]]]}},{"type":"Feature","properties":{"id":"scz-uv-1-54-5322","nombre":"UV 54","nivel":"uv","municipio":"Santa Cruz de la Sierra","provincia":"Andrés Ibáñez","departamento":"Santa Cruz","distrito":"1","uv":"54","fuente":"GAM Santa Cruz vía YoViajo/geodatos"},"geometry":{"type":"Polygon","coordinates":[[[-63.206626,-17.790297],[-63.216661,-17.791795],[-63.216641,-17.785916],[-63.206386,-17.785421],[-63.206584,-17.78745],[-63.20666,-17.789396],[-63.206626,-17.790297]]]}},{"type":"Feature","properties":{"id":"scz-uv-1-ET16-5323","nombre":"UV ET16","nivel":"uv","municipio":"Santa Cruz de la Sierra","provincia":"Andrés Ibáñez","departamento":"Santa Cruz","distrito":"1","uv":"ET16","fuente":"GAM Santa Cruz vía YoViajo/geodatos"},"geometry":{"type":"Polygon","coordinates":[[[-63.204913,-17.790032],[-63.206626,-17.790297],[-63.20666,-17.789396],[-63.206584,-17.78745],[-63.206386,-17.785421],[-63.204628,-17.785332],[-63.20479,-17.786829],[-63.204891,-17.788147],[-63.204925,-17.789278],[-63.204913,-17.790032]]]}},{"type":"Feature","properties":{"id":"scz-uv-11-5-5324","nombre":"UV 5","nivel":"uv","municipio":"Santa Cruz de la Sierra","provincia":"Andrés Ibáñez","departamento":"Santa Cruz","distrito":"11","uv":"5","fuente":"GAM Santa Cruz vía YoViajo/geodatos"},"geometry":{"type":"Polygon","coordinates":[[[-63.164358,-17.78723],[-63.164478,-17.787952],[-63.164633,-17.788534],[-63.165441,-17.790734],[-63.165683,-17.791489],[-63.165801,-17.792004],[-63.166071,-17.793601],[-63.174095,-17.792372],[-63.17299,-17.791279],[-63.172529,-17.790859],[-63.172207,-17.790643],[-63.171948,-17.7904],[-63.171633,-17.789947],[-63.171451,-17.789532],[-63.171356,-17.789091],[-63.171355,-17.788599],[-63.171818,-17.78553],[-63.170453,-17.785052],[-63.170252,-17.785035],[-63.170022,-17.785063],[-63.169716,-17.785187],[-63.168527,-17.785945],[-63.167579,-17.786394],[-63.164358,-17.78723]]]}},{"type":"Feature","properties":{"id":"scz-uv-3-ED-5325","nombre":"UV ED","nivel":"uv","municipio":"Santa Cruz de la Sierra","provincia":"Andrés Ibáñez","departamento":"Santa Cruz","distrito":"3","uv":"ED","fuente":"GAM Santa Cruz vía YoViajo/geodatos"},"geometry":{"type":"Polygon","coordinates":[[[-63.158511,-17.793015],[-63.159381,-17.793794],[-63.160638,-17.793514],[-63.162395,-17.79416],[-63.162726,-17.792828],[-63.162845,-17.792075],[-63.162738,-17.791124],[-63.162005,-17.788293],[-63.161998,-17.788057],[-63.162098,-17.787559],[-63.162074,-17.787287],[-63.16194,-17.786948],[-63.161765,-17.786727],[-63.160979,-17.785957],[-63.160507,-17.785557],[-63.160014,-17.785259],[-63.159502,-17.78505],[-63.159024,-17.784939],[-63.158505,-17.784902],[-63.158092,-17.784931],[-63.157687,-17.785013],[-63.15675,-17.785361],[-63.156276,-17.785454],[-63.147986,-17.78575],[-63.148213,-17.789126],[-63.15626,-17.792126],[-63.158511,-17.793015]]]}},{"type":"Feature","properties":{"id":"scz-uv-1-30-5326","nombre":"UV 30","nivel":"uv","municipio":"Santa Cruz de la Sierra","provincia":"Andrés Ibáñez","departamento":"Santa Cruz","distrito":"1","uv":"30","fuente":"GAM Santa Cruz vía YoViajo/geodatos"},"geometry":{"type":"Polygon","coordinates":[[[-63.194514,-17.790107],[-63.204156,-17.79427],[-63.20454,-17.792982],[-63.204648,-17.792429],[-63.204804,-17.79131],[-63.204913,-17.790032],[-63.204925,-17.789278],[-63.204891,-17.788147],[-63.20479,-17.786829],[-63.204628,-17.785332],[-63.194983,-17.78489],[-63.194514,-17.790107]]]}},{"type":"Feature","properties":{"id":"scz-uv-11-11-5328","nombre":"UV 11","nivel":"uv","municipio":"Santa Cruz de la Sierra","provincia":"Andrés Ibáñez","departamento":"Santa Cruz","distrito":"11","uv":"11","fuente":"GAM Santa Cruz vía YoViajo/geodatos"},"geometry":{"type":"Polygon","coordinates":[[[-63.187885,-17.788476],[-63.189699,-17.789069],[-63.190609,-17.789622],[-63.19452,-17.790075],[-63.194976,-17.784892],[-63.192254,-17.784701],[-63.188884,-17.784401],[-63.188876,-17.785315],[-63.18874,-17.786162],[-63.188543,-17.786771],[-63.187885,-17.788476]]]}},{"type":"Feature","properties":{"id":"scz-uv-7-83-5329","nombre":"UV 83","nivel":"uv","municipio":"Santa Cruz de la Sierra","provincia":"Andrés Ibáñez","departamento":"Santa Cruz","distrito":"7","uv":"83","fuente":"GAM Santa Cruz vía YoViajo/geodatos"},"geometry":{"type":"Polygon","coordinates":[[[-63.127561,-17.784303],[-63.126815,-17.792336],[-63.131645,-17.792012],[-63.134386,-17.791759],[-63.133839,-17.786634],[-63.127561,-17.784303]]]}},{"type":"Feature","properties":{"id":"scz-uv-7-280-5330","nombre":"UV 280","nivel":"uv","municipio":"Santa Cruz de la Sierra","provincia":"Andrés Ibáñez","departamento":"Santa Cruz","distrito":"7","uv":"280","fuente":"GAM Santa Cruz vía YoViajo/geodatos"},"geometry":{"type":"Polygon","coordinates":[[[-63.051285,-17.789954],[-63.059315,-17.789765],[-63.059731,-17.789654],[-63.06019,-17.789382],[-63.060479,-17.789074],[-63.060638,-17.788803],[-63.060713,-17.788608],[-63.052475,-17.784197],[-63.052118,-17.784796],[-63.051819,-17.785424],[-63.051581,-17.786075],[-63.051404,-17.786743],[-63.051291,-17.787425],[-63.051242,-17.788113],[-63.051285,-17.789954]]]}},{"type":"Feature","properties":{"id":"scz-uv-11-CIV-5331","nombre":"UV CIV","nivel":"uv","municipio":"Santa Cruz de la Sierra","provincia":"Andrés Ibáñez","departamento":"Santa Cruz","distrito":"11","uv":"CIV","fuente":"GAM Santa Cruz vía YoViajo/geodatos"},"geometry":{"type":"Polygon","coordinates":[[[-63.180473,-17.79228],[-63.182595,-17.792645],[-63.186931,-17.793317],[-63.187416,-17.789891],[-63.187549,-17.789383],[-63.188702,-17.786327],[-63.188868,-17.78548],[-63.18889,-17.784399],[-63.187098,-17.784149],[-63.181527,-17.783742],[-63.181083,-17.787866],[-63.180764,-17.789859],[-63.180665,-17.791005],[-63.180473,-17.79228]]]}},{"type":"Feature","properties":{"id":"scz-uv-7-274-5332","nombre":"UV 274","nivel":"uv","municipio":"Santa Cruz de la Sierra","provincia":"Andrés Ibáñez","departamento":"Santa Cruz","distrito":"7","uv":"274","fuente":"GAM Santa Cruz vía YoViajo/geodatos"},"geometry":{"type":"Polygon","coordinates":[[[-63.072723,-17.795038],[-63.079973,-17.799052],[-63.087062,-17.787796],[-63.081079,-17.783477],[-63.079977,-17.783069],[-63.078919,-17.78307],[-63.077729,-17.783295],[-63.076642,-17.784239],[-63.075056,-17.786759],[-63.074499,-17.788533],[-63.074456,-17.791588],[-63.072723,-17.795038]]]}},{"type":"Feature","properties":{"id":"scz-uv-11-CIII-5333","nombre":"UV CIII","nivel":"uv","municipio":"Santa Cruz de la Sierra","provincia":"Andrés Ibáñez","departamento":"Santa Cruz","distrito":"11","uv":"CIII","fuente":"GAM Santa Cruz vía YoViajo/geodatos"},"geometry":{"type":"Polygon","coordinates":[[[-63.172194,-17.782963],[-63.171484,-17.787612],[-63.171355,-17.788599],[-63.171348,-17.789009],[-63.171433,-17.789473],[-63.171603,-17.789893],[-63.171852,-17.790286],[-63.172207,-17.790643],[-63.172753,-17.790972],[-63.17323,-17.791128],[-63.180473,-17.79228],[-63.180665,-17.791005],[-63.180764,-17.789859],[-63.181083,-17.787866],[-63.181527,-17.783742],[-63.177114,-17.783443],[-63.173463,-17.783108],[-63.172194,-17.782963]]]}},{"type":"Feature","properties":{"id":"scz-uv-11-4-5335","nombre":"UV 4","nivel":"uv","municipio":"Santa Cruz de la Sierra","provincia":"Andrés Ibáñez","departamento":"Santa Cruz","distrito":"11","uv":"4","fuente":"GAM Santa Cruz vía YoViajo/geodatos"},"geometry":{"type":"Polygon","coordinates":[[[-63.164358,-17.78723],[-63.167579,-17.786394],[-63.168527,-17.785945],[-63.169716,-17.785187],[-63.170022,-17.785063],[-63.170252,-17.785035],[-63.170453,-17.785052],[-63.171818,-17.78553],[-63.172194,-17.782963],[-63.164576,-17.782226],[-63.164328,-17.785994],[-63.164312,-17.786487],[-63.164358,-17.78723]]]}},{"type":"Feature","properties":{"id":"scz-uv-2-22-5336","nombre":"UV 22","nivel":"uv","municipio":"Santa Cruz de la Sierra","provincia":"Andrés Ibáñez","departamento":"Santa Cruz","distrito":"2","uv":"22","fuente":"GAM Santa Cruz vía YoViajo/geodatos"},"geometry":{"type":"Polygon","coordinates":[[[-63.152718,-17.785583],[-63.156276,-17.785454],[-63.15675,-17.785361],[-63.157449,-17.785084],[-63.157956,-17.784953],[-63.158367,-17.784906],[-63.158919,-17.784925],[-63.158326,-17.784753],[-63.157582,-17.784475],[-63.156751,-17.784045],[-63.156112,-17.783636],[-63.155361,-17.783045],[-63.155047,-17.782698],[-63.154921,-17.782514],[-63.154695,-17.781795],[-63.152718,-17.785583]]]}},{"type":"Feature","properties":{"id":"scz-uv-2-21-5337","nombre":"UV 21","nivel":"uv","municipio":"Santa Cruz de la Sierra","provincia":"Andrés Ibáñez","departamento":"Santa Cruz","distrito":"2","uv":"21","fuente":"GAM Santa Cruz vía YoViajo/geodatos"},"geometry":{"type":"Polygon","coordinates":[[[-63.154695,-17.781795],[-63.154921,-17.782514],[-63.155047,-17.782698],[-63.155361,-17.783045],[-63.156112,-17.783636],[-63.156751,-17.784045],[-63.157582,-17.784475],[-63.158522,-17.784814],[-63.159502,-17.78505],[-63.160136,-17.785324],[-63.160743,-17.785742],[-63.161501,-17.786453],[-63.161889,-17.78687],[-63.162739,-17.787595],[-63.162989,-17.787665],[-63.163603,-17.787637],[-63.163919,-17.787525],[-63.164358,-17.78723],[-63.164312,-17.786487],[-63.164328,-17.785994],[-63.164576,-17.782226],[-63.154701,-17.781322],[-63.154695,-17.781795]]]}},{"type":"Feature","properties":{"id":"scz-uv-7-281-5338","nombre":"UV 281","nivel":"uv","municipio":"Santa Cruz de la Sierra","provincia":"Andrés Ibáñez","departamento":"Santa Cruz","distrito":"7","uv":"281","fuente":"GAM Santa Cruz vía YoViajo/geodatos"},"geometry":{"type":"Polygon","coordinates":[[[-63.046408,-17.790556],[-63.047875,-17.790316],[-63.051285,-17.789954],[-63.051242,-17.788113],[-63.051291,-17.787425],[-63.051404,-17.786743],[-63.051581,-17.786075],[-63.051819,-17.785424],[-63.052118,-17.784796],[-63.052475,-17.784197],[-63.046876,-17.781199],[-63.046184,-17.782443],[-63.04597,-17.782918],[-63.045773,-17.783581],[-63.045683,-17.784265],[-63.045701,-17.784954],[-63.046408,-17.790556]]]}},{"type":"Feature","properties":{"id":"scz-uv-7-84B-5339","nombre":"UV 84B","nivel":"uv","municipio":"Santa Cruz de la Sierra","provincia":"Andrés Ibáñez","departamento":"Santa Cruz","distrito":"7","uv":"84B","fuente":"GAM Santa Cruz vía YoViajo/geodatos"},"geometry":{"type":"Polygon","coordinates":[[[-63.117817,-17.786253],[-63.120846,-17.786105],[-63.12744,-17.785514],[-63.127561,-17.784303],[-63.125137,-17.783406],[-63.120602,-17.781497],[-63.118609,-17.780977],[-63.117817,-17.786253]]]}},{"type":"Feature","properties":{"id":"scz-uv-7-275-5340","nombre":"UV 275","nivel":"uv","municipio":"Santa Cruz de la Sierra","provincia":"Andrés Ibáñez","departamento":"Santa Cruz","distrito":"7","uv":"275","fuente":"GAM Santa Cruz vía YoViajo/geodatos"},"geometry":{"type":"Polygon","coordinates":[[[-63.081079,-17.783477],[-63.087062,-17.787796],[-63.087929,-17.788626],[-63.089311,-17.78909],[-63.090428,-17.788935],[-63.09128,-17.78847],[-63.092102,-17.787428],[-63.09241,-17.786217],[-63.093186,-17.78174],[-63.090013,-17.781727],[-63.08722,-17.781377],[-63.082474,-17.780562],[-63.081079,-17.783477]]]}},{"type":"Feature","properties":{"id":"scz-uv-7-ET33-5341","nombre":"UV ET33","nivel":"uv","municipio":"Santa Cruz de la Sierra","provincia":"Andrés Ibáñez","departamento":"Santa Cruz","distrito":"7","uv":"ET33","fuente":"GAM Santa Cruz vía YoViajo/geodatos"},"geometry":{"type":"Polygon","coordinates":[[[-63.116144,-17.786334],[-63.117817,-17.786253],[-63.118609,-17.780977],[-63.116991,-17.78038],[-63.116612,-17.782821],[-63.116428,-17.784412],[-63.116144,-17.786334]]]}},{"type":"Feature","properties":{"id":"scz-uv-2-43-5342","nombre":"UV 43","nivel":"uv","municipio":"Santa Cruz de la Sierra","provincia":"Andrés Ibáñez","departamento":"Santa Cruz","distrito":"2","uv":"43","fuente":"GAM Santa Cruz vía YoViajo/geodatos"},"geometry":{"type":"Polygon","coordinates":[[[-63.147986,-17.78575],[-63.152718,-17.785583],[-63.154695,-17.781795],[-63.154701,-17.781322],[-63.151106,-17.780885],[-63.150451,-17.780777],[-63.14994,-17.780648],[-63.149175,-17.780402],[-63.147398,-17.779758],[-63.147728,-17.782173],[-63.147986,-17.78575]]]}},{"type":"Feature","properties":{"id":"scz-uv-11-12-5343","nombre":"UV 12","nivel":"uv","municipio":"Santa Cruz de la Sierra","provincia":"Andrés Ibáñez","departamento":"Santa Cruz","distrito":"11","uv":"12","fuente":"GAM Santa Cruz vía YoViajo/geodatos"},"geometry":{"type":"Polygon","coordinates":[[[-63.188829,-17.780255],[-63.188901,-17.781238],[-63.18889,-17.784399],[-63.192261,-17.784699],[-63.194983,-17.78489],[-63.195002,-17.784301],[-63.194913,-17.783576],[-63.193683,-17.779367],[-63.188829,-17.780255]]]}},{"type":"Feature","properties":{"id":"scz-uv-6-140B-5344","nombre":"UV 140B","nivel":"uv","municipio":"Santa Cruz de la Sierra","provincia":"Andrés Ibáñez","departamento":"Santa Cruz","distrito":"6","uv":"140B","fuente":"GAM Santa Cruz vía YoViajo/geodatos"},"geometry":{"type":"Polygon","coordinates":[[[-63.118609,-17.780977],[-63.120602,-17.781497],[-63.124666,-17.7832],[-63.125573,-17.781011],[-63.119115,-17.778607],[-63.118609,-17.780977]]]}},{"type":"Feature","properties":{"id":"scz-uv-1-31-5345","nombre":"UV 31","nivel":"uv","municipio":"Santa Cruz de la Sierra","provincia":"Andrés Ibáñez","departamento":"Santa Cruz","distrito":"1","uv":"31","fuente":"GAM Santa Cruz vía YoViajo/geodatos"},"geometry":{"type":"Polygon","coordinates":[[[-63.193683,-17.779367],[-63.194913,-17.783576],[-63.195002,-17.784301],[-63.194983,-17.78489],[-63.204628,-17.785332],[-63.204523,-17.784186],[-63.203937,-17.779774],[-63.20357,-17.777627],[-63.194841,-17.779142],[-63.193683,-17.779367]]]}},{"type":"Feature","properties":{"id":"scz-uv-1-55-5346","nombre":"UV 55","nivel":"uv","municipio":"Santa Cruz de la Sierra","provincia":"Andrés Ibáñez","departamento":"Santa Cruz","distrito":"1","uv":"55","fuente":"GAM Santa Cruz vía YoViajo/geodatos"},"geometry":{"type":"Polygon","coordinates":[[[-63.206386,-17.785421],[-63.216641,-17.785916],[-63.216468,-17.779178],[-63.216416,-17.778551],[-63.216299,-17.77782],[-63.2072,-17.777569],[-63.205158,-17.777566],[-63.205455,-17.780197],[-63.206386,-17.785421]]]}},{"type":"Feature","properties":{"id":"scz-uv-1-ET17-5347","nombre":"UV ET17","nivel":"uv","municipio":"Santa Cruz de la Sierra","provincia":"Andrés Ibáñez","departamento":"Santa Cruz","distrito":"1","uv":"ET17","fuente":"GAM Santa Cruz vía YoViajo/geodatos"},"geometry":{"type":"Polygon","coordinates":[[[-63.203559,-17.777559],[-63.203937,-17.779774],[-63.204523,-17.784186],[-63.204628,-17.785332],[-63.206386,-17.785421],[-63.205455,-17.780197],[-63.205158,-17.777566],[-63.203559,-17.777559]]]}},{"type":"Feature","properties":{"id":"scz-uv-5-ET96-5517","nombre":"UV ET96","nivel":"uv","municipio":"Santa Cruz de la Sierra","provincia":"Andrés Ibáñez","departamento":"Santa Cruz","distrito":"5","uv":"ET96","fuente":"GAM Santa Cruz vía YoViajo/geodatos"},"geometry":{"type":"Polygon","coordinates":[[[-63.150941,-17.709746],[-63.150795,-17.710994],[-63.151536,-17.711061],[-63.152163,-17.711228],[-63.156216,-17.711308],[-63.158068,-17.711562],[-63.158362,-17.71184],[-63.160511,-17.712164],[-63.159791,-17.709389],[-63.15779,-17.70951],[-63.157737,-17.709332],[-63.150941,-17.709746]]]}},{"type":"Feature","properties":{"id":"scz-uv-7-85B-5348","nombre":"UV 85B","nivel":"uv","municipio":"Santa Cruz de la Sierra","provincia":"Andrés Ibáñez","departamento":"Santa Cruz","distrito":"7","uv":"85B","fuente":"GAM Santa Cruz vía YoViajo/geodatos"},"geometry":{"type":"Polygon","coordinates":[[[-63.107771,-17.781726],[-63.108072,-17.786726],[-63.116144,-17.786334],[-63.116428,-17.784412],[-63.116612,-17.782821],[-63.116991,-17.78038],[-63.11364,-17.779123],[-63.111581,-17.778279],[-63.107544,-17.776774],[-63.107736,-17.780461],[-63.107771,-17.781726]]]}},{"type":"Feature","properties":{"id":"scz-uv-2-20-5349","nombre":"UV 20","nivel":"uv","municipio":"Santa Cruz de la Sierra","provincia":"Andrés Ibáñez","departamento":"Santa Cruz","distrito":"2","uv":"20","fuente":"GAM Santa Cruz vía YoViajo/geodatos"},"geometry":{"type":"Polygon","coordinates":[[[-63.154701,-17.781322],[-63.164576,-17.782226],[-63.164738,-17.780023],[-63.16485,-17.779165],[-63.165033,-17.778263],[-63.159686,-17.777291],[-63.154995,-17.776501],[-63.154802,-17.777864],[-63.154752,-17.778491],[-63.154685,-17.779722],[-63.154701,-17.781322]]]}},{"type":"Feature","properties":{"id":"scz-uv-7-272-5350","nombre":"UV 272","nivel":"uv","municipio":"Santa Cruz de la Sierra","provincia":"Andrés Ibáñez","departamento":"Santa Cruz","distrito":"7","uv":"272","fuente":"GAM Santa Cruz vía YoViajo/geodatos"},"geometry":{"type":"Polygon","coordinates":[[[-63.048497,-17.776703],[-63.047501,-17.781534],[-63.060968,-17.788745],[-63.059744,-17.776452],[-63.054765,-17.776765],[-63.053903,-17.777401],[-63.048497,-17.776703]]]}},{"type":"Feature","properties":{"id":"scz-uv-2-ET6-5351","nombre":"UV ET6","nivel":"uv","municipio":"Santa Cruz de la Sierra","provincia":"Andrés Ibáñez","departamento":"Santa Cruz","distrito":"2","uv":"ET6","fuente":"GAM Santa Cruz vía YoViajo/geodatos"},"geometry":{"type":"Polygon","coordinates":[[[-63.153108,-17.781128],[-63.154701,-17.781322],[-63.154685,-17.779722],[-63.154752,-17.778491],[-63.154802,-17.777864],[-63.154995,-17.776501],[-63.153451,-17.776282],[-63.153276,-17.777322],[-63.153166,-17.778371],[-63.153088,-17.779848],[-63.153108,-17.781128]]]}},{"type":"Feature","properties":{"id":"scz-uv-2-42-5352","nombre":"UV 42","nivel":"uv","municipio":"Santa Cruz de la Sierra","provincia":"Andrés Ibáñez","departamento":"Santa Cruz","distrito":"2","uv":"42","fuente":"GAM Santa Cruz vía YoViajo/geodatos"},"geometry":{"type":"Polygon","coordinates":[[[-63.147398,-17.779758],[-63.149175,-17.780402],[-63.14994,-17.780648],[-63.150451,-17.780777],[-63.151106,-17.780885],[-63.153108,-17.781128],[-63.153088,-17.779848],[-63.153166,-17.778371],[-63.153276,-17.777322],[-63.153451,-17.776282],[-63.149287,-17.775698],[-63.147097,-17.775618],[-63.147205,-17.777556],[-63.147398,-17.779758]]]}},{"type":"Feature","properties":{"id":"scz-uv-7-263-5353","nombre":"UV 263","nivel":"uv","municipio":"Santa Cruz de la Sierra","provincia":"Andrés Ibáñez","departamento":"Santa Cruz","distrito":"7","uv":"263","fuente":"GAM Santa Cruz vía YoViajo/geodatos"},"geometry":{"type":"Polygon","coordinates":[[[-63.093186,-17.78174],[-63.09251,-17.785638],[-63.095761,-17.786327],[-63.098103,-17.786283],[-63.098463,-17.786214],[-63.098595,-17.781517],[-63.098668,-17.776643],[-63.094932,-17.775249],[-63.093186,-17.78174]]]}},{"type":"Feature","properties":{"id":"scz-uv-7-264-5354","nombre":"UV 264","nivel":"uv","municipio":"Santa Cruz de la Sierra","provincia":"Andrés Ibáñez","departamento":"Santa Cruz","distrito":"7","uv":"264","fuente":"GAM Santa Cruz vía YoViajo/geodatos"},"geometry":{"type":"Polygon","coordinates":[[[-63.082474,-17.780562],[-63.08722,-17.781377],[-63.090013,-17.781727],[-63.093186,-17.78174],[-63.094932,-17.775249],[-63.084485,-17.775198],[-63.082474,-17.780562]]]}},{"type":"Feature","properties":{"id":"scz-uv-7-269-5355","nombre":"UV 269","nivel":"uv","municipio":"Santa Cruz de la Sierra","provincia":"Andrés Ibáñez","departamento":"Santa Cruz","distrito":"7","uv":"269","fuente":"GAM Santa Cruz vía YoViajo/geodatos"},"geometry":{"type":"Polygon","coordinates":[[[-63.079533,-17.775327],[-63.077373,-17.77606],[-63.074699,-17.776497],[-63.073201,-17.776385],[-63.073495,-17.777173],[-63.074803,-17.777905],[-63.079168,-17.779832],[-63.082474,-17.780562],[-63.084485,-17.775198],[-63.079533,-17.775327]]]}},{"type":"Feature","properties":{"id":"scz-uv-11-CI-5356","nombre":"UV CI","nivel":"uv","municipio":"Santa Cruz de la Sierra","provincia":"Andrés Ibáñez","departamento":"Santa Cruz","distrito":"11","uv":"CI","fuente":"GAM Santa Cruz vía YoViajo/geodatos"},"geometry":{"type":"Polygon","coordinates":[[[-63.181527,-17.783742],[-63.187098,-17.784149],[-63.18889,-17.784399],[-63.188897,-17.781041],[-63.188829,-17.780255],[-63.188668,-17.779406],[-63.188363,-17.778495],[-63.18797,-17.777756],[-63.187472,-17.777127],[-63.186818,-17.776564],[-63.186381,-17.776285],[-63.185695,-17.77597],[-63.182178,-17.774883],[-63.182089,-17.776194],[-63.18196,-17.777496],[-63.181851,-17.779614],[-63.181527,-17.783742]]]}},{"type":"Feature","properties":{"id":"scz-uv-11-CII-5357","nombre":"UV CII","nivel":"uv","municipio":"Santa Cruz de la Sierra","provincia":"Andrés Ibáñez","departamento":"Santa Cruz","distrito":"11","uv":"CII","fuente":"GAM Santa Cruz vía YoViajo/geodatos"},"geometry":{"type":"Polygon","coordinates":[[[-63.176392,-17.774898],[-63.175481,-17.775199],[-63.17464,-17.775623],[-63.17419,-17.775958],[-63.173825,-17.776316],[-63.173635,-17.776543],[-63.173401,-17.776934],[-63.173219,-17.777338],[-63.173052,-17.777846],[-63.172694,-17.779527],[-63.172194,-17.782963],[-63.173463,-17.783108],[-63.177114,-17.783443],[-63.181527,-17.783742],[-63.181851,-17.779614],[-63.18196,-17.777496],[-63.182089,-17.776194],[-63.182178,-17.774883],[-63.181432,-17.77471],[-63.180822,-17.774621],[-63.178811,-17.774552],[-63.177886,-17.774607],[-63.177403,-17.774673],[-63.176392,-17.774898]]]}},{"type":"Feature","properties":{"id":"scz-uv-1-ET18-5366","nombre":"UV ET18","nivel":"uv","municipio":"Santa Cruz de la Sierra","provincia":"Andrés Ibáñez","departamento":"Santa Cruz","distrito":"1","uv":"ET18","fuente":"GAM Santa Cruz vía YoViajo/geodatos"},"geometry":{"type":"Polygon","coordinates":[[[-63.202629,-17.772234],[-63.203559,-17.777559],[-63.205158,-17.777566],[-63.205093,-17.774727],[-63.204124,-17.772127],[-63.202629,-17.772234]]]}},{"type":"Feature","properties":{"id":"scz-uv-5-212-5541","nombre":"UV 212","nivel":"uv","municipio":"Santa Cruz de la Sierra","provincia":"Andrés Ibáñez","departamento":"Santa Cruz","distrito":"5","uv":"212","fuente":"GAM Santa Cruz vía YoViajo/geodatos"},"geometry":{"type":"Polygon","coordinates":[[[-63.151583,-17.701862],[-63.151594,-17.702399],[-63.15553,-17.702671],[-63.157378,-17.703643],[-63.157666,-17.703674],[-63.156663,-17.701001],[-63.156425,-17.695874],[-63.152242,-17.69558],[-63.151583,-17.701862]]]}},{"type":"Feature","properties":{"id":"scz-uv-6-140-5358","nombre":"UV 140","nivel":"uv","municipio":"Santa Cruz de la Sierra","provincia":"Andrés Ibáñez","departamento":"Santa Cruz","distrito":"6","uv":"140","fuente":"GAM Santa Cruz vía YoViajo/geodatos"},"geometry":{"type":"Polygon","coordinates":[[[-63.126079,-17.779866],[-63.12578,-17.780634],[-63.125573,-17.781011],[-63.124666,-17.7832],[-63.125137,-17.783406],[-63.141962,-17.789653],[-63.142294,-17.789773],[-63.142325,-17.789695],[-63.143222,-17.790032],[-63.143606,-17.79027],[-63.143865,-17.790557],[-63.144034,-17.7909],[-63.144101,-17.791274],[-63.144287,-17.790865],[-63.144532,-17.790485],[-63.144832,-17.790144],[-63.145304,-17.789758],[-63.146008,-17.789515],[-63.146731,-17.789329],[-63.147468,-17.789198],[-63.148213,-17.789126],[-63.147728,-17.782173],[-63.147398,-17.779758],[-63.133085,-17.774408],[-63.130227,-17.781435],[-63.126079,-17.779866]]]}},{"type":"Feature","properties":{"id":"scz-uv-11-3-5359","nombre":"UV 3","nivel":"uv","municipio":"Santa Cruz de la Sierra","provincia":"Andrés Ibáñez","departamento":"Santa Cruz","distrito":"11","uv":"3","fuente":"GAM Santa Cruz vía YoViajo/geodatos"},"geometry":{"type":"Polygon","coordinates":[[[-63.165592,-17.775418],[-63.16485,-17.779165],[-63.164738,-17.780023],[-63.164576,-17.782226],[-63.172194,-17.782963],[-63.172694,-17.779527],[-63.172988,-17.778135],[-63.172139,-17.777841],[-63.171818,-17.777681],[-63.171384,-17.777393],[-63.170314,-17.776313],[-63.169664,-17.776008],[-63.167457,-17.774739],[-63.167103,-17.774608],[-63.165922,-17.774292],[-63.16571,-17.774912],[-63.165592,-17.775418]]]}},{"type":"Feature","properties":{"id":"scz-uv-6-ET50-5360","nombre":"UV ET50","nivel":"uv","municipio":"Santa Cruz de la Sierra","provincia":"Andrés Ibáñez","departamento":"Santa Cruz","distrito":"6","uv":"ET50","fuente":"GAM Santa Cruz vía YoViajo/geodatos"},"geometry":{"type":"Polygon","coordinates":[[[-63.107544,-17.776774],[-63.111581,-17.778279],[-63.11364,-17.779123],[-63.118609,-17.780977],[-63.119115,-17.778607],[-63.107592,-17.774328],[-63.107544,-17.776774]]]}},{"type":"Feature","properties":{"id":"scz-uv-1-55A-5361","nombre":"UV 55A","nivel":"uv","municipio":"Santa Cruz de la Sierra","provincia":"Andrés Ibáñez","departamento":"Santa Cruz","distrito":"1","uv":"55A","fuente":"GAM Santa Cruz vía YoViajo/geodatos"},"geometry":{"type":"Polygon","coordinates":[[[-63.216299,-17.77782],[-63.216416,-17.778551],[-63.216468,-17.779178],[-63.216641,-17.785916],[-63.223617,-17.786254],[-63.222911,-17.784006],[-63.222621,-17.7835],[-63.219226,-17.77933],[-63.217588,-17.777392],[-63.215611,-17.775197],[-63.213649,-17.773777],[-63.214279,-17.774429],[-63.214938,-17.775207],[-63.21578,-17.776341],[-63.215969,-17.776666],[-63.216122,-17.777009],[-63.216299,-17.77782]]]}},{"type":"Feature","properties":{"id":"scz-uv-11-13-5362","nombre":"UV 13","nivel":"uv","municipio":"Santa Cruz de la Sierra","provincia":"Andrés Ibáñez","departamento":"Santa Cruz","distrito":"11","uv":"13","fuente":"GAM Santa Cruz vía YoViajo/geodatos"},"geometry":{"type":"Polygon","coordinates":[[[-63.18334,-17.775221],[-63.185534,-17.775913],[-63.185979,-17.776086],[-63.186676,-17.776465],[-63.187222,-17.776889],[-63.187509,-17.777165],[-63.187798,-17.777511],[-63.188086,-17.777945],[-63.188268,-17.778285],[-63.188446,-17.77871],[-63.188668,-17.779406],[-63.188829,-17.780255],[-63.193683,-17.779367],[-63.193372,-17.77823],[-63.19239,-17.774973],[-63.192053,-17.774309],[-63.191536,-17.773625],[-63.183384,-17.774638],[-63.18334,-17.775221]]]}},{"type":"Feature","properties":{"id":"scz-uv-6-ET58-5363","nombre":"UV ET58","nivel":"uv","municipio":"Santa Cruz de la Sierra","provincia":"Andrés Ibáñez","departamento":"Santa Cruz","distrito":"6","uv":"ET58","fuente":"GAM Santa Cruz vía YoViajo/geodatos"},"geometry":{"type":"Polygon","coordinates":[[[-63.126079,-17.779866],[-63.130227,-17.781435],[-63.133085,-17.774408],[-63.128932,-17.772789],[-63.128505,-17.773829],[-63.128494,-17.773965],[-63.126079,-17.779866]]]}},{"type":"Feature","properties":{"id":"scz-uv-6-ET49-5364","nombre":"UV ET49","nivel":"uv","municipio":"Santa Cruz de la Sierra","provincia":"Andrés Ibáñez","departamento":"Santa Cruz","distrito":"6","uv":"ET49","fuente":"GAM Santa Cruz vía YoViajo/geodatos"},"geometry":{"type":"Polygon","coordinates":[[[-63.107592,-17.774328],[-63.114889,-17.777033],[-63.116233,-17.775505],[-63.116236,-17.775435],[-63.111525,-17.773786],[-63.110788,-17.773421],[-63.107632,-17.772779],[-63.107592,-17.774328]]]}},{"type":"Feature","properties":{"id":"scz-uv-1-32-5365","nombre":"UV 32","nivel":"uv","municipio":"Santa Cruz de la Sierra","provincia":"Andrés Ibáñez","departamento":"Santa Cruz","distrito":"1","uv":"32","fuente":"GAM Santa Cruz vía YoViajo/geodatos"},"geometry":{"type":"Polygon","coordinates":[[[-63.191536,-17.773625],[-63.192053,-17.774309],[-63.19239,-17.774973],[-63.193372,-17.77823],[-63.193683,-17.779367],[-63.194841,-17.779142],[-63.20357,-17.777627],[-63.202629,-17.772234],[-63.191536,-17.773625]]]}},{"type":"Feature","properties":{"id":"scz-uv-1-56-5367","nombre":"UV 56","nivel":"uv","municipio":"Santa Cruz de la Sierra","provincia":"Andrés Ibáñez","departamento":"Santa Cruz","distrito":"1","uv":"56","fuente":"GAM Santa Cruz vía YoViajo/geodatos"},"geometry":{"type":"Polygon","coordinates":[[[-63.204124,-17.772127],[-63.205093,-17.774727],[-63.205158,-17.777566],[-63.2072,-17.777569],[-63.216299,-17.77782],[-63.216122,-17.777009],[-63.215969,-17.776666],[-63.215709,-17.776236],[-63.214938,-17.775207],[-63.214279,-17.774429],[-63.213649,-17.773777],[-63.21079,-17.771169],[-63.206504,-17.771733],[-63.204124,-17.772127]]]}},{"type":"Feature","properties":{"id":"scz-uv-7-226-5368","nombre":"UV 226","nivel":"uv","municipio":"Santa Cruz de la Sierra","provincia":"Andrés Ibáñez","departamento":"Santa Cruz","distrito":"7","uv":"226","fuente":"GAM Santa Cruz vía YoViajo/geodatos"},"geometry":{"type":"Polygon","coordinates":[[[-63.098782,-17.771069],[-63.098595,-17.781517],[-63.098463,-17.786214],[-63.105819,-17.786088],[-63.108068,-17.78665],[-63.107771,-17.781726],[-63.107736,-17.780461],[-63.107543,-17.776831],[-63.107592,-17.774328],[-63.098782,-17.771069]]]}},{"type":"Feature","properties":{"id":"scz-uv-7-267-5369","nombre":"UV 267","nivel":"uv","municipio":"Santa Cruz de la Sierra","provincia":"Andrés Ibáñez","departamento":"Santa Cruz","distrito":"7","uv":"267","fuente":"GAM Santa Cruz vía YoViajo/geodatos"},"geometry":{"type":"Polygon","coordinates":[[[-63.078609,-17.77564],[-63.079533,-17.775327],[-63.084485,-17.775198],[-63.085762,-17.771739],[-63.08197,-17.771159],[-63.078929,-17.770892],[-63.078609,-17.77564]]]}},{"type":"Feature","properties":{"id":"scz-uv-2-19-5370","nombre":"UV 19","nivel":"uv","municipio":"Santa Cruz de la Sierra","provincia":"Andrés Ibáñez","departamento":"Santa Cruz","distrito":"2","uv":"19","fuente":"GAM Santa Cruz vía YoViajo/geodatos"},"geometry":{"type":"Polygon","coordinates":[[[-63.154995,-17.776501],[-63.159686,-17.777291],[-63.165033,-17.778263],[-63.165592,-17.775418],[-63.16571,-17.774912],[-63.165922,-17.774292],[-63.160626,-17.772778],[-63.159987,-17.772527],[-63.158653,-17.771897],[-63.156667,-17.770716],[-63.155533,-17.774105],[-63.15525,-17.775191],[-63.154995,-17.776501]]]}},{"type":"Feature","properties":{"id":"scz-uv-11-14-5371","nombre":"UV 14","nivel":"uv","municipio":"Santa Cruz de la Sierra","provincia":"Andrés Ibáñez","departamento":"Santa Cruz","distrito":"11","uv":"14","fuente":"GAM Santa Cruz vía YoViajo/geodatos"},"geometry":{"type":"Polygon","coordinates":[[[-63.182467,-17.770492],[-63.182314,-17.772904],[-63.182163,-17.773725],[-63.182096,-17.77486],[-63.18334,-17.775221],[-63.183384,-17.774638],[-63.191536,-17.773625],[-63.191157,-17.77323],[-63.190673,-17.772845],[-63.19021,-17.772564],[-63.189579,-17.772291],[-63.184772,-17.770859],[-63.18347,-17.770545],[-63.182999,-17.770492],[-63.182467,-17.770492]]]}},{"type":"Feature","properties":{"id":"scz-uv-6-141-5372","nombre":"UV 141","nivel":"uv","municipio":"Santa Cruz de la Sierra","provincia":"Andrés Ibáñez","departamento":"Santa Cruz","distrito":"6","uv":"141","fuente":"GAM Santa Cruz vía YoViajo/geodatos"},"geometry":{"type":"Polygon","coordinates":[[[-63.122424,-17.77984],[-63.125573,-17.781011],[-63.12578,-17.780634],[-63.128494,-17.773965],[-63.128505,-17.773829],[-63.128932,-17.772789],[-63.12305,-17.770498],[-63.12104,-17.773938],[-63.12083,-17.774434],[-63.120722,-17.774776],[-63.120612,-17.775301],[-63.120574,-17.775657],[-63.120564,-17.77617],[-63.120606,-17.776637],[-63.120705,-17.777096],[-63.12086,-17.77754],[-63.121211,-17.77826],[-63.121555,-17.778806],[-63.121953,-17.779317],[-63.122424,-17.77984]]]}},{"type":"Feature","properties":{"id":"scz-uv-11-2-5373","nombre":"UV 2","nivel":"uv","municipio":"Santa Cruz de la Sierra","provincia":"Andrés Ibáñez","departamento":"Santa Cruz","distrito":"11","uv":"2","fuente":"GAM Santa Cruz vía YoViajo/geodatos"},"geometry":{"type":"Polygon","coordinates":[[[-63.168768,-17.771106],[-63.167735,-17.77181],[-63.16731,-17.772197],[-63.16668,-17.772931],[-63.166373,-17.773388],[-63.165922,-17.774292],[-63.167103,-17.774608],[-63.167457,-17.774739],[-63.169664,-17.776008],[-63.170314,-17.776313],[-63.171384,-17.777393],[-63.171818,-17.777681],[-63.172304,-17.777912],[-63.172988,-17.778135],[-63.173156,-17.777507],[-63.173401,-17.776934],[-63.173682,-17.776481],[-63.174072,-17.776064],[-63.17464,-17.775623],[-63.174919,-17.775463],[-63.175481,-17.775199],[-63.176392,-17.774898],[-63.175181,-17.774273],[-63.17455,-17.773761],[-63.172507,-17.771643],[-63.171713,-17.770765],[-63.171182,-17.7703],[-63.170588,-17.770415],[-63.170036,-17.770565],[-63.169508,-17.770751],[-63.168768,-17.771106]]]}},{"type":"Feature","properties":{"id":"scz-uv-PI-223-5492","nombre":"UV 223","nivel":"uv","municipio":"Santa Cruz de la Sierra","provincia":"Andrés Ibáñez","departamento":"Santa Cruz","distrito":"PI","uv":"223","fuente":"GAM Santa Cruz vía YoViajo/geodatos"},"geometry":{"type":"Polygon","coordinates":[[[-63.11292,-17.723586],[-63.113434,-17.72457],[-63.114909,-17.727827],[-63.117255,-17.732076],[-63.118432,-17.733867],[-63.119729,-17.731376],[-63.121613,-17.727534],[-63.12149,-17.724724],[-63.121896,-17.724002],[-63.122043,-17.723813],[-63.123411,-17.724601],[-63.123645,-17.724705],[-63.12418,-17.724192],[-63.121576,-17.720961],[-63.119517,-17.719819],[-63.118694,-17.719401],[-63.11292,-17.723586]]]}},{"type":"Feature","properties":{"id":"scz-uv-7-268-5374","nombre":"UV 268","nivel":"uv","municipio":"Santa Cruz de la Sierra","provincia":"Andrés Ibáñez","departamento":"Santa Cruz","distrito":"7","uv":"268","fuente":"GAM Santa Cruz vía YoViajo/geodatos"},"geometry":{"type":"Polygon","coordinates":[[[-63.074025,-17.776447],[-63.074699,-17.776497],[-63.077373,-17.77606],[-63.078609,-17.77564],[-63.078929,-17.770892],[-63.071597,-17.77036],[-63.071377,-17.773232],[-63.071426,-17.773841],[-63.071594,-17.77443],[-63.071794,-17.774847],[-63.071961,-17.775107],[-63.072258,-17.775467],[-63.072604,-17.775783],[-63.072994,-17.776049],[-63.073273,-17.776196],[-63.073717,-17.776367],[-63.074025,-17.776447]]]}},{"type":"Feature","properties":{"id":"scz-uv-11-1-5375","nombre":"UV 1","nivel":"uv","municipio":"Santa Cruz de la Sierra","provincia":"Andrés Ibáñez","departamento":"Santa Cruz","distrito":"11","uv":"1","fuente":"GAM Santa Cruz vía YoViajo/geodatos"},"geometry":{"type":"Polygon","coordinates":[[[-63.171182,-17.7703],[-63.171713,-17.770765],[-63.172507,-17.771643],[-63.17455,-17.773761],[-63.175181,-17.774273],[-63.176392,-17.774898],[-63.177403,-17.774673],[-63.177886,-17.774607],[-63.178811,-17.774552],[-63.180822,-17.774621],[-63.181432,-17.77471],[-63.182096,-17.77486],[-63.182163,-17.773725],[-63.182314,-17.772904],[-63.182467,-17.770492],[-63.172943,-17.770273],[-63.171613,-17.770267],[-63.171182,-17.7703]]]}},{"type":"Feature","properties":{"id":"scz-uv-7-ET126-5376","nombre":"UV ET126","nivel":"uv","municipio":"Santa Cruz de la Sierra","provincia":"Andrés Ibáñez","departamento":"Santa Cruz","distrito":"7","uv":"ET126","fuente":"GAM Santa Cruz vía YoViajo/geodatos"},"geometry":{"type":"Polygon","coordinates":[[[-63.094932,-17.775249],[-63.098668,-17.776643],[-63.098782,-17.771069],[-63.096152,-17.769948],[-63.094932,-17.775249]]]}},{"type":"Feature","properties":{"id":"scz-uv-2-ET5-5377","nombre":"UV ET5","nivel":"uv","municipio":"Santa Cruz de la Sierra","provincia":"Andrés Ibáñez","departamento":"Santa Cruz","distrito":"2","uv":"ET5","fuente":"GAM Santa Cruz vía YoViajo/geodatos"},"geometry":{"type":"Polygon","coordinates":[[[-63.153451,-17.776282],[-63.154995,-17.776501],[-63.15525,-17.775191],[-63.155533,-17.774105],[-63.156667,-17.770716],[-63.155308,-17.769832],[-63.154803,-17.771244],[-63.154064,-17.773582],[-63.15367,-17.775158],[-63.153451,-17.776282]]]}},{"type":"Feature","properties":{"id":"scz-uv-1-ET19-5378","nombre":"UV ET19","nivel":"uv","municipio":"Santa Cruz de la Sierra","provincia":"Andrés Ibáñez","departamento":"Santa Cruz","distrito":"1","uv":"ET19","fuente":"GAM Santa Cruz vía YoViajo/geodatos"},"geometry":{"type":"Polygon","coordinates":[[[-63.201658,-17.769563],[-63.202054,-17.770379],[-63.202383,-17.771346],[-63.202629,-17.772234],[-63.204124,-17.772127],[-63.203876,-17.771297],[-63.203125,-17.768132],[-63.201658,-17.769563]]]}},{"type":"Feature","properties":{"id":"scz-uv-6-153-5379","nombre":"UV 153","nivel":"uv","municipio":"Santa Cruz de la Sierra","provincia":"Andrés Ibáñez","departamento":"Santa Cruz","distrito":"6","uv":"153","fuente":"GAM Santa Cruz vía YoViajo/geodatos"},"geometry":{"type":"Polygon","coordinates":[[[-63.11654,-17.768183],[-63.116233,-17.775505],[-63.114889,-17.777033],[-63.122424,-17.77984],[-63.121953,-17.779317],[-63.121555,-17.778806],[-63.121211,-17.77826],[-63.12086,-17.77754],[-63.120705,-17.777096],[-63.120606,-17.776637],[-63.120564,-17.77617],[-63.120574,-17.775657],[-63.120612,-17.775301],[-63.120722,-17.774776],[-63.12083,-17.774434],[-63.12104,-17.773938],[-63.12305,-17.770498],[-63.119304,-17.769062],[-63.11654,-17.768183]]]}},{"type":"Feature","properties":{"id":"scz-uv-7-262-5380","nombre":"UV 262","nivel":"uv","municipio":"Santa Cruz de la Sierra","provincia":"Andrés Ibáñez","departamento":"Santa Cruz","distrito":"7","uv":"262","fuente":"GAM Santa Cruz vía YoViajo/geodatos"},"geometry":{"type":"Polygon","coordinates":[[[-63.087565,-17.766856],[-63.084485,-17.775198],[-63.094932,-17.775249],[-63.096152,-17.769948],[-63.094623,-17.769353],[-63.087565,-17.766856]]]}},{"type":"Feature","properties":{"id":"scz-uv-6-154-5381","nombre":"UV 154","nivel":"uv","municipio":"Santa Cruz de la Sierra","provincia":"Andrés Ibáñez","departamento":"Santa Cruz","distrito":"6","uv":"154","fuente":"GAM Santa Cruz vía YoViajo/geodatos"},"geometry":{"type":"Polygon","coordinates":[[[-63.107632,-17.772779],[-63.110788,-17.773421],[-63.111525,-17.773786],[-63.116236,-17.775435],[-63.11654,-17.768183],[-63.107762,-17.766003],[-63.107632,-17.772779]]]}},{"type":"Feature","properties":{"id":"scz-uv-1-57-5382","nombre":"UV 57","nivel":"uv","municipio":"Santa Cruz de la Sierra","provincia":"Andrés Ibáñez","departamento":"Santa Cruz","distrito":"1","uv":"57","fuente":"GAM Santa Cruz vía YoViajo/geodatos"},"geometry":{"type":"Polygon","coordinates":[[[-63.203125,-17.768132],[-63.203876,-17.771297],[-63.204124,-17.772127],[-63.206504,-17.771733],[-63.21079,-17.771169],[-63.208193,-17.768593],[-63.205557,-17.765674],[-63.203125,-17.768132]]]}},{"type":"Feature","properties":{"id":"scz-uv-7-271-5383","nombre":"UV 271","nivel":"uv","municipio":"Santa Cruz de la Sierra","provincia":"Andrés Ibáñez","departamento":"Santa Cruz","distrito":"7","uv":"271","fuente":"GAM Santa Cruz vía YoViajo/geodatos"},"geometry":{"type":"Polygon","coordinates":[[[-63.05868,-17.765754],[-63.054399,-17.767105],[-63.053948,-17.767154],[-63.053311,-17.767125],[-63.052902,-17.767213],[-63.052617,-17.767339],[-63.050533,-17.7686],[-63.050257,-17.768831],[-63.050101,-17.769048],[-63.049972,-17.769377],[-63.048497,-17.776703],[-63.053903,-17.777401],[-63.054765,-17.776765],[-63.059744,-17.776452],[-63.05868,-17.765754]]]}},{"type":"Feature","properties":{"id":"scz-uv-1-34-5394","nombre":"UV 34","nivel":"uv","municipio":"Santa Cruz de la Sierra","provincia":"Andrés Ibáñez","departamento":"Santa Cruz","distrito":"1","uv":"34","fuente":"GAM Santa Cruz vía YoViajo/geodatos"},"geometry":{"type":"Polygon","coordinates":[[[-63.188401,-17.77194],[-63.189579,-17.772291],[-63.19021,-17.772564],[-63.192082,-17.770433],[-63.195862,-17.764669],[-63.194045,-17.763627],[-63.191345,-17.7623],[-63.19103,-17.766137],[-63.190893,-17.767024],[-63.190717,-17.767752],[-63.190441,-17.768535],[-63.18998,-17.769486],[-63.189671,-17.769982],[-63.18873,-17.77133],[-63.188401,-17.77194]]]}},{"type":"Feature","properties":{"id":"scz-uv-PI-141A-5395","nombre":"UV 141A","nivel":"uv","municipio":"Santa Cruz de la Sierra","provincia":"Andrés Ibáñez","departamento":"Santa Cruz","distrito":"PI","uv":"141A","fuente":"GAM Santa Cruz vía YoViajo/geodatos"},"geometry":{"type":"Polygon","coordinates":[[[-63.12305,-17.770498],[-63.126191,-17.77172],[-63.127041,-17.768625],[-63.127101,-17.76827],[-63.128601,-17.762625],[-63.127712,-17.76227],[-63.12305,-17.770498]]]}},{"type":"Feature","properties":{"id":"scz-uv-2-41-5384","nombre":"UV 41","nivel":"uv","municipio":"Santa Cruz de la Sierra","provincia":"Andrés Ibáñez","departamento":"Santa Cruz","distrito":"2","uv":"41","fuente":"GAM Santa Cruz vía YoViajo/geodatos"},"geometry":{"type":"Polygon","coordinates":[[[-63.147097,-17.775618],[-63.149287,-17.775698],[-63.153451,-17.776282],[-63.15367,-17.775158],[-63.154064,-17.773582],[-63.154803,-17.771244],[-63.155308,-17.769832],[-63.153017,-17.768301],[-63.150756,-17.766536],[-63.14871,-17.765203],[-63.148122,-17.766585],[-63.147606,-17.768021],[-63.147401,-17.768487],[-63.147202,-17.769259],[-63.14716,-17.769691],[-63.147058,-17.772738],[-63.147097,-17.775618]]]}},{"type":"Feature","properties":{"id":"scz-uv-7-265-5385","nombre":"UV 265","nivel":"uv","municipio":"Santa Cruz de la Sierra","provincia":"Andrés Ibáñez","departamento":"Santa Cruz","distrito":"7","uv":"265","fuente":"GAM Santa Cruz vía YoViajo/geodatos"},"geometry":{"type":"Polygon","coordinates":[[[-63.078929,-17.770892],[-63.08197,-17.771159],[-63.085762,-17.771739],[-63.087565,-17.766856],[-63.082395,-17.765025],[-63.080089,-17.764921],[-63.078929,-17.770892]]]}},{"type":"Feature","properties":{"id":"scz-uv-2-18-5386","nombre":"UV 18","nivel":"uv","municipio":"Santa Cruz de la Sierra","provincia":"Andrés Ibáñez","departamento":"Santa Cruz","distrito":"2","uv":"18","fuente":"GAM Santa Cruz vía YoViajo/geodatos"},"geometry":{"type":"Polygon","coordinates":[[[-63.156667,-17.770716],[-63.158653,-17.771897],[-63.159987,-17.772527],[-63.160626,-17.772778],[-63.165922,-17.774292],[-63.166373,-17.773388],[-63.16668,-17.772931],[-63.16731,-17.772197],[-63.167735,-17.77181],[-63.168077,-17.77156],[-63.16425,-17.768319],[-63.163757,-17.767842],[-63.160825,-17.764713],[-63.16033,-17.765186],[-63.159561,-17.76601],[-63.1589,-17.766802],[-63.158419,-17.767439],[-63.158005,-17.768066],[-63.157275,-17.769354],[-63.156667,-17.770716]]]}},{"type":"Feature","properties":{"id":"scz-uv-1-33-5387","nombre":"UV 33","nivel":"uv","municipio":"Santa Cruz de la Sierra","provincia":"Andrés Ibáñez","departamento":"Santa Cruz","distrito":"1","uv":"33","fuente":"GAM Santa Cruz vía YoViajo/geodatos"},"geometry":{"type":"Polygon","coordinates":[[[-63.19021,-17.772564],[-63.190922,-17.773029],[-63.191536,-17.773625],[-63.202629,-17.772234],[-63.202383,-17.771346],[-63.201968,-17.770183],[-63.201579,-17.769427],[-63.201246,-17.768947],[-63.200964,-17.768609],[-63.199901,-17.767595],[-63.198617,-17.766555],[-63.197561,-17.765789],[-63.195862,-17.764669],[-63.192082,-17.770433],[-63.19021,-17.772564]]]}},{"type":"Feature","properties":{"id":"scz-uv-7-266-5388","nombre":"UV 266","nivel":"uv","municipio":"Santa Cruz de la Sierra","provincia":"Andrés Ibáñez","departamento":"Santa Cruz","distrito":"7","uv":"266","fuente":"GAM Santa Cruz vía YoViajo/geodatos"},"geometry":{"type":"Polygon","coordinates":[[[-63.071597,-17.77036],[-63.078929,-17.770892],[-63.080089,-17.764921],[-63.072052,-17.764541],[-63.071597,-17.77036]]]}},{"type":"Feature","properties":{"id":"scz-uv-6-261-5389","nombre":"UV 261","nivel":"uv","municipio":"Santa Cruz de la Sierra","provincia":"Andrés Ibáñez","departamento":"Santa Cruz","distrito":"6","uv":"261","fuente":"GAM Santa Cruz vía YoViajo/geodatos"},"geometry":{"type":"Polygon","coordinates":[[[-63.089076,-17.765],[-63.085695,-17.765089],[-63.082395,-17.765025],[-63.094623,-17.769353],[-63.096152,-17.769948],[-63.096485,-17.768843],[-63.096543,-17.768489],[-63.096627,-17.764417],[-63.092627,-17.764713],[-63.092511,-17.764859],[-63.089076,-17.765]]]}},{"type":"Feature","properties":{"id":"scz-uv-6-155-5390","nombre":"UV 155","nivel":"uv","municipio":"Santa Cruz de la Sierra","provincia":"Andrés Ibáñez","departamento":"Santa Cruz","distrito":"6","uv":"155","fuente":"GAM Santa Cruz vía YoViajo/geodatos"},"geometry":{"type":"Polygon","coordinates":[[[-63.096627,-17.764417],[-63.096543,-17.768489],[-63.096485,-17.768843],[-63.096152,-17.769948],[-63.098782,-17.771069],[-63.107592,-17.774328],[-63.107762,-17.766003],[-63.100724,-17.764342],[-63.098265,-17.764426],[-63.097049,-17.764385],[-63.096627,-17.764417]]]}},{"type":"Feature","properties":{"id":"scz-uv-7-273-5391","nombre":"UV 273","nivel":"uv","municipio":"Santa Cruz de la Sierra","provincia":"Andrés Ibáñez","departamento":"Santa Cruz","distrito":"7","uv":"273","fuente":"GAM Santa Cruz vía YoViajo/geodatos"},"geometry":{"type":"Polygon","coordinates":[[[-63.06313,-17.764369],[-63.05868,-17.765754],[-63.060968,-17.788745],[-63.072723,-17.795038],[-63.074456,-17.791588],[-63.074499,-17.788533],[-63.075056,-17.786759],[-63.076642,-17.784239],[-63.077729,-17.783295],[-63.078919,-17.78307],[-63.079977,-17.783069],[-63.081079,-17.783477],[-63.082474,-17.780562],[-63.079168,-17.779832],[-63.074803,-17.777905],[-63.073495,-17.777173],[-63.073201,-17.776385],[-63.074025,-17.776447],[-63.073717,-17.776367],[-63.073273,-17.776196],[-63.072729,-17.775877],[-63.072258,-17.775467],[-63.071875,-17.774979],[-63.071654,-17.774572],[-63.071496,-17.77414],[-63.071403,-17.77369],[-63.071377,-17.773232],[-63.072052,-17.764541],[-63.064323,-17.764073],[-63.06313,-17.764369]]]}},{"type":"Feature","properties":{"id":"scz-uv-2-ET4-5392","nombre":"UV ET4","nivel":"uv","municipio":"Santa Cruz de la Sierra","provincia":"Andrés Ibáñez","departamento":"Santa Cruz","distrito":"2","uv":"ET4","fuente":"GAM Santa Cruz vía YoViajo/geodatos"},"geometry":{"type":"Polygon","coordinates":[[[-63.155308,-17.769832],[-63.156667,-17.770716],[-63.157275,-17.769354],[-63.158005,-17.768066],[-63.158419,-17.767439],[-63.1589,-17.766802],[-63.159561,-17.76601],[-63.16033,-17.765186],[-63.160825,-17.764713],[-63.159777,-17.763573],[-63.159245,-17.764087],[-63.158444,-17.764947],[-63.157925,-17.765566],[-63.157191,-17.766525],[-63.156631,-17.767358],[-63.156245,-17.768017],[-63.155648,-17.769121],[-63.155308,-17.769832]]]}},{"type":"Feature","properties":{"id":"scz-uv-1-ET20-5393","nombre":"UV ET20","nivel":"uv","municipio":"Santa Cruz de la Sierra","provincia":"Andrés Ibáñez","departamento":"Santa Cruz","distrito":"1","uv":"ET20","fuente":"GAM Santa Cruz vía YoViajo/geodatos"},"geometry":{"type":"Polygon","coordinates":[[[-63.195862,-17.764669],[-63.197918,-17.766039],[-63.198959,-17.766821],[-63.199901,-17.767595],[-63.201023,-17.768674],[-63.20135,-17.769089],[-63.201658,-17.769563],[-63.203125,-17.768132],[-63.201989,-17.767115],[-63.200336,-17.765783],[-63.199262,-17.765012],[-63.196706,-17.763377],[-63.195862,-17.764669]]]}},{"type":"Feature","properties":{"id":"scz-uv-1-35-5396","nombre":"UV 35","nivel":"uv","municipio":"Santa Cruz de la Sierra","provincia":"Andrés Ibáñez","departamento":"Santa Cruz","distrito":"1","uv":"35","fuente":"GAM Santa Cruz vía YoViajo/geodatos"},"geometry":{"type":"Polygon","coordinates":[[[-63.18471,-17.770845],[-63.188401,-17.77194],[-63.18873,-17.77133],[-63.189671,-17.769982],[-63.18998,-17.769486],[-63.190441,-17.768535],[-63.190717,-17.767752],[-63.190893,-17.767024],[-63.19103,-17.766137],[-63.191345,-17.7623],[-63.187984,-17.76108],[-63.187337,-17.7609],[-63.187038,-17.761914],[-63.186991,-17.762259],[-63.186992,-17.762592],[-63.187052,-17.762974],[-63.187762,-17.76563],[-63.187808,-17.766131],[-63.18773,-17.766614],[-63.187547,-17.767043],[-63.18737,-17.767304],[-63.187183,-17.767515],[-63.186849,-17.767778],[-63.186313,-17.768069],[-63.185978,-17.76829],[-63.185772,-17.768451],[-63.185591,-17.768653],[-63.185443,-17.768916],[-63.18471,-17.770845]]]}},{"type":"Feature","properties":{"id":"scz-uv-2-17-5397","nombre":"UV 17","nivel":"uv","municipio":"Santa Cruz de la Sierra","provincia":"Andrés Ibáñez","departamento":"Santa Cruz","distrito":"2","uv":"17","fuente":"GAM Santa Cruz vía YoViajo/geodatos"},"geometry":{"type":"Polygon","coordinates":[[[-63.160825,-17.764713],[-63.163757,-17.767842],[-63.16425,-17.768319],[-63.168077,-17.77156],[-63.168768,-17.771106],[-63.169508,-17.770751],[-63.170036,-17.770565],[-63.170588,-17.770415],[-63.171182,-17.7703],[-63.170664,-17.768927],[-63.167471,-17.760872],[-63.165938,-17.761439],[-63.165284,-17.761724],[-63.164086,-17.762342],[-63.163477,-17.7627],[-63.162449,-17.763388],[-63.161451,-17.764162],[-63.160825,-17.764713]]]}},{"type":"Feature","properties":{"id":"scz-uv-1-ET21-5398","nombre":"UV ET21","nivel":"uv","municipio":"Santa Cruz de la Sierra","provincia":"Andrés Ibáñez","departamento":"Santa Cruz","distrito":"1","uv":"ET21","fuente":"GAM Santa Cruz vía YoViajo/geodatos"},"geometry":{"type":"Polygon","coordinates":[[[-63.191345,-17.7623],[-63.194045,-17.763627],[-63.195862,-17.764669],[-63.196706,-17.763377],[-63.193835,-17.761597],[-63.192262,-17.760675],[-63.191825,-17.760462],[-63.1914,-17.760327],[-63.191345,-17.7623]]]}},{"type":"Feature","properties":{"id":"scz-uv-6-ET124-5399","nombre":"UV ET124","nivel":"uv","municipio":"Santa Cruz de la Sierra","provincia":"Andrés Ibáñez","departamento":"Santa Cruz","distrito":"6","uv":"ET124","fuente":"GAM Santa Cruz vía YoViajo/geodatos"},"geometry":{"type":"Polygon","coordinates":[[[-63.06313,-17.764369],[-63.064323,-17.764073],[-63.073004,-17.764599],[-63.082395,-17.765025],[-63.081861,-17.76468],[-63.073984,-17.761943],[-63.074053,-17.761785],[-63.064875,-17.760202],[-63.064801,-17.760501],[-63.06313,-17.764369]]]}},{"type":"Feature","properties":{"id":"scz-uv-1-ET22-5400","nombre":"UV ET22","nivel":"uv","municipio":"Santa Cruz de la Sierra","provincia":"Andrés Ibáñez","departamento":"Santa Cruz","distrito":"1","uv":"ET22","fuente":"GAM Santa Cruz vía YoViajo/geodatos"},"geometry":{"type":"Polygon","coordinates":[[[-63.187337,-17.7609],[-63.187984,-17.76108],[-63.191345,-17.7623],[-63.1914,-17.760327],[-63.188374,-17.759698],[-63.187337,-17.7609]]]}},{"type":"Feature","properties":{"id":"scz-uv-1-36-5401","nombre":"UV 36","nivel":"uv","municipio":"Santa Cruz de la Sierra","provincia":"Andrés Ibáñez","departamento":"Santa Cruz","distrito":"1","uv":"36","fuente":"GAM Santa Cruz vía YoViajo/geodatos"},"geometry":{"type":"Polygon","coordinates":[[[-63.182467,-17.770492],[-63.182999,-17.770492],[-63.18347,-17.770545],[-63.18471,-17.770845],[-63.185443,-17.768916],[-63.185591,-17.768653],[-63.185772,-17.768451],[-63.186043,-17.768243],[-63.186803,-17.767806],[-63.187078,-17.76761],[-63.18737,-17.767304],[-63.187583,-17.766978],[-63.187703,-17.7667],[-63.187767,-17.766456],[-63.187808,-17.766131],[-63.187799,-17.765854],[-63.1877,-17.76537],[-63.187052,-17.762974],[-63.186987,-17.762501],[-63.187038,-17.761914],[-63.187337,-17.7609],[-63.185888,-17.760517],[-63.182757,-17.759892],[-63.181728,-17.759765],[-63.17904,-17.759588],[-63.181893,-17.766846],[-63.182165,-17.76763],[-63.182416,-17.76871],[-63.182473,-17.769166],[-63.182496,-17.769855],[-63.182467,-17.770492]]]}},{"type":"Feature","properties":{"id":"scz-uv-5-ET28-5493","nombre":"UV ET28","nivel":"uv","municipio":"Santa Cruz de la Sierra","provincia":"Andrés Ibáñez","departamento":"Santa Cruz","distrito":"5","uv":"ET28","fuente":"GAM Santa Cruz vía YoViajo/geodatos"},"geometry":{"type":"Polygon","coordinates":[[[-63.15288,-17.719819],[-63.154,-17.722187],[-63.156982,-17.728286],[-63.15849,-17.727906],[-63.15441,-17.719215],[-63.15288,-17.719819]]]}},{"type":"Feature","properties":{"id":"scz-uv-2-16-5402","nombre":"UV 16","nivel":"uv","municipio":"Santa Cruz de la Sierra","provincia":"Andrés Ibáñez","departamento":"Santa Cruz","distrito":"2","uv":"16","fuente":"GAM Santa Cruz vía YoViajo/geodatos"},"geometry":{"type":"Polygon","coordinates":[[[-63.167471,-17.760872],[-63.170664,-17.768927],[-63.171182,-17.7703],[-63.171613,-17.770267],[-63.172943,-17.770273],[-63.178915,-17.77041],[-63.176475,-17.76482],[-63.174773,-17.759534],[-63.173484,-17.759637],[-63.171561,-17.759895],[-63.170158,-17.760161],[-63.168986,-17.76044],[-63.167471,-17.760872]]]}},{"type":"Feature","properties":{"id":"scz-uv-2-15-5403","nombre":"UV 15","nivel":"uv","municipio":"Santa Cruz de la Sierra","provincia":"Andrés Ibáñez","departamento":"Santa Cruz","distrito":"2","uv":"15","fuente":"GAM Santa Cruz vía YoViajo/geodatos"},"geometry":{"type":"Polygon","coordinates":[[[-63.174773,-17.759534],[-63.176475,-17.76482],[-63.178915,-17.77041],[-63.182467,-17.770492],[-63.182496,-17.769855],[-63.182473,-17.769166],[-63.182416,-17.76871],[-63.182165,-17.76763],[-63.181893,-17.766846],[-63.17904,-17.759588],[-63.17804,-17.759516],[-63.176958,-17.759494],[-63.174773,-17.759534]]]}},{"type":"Feature","properties":{"id":"scz-uv-2-ET3-5404","nombre":"UV ET3","nivel":"uv","municipio":"Santa Cruz de la Sierra","provincia":"Andrés Ibáñez","departamento":"Santa Cruz","distrito":"2","uv":"ET3","fuente":"GAM Santa Cruz vía YoViajo/geodatos"},"geometry":{"type":"Polygon","coordinates":[[[-63.159777,-17.763573],[-63.160825,-17.764713],[-63.161451,-17.764162],[-63.162449,-17.763388],[-63.163477,-17.7627],[-63.164086,-17.762342],[-63.165284,-17.761724],[-63.165938,-17.761439],[-63.167471,-17.760872],[-63.166926,-17.759444],[-63.165899,-17.759798],[-63.164961,-17.760187],[-63.164123,-17.760586],[-63.163141,-17.761112],[-63.162264,-17.76165],[-63.161443,-17.762211],[-63.160634,-17.762844],[-63.159777,-17.763573]]]}},{"type":"Feature","properties":{"id":"scz-uv-6-ET125-5405","nombre":"UV ET125","nivel":"uv","municipio":"Santa Cruz de la Sierra","provincia":"Andrés Ibáñez","departamento":"Santa Cruz","distrito":"6","uv":"ET125","fuente":"GAM Santa Cruz vía YoViajo/geodatos"},"geometry":{"type":"Polygon","coordinates":[[[-63.058227,-17.765895],[-63.06313,-17.764369],[-63.064801,-17.760501],[-63.064875,-17.760202],[-63.058753,-17.759145],[-63.058227,-17.765895]]]}},{"type":"Feature","properties":{"id":"scz-uv-6-141B-5406","nombre":"UV 141B","nivel":"uv","municipio":"Santa Cruz de la Sierra","provincia":"Andrés Ibáñez","departamento":"Santa Cruz","distrito":"6","uv":"141B","fuente":"GAM Santa Cruz vía YoViajo/geodatos"},"geometry":{"type":"Polygon","coordinates":[[[-63.117548,-17.760262],[-63.115699,-17.759344],[-63.113773,-17.763712],[-63.113208,-17.765203],[-63.11346,-17.765661],[-63.114257,-17.7667],[-63.11574,-17.767968],[-63.116695,-17.768228],[-63.119304,-17.769062],[-63.12305,-17.770498],[-63.127757,-17.762191],[-63.120441,-17.759094],[-63.117977,-17.760276],[-63.117548,-17.760262]]]}},{"type":"Feature","properties":{"id":"scz-uv-1-ET23-5407","nombre":"UV ET23","nivel":"uv","municipio":"Santa Cruz de la Sierra","provincia":"Andrés Ibáñez","departamento":"Santa Cruz","distrito":"1","uv":"ET23","fuente":"GAM Santa Cruz vía YoViajo/geodatos"},"geometry":{"type":"Polygon","coordinates":[[[-63.182757,-17.759892],[-63.185888,-17.760517],[-63.187337,-17.7609],[-63.188374,-17.759698],[-63.187355,-17.759404],[-63.182543,-17.758577],[-63.182757,-17.759892]]]}},{"type":"Feature","properties":{"id":"scz-uv-2-ET2-5408","nombre":"UV ET2","nivel":"uv","municipio":"Santa Cruz de la Sierra","provincia":"Andrés Ibáñez","departamento":"Santa Cruz","distrito":"2","uv":"ET2","fuente":"GAM Santa Cruz vía YoViajo/geodatos"},"geometry":{"type":"Polygon","coordinates":[[[-63.166926,-17.759444],[-63.167471,-17.760872],[-63.168986,-17.76044],[-63.170158,-17.760161],[-63.171561,-17.759895],[-63.173484,-17.759637],[-63.174773,-17.759534],[-63.173868,-17.758083],[-63.171734,-17.758322],[-63.170328,-17.758571],[-63.168574,-17.758971],[-63.166926,-17.759444]]]}},{"type":"Feature","properties":{"id":"scz-uv-2-ET1-5409","nombre":"UV ET1","nivel":"uv","municipio":"Santa Cruz de la Sierra","provincia":"Andrés Ibáñez","departamento":"Santa Cruz","distrito":"2","uv":"ET1","fuente":"GAM Santa Cruz vía YoViajo/geodatos"},"geometry":{"type":"Polygon","coordinates":[[[-63.173868,-17.758083],[-63.174773,-17.759534],[-63.176958,-17.759494],[-63.17804,-17.759516],[-63.17904,-17.759588],[-63.17843,-17.758031],[-63.175638,-17.757978],[-63.174984,-17.757996],[-63.173868,-17.758083]]]}},{"type":"Feature","properties":{"id":"scz-uv-6-ET57-5410","nombre":"UV ET57","nivel":"uv","municipio":"Santa Cruz de la Sierra","provincia":"Andrés Ibáñez","departamento":"Santa Cruz","distrito":"6","uv":"ET57","fuente":"GAM Santa Cruz vía YoViajo/geodatos"},"geometry":{"type":"Polygon","coordinates":[[[-63.106774,-17.76577],[-63.107762,-17.766003],[-63.107866,-17.758409],[-63.107031,-17.757845],[-63.106774,-17.76577]]]}},{"type":"Feature","properties":{"id":"scz-uv-1-ET24-5411","nombre":"UV ET24","nivel":"uv","municipio":"Santa Cruz de la Sierra","provincia":"Andrés Ibáñez","departamento":"Santa Cruz","distrito":"1","uv":"ET24","fuente":"GAM Santa Cruz vía YoViajo/geodatos"},"geometry":{"type":"Polygon","coordinates":[[[-63.17843,-17.758031],[-63.17904,-17.759588],[-63.181728,-17.759765],[-63.182757,-17.759892],[-63.182543,-17.758577],[-63.179886,-17.757776],[-63.179622,-17.757757],[-63.179293,-17.757782],[-63.17843,-17.758031]]]}},{"type":"Feature","properties":{"id":"scz-uv-6-ET32-5412","nombre":"UV ET32","nivel":"uv","municipio":"Santa Cruz de la Sierra","provincia":"Andrés Ibáñez","departamento":"Santa Cruz","distrito":"6","uv":"ET32","fuente":"GAM Santa Cruz vía YoViajo/geodatos"},"geometry":{"type":"Polygon","coordinates":[[[-63.120415,-17.758208],[-63.120441,-17.759094],[-63.127757,-17.762191],[-63.128735,-17.760434],[-63.126476,-17.759233],[-63.125895,-17.759874],[-63.125314,-17.759506],[-63.121063,-17.757698],[-63.120415,-17.758208]]]}},{"type":"Feature","properties":{"id":"scz-uv-1-58-5413","nombre":"UV 58","nivel":"uv","municipio":"Santa Cruz de la Sierra","provincia":"Andrés Ibáñez","departamento":"Santa Cruz","distrito":"1","uv":"58","fuente":"GAM Santa Cruz vía YoViajo/geodatos"},"geometry":{"type":"Polygon","coordinates":[[[-63.196706,-17.763377],[-63.199262,-17.765012],[-63.200336,-17.765783],[-63.201989,-17.767115],[-63.203125,-17.768132],[-63.205557,-17.765674],[-63.20458,-17.764309],[-63.202893,-17.761846],[-63.20215,-17.759392],[-63.201784,-17.758349],[-63.201017,-17.756796],[-63.196706,-17.763377]]]}},{"type":"Feature","properties":{"id":"scz-uv-5-67-5435","nombre":"UV 67","nivel":"uv","municipio":"Santa Cruz de la Sierra","provincia":"Andrés Ibáñez","departamento":"Santa Cruz","distrito":"5","uv":"67","fuente":"GAM Santa Cruz vía YoViajo/geodatos"},"geometry":{"type":"Polygon","coordinates":[[[-63.149831,-17.748872],[-63.155055,-17.756606],[-63.155804,-17.755947],[-63.157876,-17.754466],[-63.159233,-17.753676],[-63.16106,-17.752772],[-63.160242,-17.750783],[-63.16003,-17.750704],[-63.159438,-17.747615],[-63.161946,-17.746654],[-63.161055,-17.744371],[-63.155927,-17.746231],[-63.150751,-17.748512],[-63.149831,-17.748872]]]}},{"type":"Feature","properties":{"id":"scz-uv-2-40-5414","nombre":"UV 40","nivel":"uv","municipio":"Santa Cruz de la Sierra","provincia":"Andrés Ibáñez","departamento":"Santa Cruz","distrito":"2","uv":"40","fuente":"GAM Santa Cruz vía YoViajo/geodatos"},"geometry":{"type":"Polygon","coordinates":[[[-63.14871,-17.765203],[-63.150756,-17.766536],[-63.153017,-17.768301],[-63.155308,-17.769832],[-63.155648,-17.769121],[-63.156245,-17.768017],[-63.156631,-17.767358],[-63.157191,-17.766525],[-63.157925,-17.765566],[-63.158444,-17.764947],[-63.159245,-17.764087],[-63.159777,-17.763573],[-63.155055,-17.756606],[-63.154265,-17.7573],[-63.152722,-17.758946],[-63.151341,-17.760641],[-63.150877,-17.761328],[-63.149586,-17.763438],[-63.14871,-17.765203]]]}},{"type":"Feature","properties":{"id":"scz-uv-6-270A-5415","nombre":"UV 270A","nivel":"uv","municipio":"Santa Cruz de la Sierra","provincia":"Andrés Ibáñez","departamento":"Santa Cruz","distrito":"6","uv":"270A","fuente":"GAM Santa Cruz vía YoViajo/geodatos"},"geometry":{"type":"Polygon","coordinates":[[[-63.082395,-17.765025],[-63.082354,-17.763216],[-63.082286,-17.76199],[-63.082667,-17.76072],[-63.083093,-17.75973],[-63.083747,-17.758905],[-63.08075,-17.757761],[-63.080556,-17.757557],[-63.076178,-17.756218],[-63.073984,-17.761943],[-63.081861,-17.76468],[-63.082395,-17.765025]]]}},{"type":"Feature","properties":{"id":"scz-uv-6-198-5416","nombre":"UV 198","nivel":"uv","municipio":"Santa Cruz de la Sierra","provincia":"Andrés Ibáñez","departamento":"Santa Cruz","distrito":"6","uv":"198","fuente":"GAM Santa Cruz vía YoViajo/geodatos"},"geometry":{"type":"Polygon","coordinates":[[[-63.10128,-17.764473],[-63.106774,-17.76577],[-63.107031,-17.757845],[-63.104022,-17.755814],[-63.102049,-17.755052],[-63.101226,-17.759467],[-63.10128,-17.764473]]]}},{"type":"Feature","properties":{"id":"scz-uv-6-ET31-5417","nombre":"UV ET31","nivel":"uv","municipio":"Santa Cruz de la Sierra","provincia":"Andrés Ibáñez","departamento":"Santa Cruz","distrito":"6","uv":"ET31","fuente":"GAM Santa Cruz vía YoViajo/geodatos"},"geometry":{"type":"Polygon","coordinates":[[[-63.123049,-17.754202],[-63.124076,-17.75492],[-63.125255,-17.753019],[-63.123956,-17.752455],[-63.123049,-17.754202]]]}},{"type":"Feature","properties":{"id":"scz-uv-1-59-5418","nombre":"UV 59","nivel":"uv","municipio":"Santa Cruz de la Sierra","provincia":"Andrés Ibáñez","departamento":"Santa Cruz","distrito":"1","uv":"59","fuente":"GAM Santa Cruz vía YoViajo/geodatos"},"geometry":{"type":"Polygon","coordinates":[[[-63.1914,-17.760327],[-63.191825,-17.760462],[-63.192262,-17.760675],[-63.193835,-17.761597],[-63.196706,-17.763377],[-63.201017,-17.756796],[-63.200872,-17.756502],[-63.200562,-17.75622],[-63.200158,-17.755917],[-63.198261,-17.754777],[-63.196682,-17.753929],[-63.194361,-17.752894],[-63.19214,-17.752036],[-63.191791,-17.752222],[-63.191475,-17.752457],[-63.191199,-17.752735],[-63.19097,-17.75305],[-63.190793,-17.753394],[-63.190702,-17.75365],[-63.190593,-17.754066],[-63.190516,-17.754567],[-63.190493,-17.755074],[-63.19053,-17.755613],[-63.1914,-17.760327]]]}},{"type":"Feature","properties":{"id":"scz-uv-6-199-5419","nombre":"UV 199","nivel":"uv","municipio":"Santa Cruz de la Sierra","provincia":"Andrés Ibáñez","departamento":"Santa Cruz","distrito":"6","uv":"199","fuente":"GAM Santa Cruz vía YoViajo/geodatos"},"geometry":{"type":"Polygon","coordinates":[[[-63.090402,-17.761745],[-63.089076,-17.765],[-63.092511,-17.764859],[-63.092627,-17.764713],[-63.097049,-17.764385],[-63.098265,-17.764426],[-63.100724,-17.764342],[-63.10128,-17.764473],[-63.101226,-17.759467],[-63.102049,-17.755052],[-63.096982,-17.753074],[-63.094063,-17.751886],[-63.092193,-17.757126],[-63.090881,-17.760306],[-63.090402,-17.761745]]]}},{"type":"Feature","properties":{"id":"scz-uv-2-39-5420","nombre":"UV 39","nivel":"uv","municipio":"Santa Cruz de la Sierra","provincia":"Andrés Ibáñez","departamento":"Santa Cruz","distrito":"2","uv":"39","fuente":"GAM Santa Cruz vía YoViajo/geodatos"},"geometry":{"type":"Polygon","coordinates":[[[-63.16106,-17.752772],[-63.159233,-17.753676],[-63.157876,-17.754466],[-63.155804,-17.755947],[-63.155055,-17.756606],[-63.159777,-17.763573],[-63.160634,-17.762844],[-63.161443,-17.762211],[-63.162264,-17.76165],[-63.163141,-17.761112],[-63.164123,-17.760586],[-63.164961,-17.760187],[-63.165899,-17.759798],[-63.166926,-17.759444],[-63.163938,-17.751771],[-63.162549,-17.752182],[-63.16106,-17.752772]]]}},{"type":"Feature","properties":{"id":"scz-uv-6-305-5421","nombre":"UV 305","nivel":"uv","municipio":"Santa Cruz de la Sierra","provincia":"Andrés Ibáñez","departamento":"Santa Cruz","distrito":"6","uv":"305","fuente":"GAM Santa Cruz vía YoViajo/geodatos"},"geometry":{"type":"Polygon","coordinates":[[[-63.068946,-17.751151],[-63.065818,-17.757981],[-63.064875,-17.760202],[-63.074053,-17.761785],[-63.077009,-17.75404],[-63.075653,-17.753459],[-63.07154,-17.752013],[-63.068946,-17.751151]]]}},{"type":"Feature","properties":{"id":"scz-uv-6-152-5422","nombre":"UV 152","nivel":"uv","municipio":"Santa Cruz de la Sierra","provincia":"Andrés Ibáñez","departamento":"Santa Cruz","distrito":"6","uv":"152","fuente":"GAM Santa Cruz vía YoViajo/geodatos"},"geometry":{"type":"Polygon","coordinates":[[[-63.107866,-17.758409],[-63.107762,-17.766003],[-63.11574,-17.767968],[-63.114257,-17.7667],[-63.11346,-17.765661],[-63.113208,-17.765203],[-63.113773,-17.763712],[-63.115699,-17.759344],[-63.114195,-17.758642],[-63.115259,-17.752648],[-63.111458,-17.751494],[-63.109993,-17.750984],[-63.10804,-17.757525],[-63.107866,-17.758409]]]}},{"type":"Feature","properties":{"id":"scz-uv-2-38-5423","nombre":"UV 38","nivel":"uv","municipio":"Santa Cruz de la Sierra","provincia":"Andrés Ibáñez","departamento":"Santa Cruz","distrito":"2","uv":"38","fuente":"GAM Santa Cruz vía YoViajo/geodatos"},"geometry":{"type":"Polygon","coordinates":[[[-63.163938,-17.751771],[-63.166926,-17.759444],[-63.168574,-17.758971],[-63.170328,-17.758571],[-63.171734,-17.758322],[-63.173868,-17.758083],[-63.169207,-17.750829],[-63.167314,-17.751074],[-63.165441,-17.75139],[-63.163938,-17.751771]]]}},{"type":"Feature","properties":{"id":"scz-uv-1-60-5424","nombre":"UV 60","nivel":"uv","municipio":"Santa Cruz de la Sierra","provincia":"Andrés Ibáñez","departamento":"Santa Cruz","distrito":"1","uv":"60","fuente":"GAM Santa Cruz vía YoViajo/geodatos"},"geometry":{"type":"Polygon","coordinates":[[[-63.188374,-17.759698],[-63.1914,-17.760327],[-63.19053,-17.755613],[-63.190493,-17.755074],[-63.190516,-17.754567],[-63.190593,-17.754066],[-63.190702,-17.75365],[-63.190793,-17.753394],[-63.19097,-17.75305],[-63.191199,-17.752735],[-63.191475,-17.752457],[-63.191791,-17.752222],[-63.19214,-17.752036],[-63.191667,-17.751854],[-63.189974,-17.751312],[-63.188416,-17.750898],[-63.186849,-17.750539],[-63.188374,-17.759698]]]}},{"type":"Feature","properties":{"id":"scz-uv-6-ET119-5425","nombre":"UV ET119","nivel":"uv","municipio":"Santa Cruz de la Sierra","provincia":"Andrés Ibáñez","departamento":"Santa Cruz","distrito":"6","uv":"ET119","fuente":"GAM Santa Cruz vía YoViajo/geodatos"},"geometry":{"type":"Polygon","coordinates":[[[-63.095686,-17.752535],[-63.097288,-17.753192],[-63.098236,-17.75121],[-63.09668,-17.750521],[-63.095686,-17.752535]]]}},{"type":"Feature","properties":{"id":"scz-uv-2-37-5426","nombre":"UV 37","nivel":"uv","municipio":"Santa Cruz de la Sierra","provincia":"Andrés Ibáñez","departamento":"Santa Cruz","distrito":"2","uv":"37","fuente":"GAM Santa Cruz vía YoViajo/geodatos"},"geometry":{"type":"Polygon","coordinates":[[[-63.169207,-17.750829],[-63.173868,-17.758083],[-63.174984,-17.757996],[-63.175638,-17.757978],[-63.17843,-17.758031],[-63.175267,-17.749967],[-63.173714,-17.750257],[-63.169207,-17.750829]]]}},{"type":"Feature","properties":{"id":"scz-uv-6-306-5427","nombre":"UV 306","nivel":"uv","municipio":"Santa Cruz de la Sierra","provincia":"Andrés Ibáñez","departamento":"Santa Cruz","distrito":"6","uv":"306","fuente":"GAM Santa Cruz vía YoViajo/geodatos"},"geometry":{"type":"Polygon","coordinates":[[[-63.054528,-17.758416],[-63.064875,-17.760202],[-63.065818,-17.757981],[-63.068432,-17.752273],[-63.057627,-17.749887],[-63.054528,-17.758416]]]}},{"type":"Feature","properties":{"id":"scz-uv-1-61-5428","nombre":"UV 61","nivel":"uv","municipio":"Santa Cruz de la Sierra","provincia":"Andrés Ibáñez","departamento":"Santa Cruz","distrito":"1","uv":"61","fuente":"GAM Santa Cruz vía YoViajo/geodatos"},"geometry":{"type":"Polygon","coordinates":[[[-63.182543,-17.758577],[-63.187355,-17.759404],[-63.188374,-17.759698],[-63.186849,-17.750539],[-63.185279,-17.750236],[-63.183417,-17.749957],[-63.180723,-17.749697],[-63.182237,-17.757551],[-63.182543,-17.758577]]]}},{"type":"Feature","properties":{"id":"scz-uv-1-62-5429","nombre":"UV 62","nivel":"uv","municipio":"Santa Cruz de la Sierra","provincia":"Andrés Ibáñez","departamento":"Santa Cruz","distrito":"1","uv":"62","fuente":"GAM Santa Cruz vía YoViajo/geodatos"},"geometry":{"type":"Polygon","coordinates":[[[-63.175267,-17.749967],[-63.17843,-17.758031],[-63.179293,-17.757782],[-63.179622,-17.757757],[-63.179886,-17.757776],[-63.182543,-17.758577],[-63.182237,-17.757551],[-63.180723,-17.749697],[-63.178862,-17.749611],[-63.177699,-17.749667],[-63.175267,-17.749967]]]}},{"type":"Feature","properties":{"id":"scz-uv-6-151-5430","nombre":"UV 151","nivel":"uv","municipio":"Santa Cruz de la Sierra","provincia":"Andrés Ibáñez","departamento":"Santa Cruz","distrito":"6","uv":"151","fuente":"GAM Santa Cruz vía YoViajo/geodatos"},"geometry":{"type":"Polygon","coordinates":[[[-63.120415,-17.758208],[-63.121063,-17.757698],[-63.125314,-17.759506],[-63.125895,-17.759874],[-63.126476,-17.759233],[-63.128735,-17.760434],[-63.130797,-17.756815],[-63.131145,-17.755513],[-63.130941,-17.753988],[-63.130646,-17.753119],[-63.130471,-17.752832],[-63.122484,-17.747179],[-63.12009,-17.755063],[-63.120397,-17.757589],[-63.120415,-17.758208]],[[-63.123049,-17.754202],[-63.123956,-17.752455],[-63.125255,-17.753019],[-63.124076,-17.75492],[-63.123049,-17.754202]]]}},{"type":"Feature","properties":{"id":"scz-uv-6-199A-5431","nombre":"UV 199A","nivel":"uv","municipio":"Santa Cruz de la Sierra","provincia":"Andrés Ibáñez","departamento":"Santa Cruz","distrito":"6","uv":"199A","fuente":"GAM Santa Cruz vía YoViajo/geodatos"},"geometry":{"type":"Polygon","coordinates":[[[-63.082395,-17.765025],[-63.085695,-17.765089],[-63.089076,-17.765],[-63.090322,-17.761985],[-63.090881,-17.760306],[-63.092193,-17.757126],[-63.094063,-17.751886],[-63.090348,-17.750405],[-63.087846,-17.749348],[-63.087565,-17.749172],[-63.081467,-17.746722],[-63.081026,-17.747467],[-63.079748,-17.74924],[-63.077638,-17.751274],[-63.077009,-17.75404],[-63.076178,-17.756218],[-63.080556,-17.757557],[-63.08075,-17.757761],[-63.083747,-17.758905],[-63.083093,-17.75973],[-63.082667,-17.76072],[-63.082286,-17.76199],[-63.082354,-17.763216],[-63.082395,-17.765025]]]}},{"type":"Feature","properties":{"id":"scz-uv-5-ET56-5432","nombre":"UV ET56","nivel":"uv","municipio":"Santa Cruz de la Sierra","provincia":"Andrés Ibáñez","departamento":"Santa Cruz","distrito":"5","uv":"ET56","fuente":"GAM Santa Cruz vía YoViajo/geodatos"},"geometry":{"type":"Polygon","coordinates":[[[-63.16106,-17.752772],[-63.162549,-17.752182],[-63.163938,-17.751771],[-63.161946,-17.746654],[-63.159438,-17.747615],[-63.16003,-17.750704],[-63.160242,-17.750783],[-63.16106,-17.752772]]]}},{"type":"Feature","properties":{"id":"scz-uv-6-ET120-5434","nombre":"UV ET120","nivel":"uv","municipio":"Santa Cruz de la Sierra","provincia":"Andrés Ibáñez","departamento":"Santa Cruz","distrito":"6","uv":"ET120","fuente":"GAM Santa Cruz vía YoViajo/geodatos"},"geometry":{"type":"Polygon","coordinates":[[[-63.082317,-17.745025],[-63.081467,-17.746722],[-63.087565,-17.749172],[-63.087846,-17.749348],[-63.088613,-17.747789],[-63.082317,-17.745025]]]}},{"type":"Feature","properties":{"id":"scz-uv-6-307-5436","nombre":"UV 307","nivel":"uv","municipio":"Santa Cruz de la Sierra","provincia":"Andrés Ibáñez","departamento":"Santa Cruz","distrito":"6","uv":"307","fuente":"GAM Santa Cruz vía YoViajo/geodatos"},"geometry":{"type":"Polygon","coordinates":[[[-63.073659,-17.744403],[-63.06915,-17.750796],[-63.068946,-17.751151],[-63.07154,-17.752013],[-63.075653,-17.753459],[-63.077009,-17.75404],[-63.077638,-17.751274],[-63.079748,-17.74924],[-63.081026,-17.747467],[-63.081467,-17.746722],[-63.075659,-17.74436],[-63.073659,-17.744403]]]}},{"type":"Feature","properties":{"id":"scz-uv-6-ET122-5437","nombre":"UV ET122","nivel":"uv","municipio":"Santa Cruz de la Sierra","provincia":"Andrés Ibáñez","departamento":"Santa Cruz","distrito":"6","uv":"ET122","fuente":"GAM Santa Cruz vía YoViajo/geodatos"},"geometry":{"type":"Polygon","coordinates":[[[-63.075659,-17.74436],[-63.081467,-17.746722],[-63.081672,-17.746314],[-63.080405,-17.744315],[-63.075659,-17.74436]]]}},{"type":"Feature","properties":{"id":"scz-uv-6-310-5494","nombre":"UV 310","nivel":"uv","municipio":"Santa Cruz de la Sierra","provincia":"Andrés Ibáñez","departamento":"Santa Cruz","distrito":"6","uv":"310","fuente":"GAM Santa Cruz vía YoViajo/geodatos"},"geometry":{"type":"Polygon","coordinates":[[[-63.09411,-17.723392],[-63.099554,-17.725904],[-63.101292,-17.72129],[-63.095707,-17.719204],[-63.09411,-17.723392]]]}},{"type":"Feature","properties":{"id":"scz-uv-1-59A-5438","nombre":"UV 59A","nivel":"uv","municipio":"Santa Cruz de la Sierra","provincia":"Andrés Ibáñez","departamento":"Santa Cruz","distrito":"1","uv":"59A","fuente":"GAM Santa Cruz vía YoViajo/geodatos"},"geometry":{"type":"Polygon","coordinates":[[[-63.191819,-17.751912],[-63.194361,-17.752894],[-63.196682,-17.753929],[-63.198261,-17.754777],[-63.199955,-17.755788],[-63.200431,-17.756114],[-63.200812,-17.756444],[-63.200622,-17.755698],[-63.198278,-17.748642],[-63.19766,-17.747557],[-63.196741,-17.746212],[-63.195578,-17.744181],[-63.194678,-17.746489],[-63.194278,-17.747643],[-63.193835,-17.749195],[-63.192791,-17.750831],[-63.191819,-17.751912]]]}},{"type":"Feature","properties":{"id":"scz-uv-6-200-5439","nombre":"UV 200","nivel":"uv","municipio":"Santa Cruz de la Sierra","provincia":"Andrés Ibáñez","departamento":"Santa Cruz","distrito":"6","uv":"200","fuente":"GAM Santa Cruz vía YoViajo/geodatos"},"geometry":{"type":"Polygon","coordinates":[[[-63.094063,-17.751886],[-63.095686,-17.752535],[-63.09668,-17.750521],[-63.098236,-17.75121],[-63.097288,-17.753192],[-63.098812,-17.753783],[-63.102733,-17.745584],[-63.09767,-17.743347],[-63.094441,-17.749814],[-63.094063,-17.751886]]]}},{"type":"Feature","properties":{"id":"scz-uv-6-144A-5440","nombre":"UV 144A","nivel":"uv","municipio":"Santa Cruz de la Sierra","provincia":"Andrés Ibáñez","departamento":"Santa Cruz","distrito":"6","uv":"144A","fuente":"GAM Santa Cruz vía YoViajo/geodatos"},"geometry":{"type":"Polygon","coordinates":[[[-63.110427,-17.749145],[-63.110418,-17.749483],[-63.109993,-17.750984],[-63.111458,-17.751494],[-63.115259,-17.752648],[-63.114195,-17.758642],[-63.115828,-17.759402],[-63.117548,-17.760262],[-63.117977,-17.760276],[-63.120441,-17.759094],[-63.120397,-17.757589],[-63.12009,-17.755063],[-63.122484,-17.747179],[-63.120362,-17.745729],[-63.113951,-17.742617],[-63.112665,-17.74572],[-63.110861,-17.748355],[-63.110427,-17.749145]]]}},{"type":"Feature","properties":{"id":"scz-uv-5-66-5441","nombre":"UV 66","nivel":"uv","municipio":"Santa Cruz de la Sierra","provincia":"Andrés Ibáñez","departamento":"Santa Cruz","distrito":"5","uv":"66","fuente":"GAM Santa Cruz vía YoViajo/geodatos"},"geometry":{"type":"Polygon","coordinates":[[[-63.165921,-17.742548],[-63.161055,-17.744371],[-63.163938,-17.751771],[-63.165441,-17.75139],[-63.167314,-17.751074],[-63.169207,-17.750829],[-63.165921,-17.742548]]]}},{"type":"Feature","properties":{"id":"scz-uv-6-308-5442","nombre":"UV 308","nivel":"uv","municipio":"Santa Cruz de la Sierra","provincia":"Andrés Ibáñez","departamento":"Santa Cruz","distrito":"6","uv":"308","fuente":"GAM Santa Cruz vía YoViajo/geodatos"},"geometry":{"type":"Polygon","coordinates":[[[-63.062201,-17.750897],[-63.068432,-17.752273],[-63.068946,-17.751151],[-63.06915,-17.750796],[-63.073659,-17.744403],[-63.071314,-17.744404],[-63.069504,-17.74343],[-63.065624,-17.741719],[-63.062201,-17.750897]]]}},{"type":"Feature","properties":{"id":"scz-uv-6-201-5443","nombre":"UV 201","nivel":"uv","municipio":"Santa Cruz de la Sierra","provincia":"Andrés Ibáñez","departamento":"Santa Cruz","distrito":"6","uv":"201","fuente":"GAM Santa Cruz vía YoViajo/geodatos"},"geometry":{"type":"Polygon","coordinates":[[[-63.092046,-17.740816],[-63.087846,-17.749348],[-63.090348,-17.750405],[-63.094063,-17.751886],[-63.094441,-17.749814],[-63.09767,-17.743347],[-63.092046,-17.740816]]]}},{"type":"Feature","properties":{"id":"scz-uv-5-65-5444","nombre":"UV 65","nivel":"uv","municipio":"Santa Cruz de la Sierra","provincia":"Andrés Ibáñez","departamento":"Santa Cruz","distrito":"5","uv":"65","fuente":"GAM Santa Cruz vía YoViajo/geodatos"},"geometry":{"type":"Polygon","coordinates":[[[-63.171525,-17.740445],[-63.165921,-17.742548],[-63.169207,-17.750829],[-63.173714,-17.750257],[-63.175267,-17.749967],[-63.171525,-17.740445]]]}},{"type":"Feature","properties":{"id":"scz-uv-1-63-5445","nombre":"UV 63","nivel":"uv","municipio":"Santa Cruz de la Sierra","provincia":"Andrés Ibáñez","departamento":"Santa Cruz","distrito":"1","uv":"63","fuente":"GAM Santa Cruz vía YoViajo/geodatos"},"geometry":{"type":"Polygon","coordinates":[[[-63.188976,-17.743447],[-63.184417,-17.743278],[-63.184351,-17.743513],[-63.183544,-17.743357],[-63.182725,-17.743283],[-63.180685,-17.743335],[-63.180517,-17.743638],[-63.180403,-17.744086],[-63.179281,-17.743845],[-63.178814,-17.743834],[-63.177575,-17.743705],[-63.177158,-17.743752],[-63.176439,-17.743666],[-63.173122,-17.744524],[-63.175267,-17.749967],[-63.177699,-17.749667],[-63.178862,-17.749611],[-63.179641,-17.749641],[-63.181562,-17.74976],[-63.183417,-17.749957],[-63.185279,-17.750236],[-63.186769,-17.750522],[-63.188871,-17.743885],[-63.188976,-17.743447]]]}},{"type":"Feature","properties":{"id":"scz-uv-6-309-5446","nombre":"UV 309","nivel":"uv","municipio":"Santa Cruz de la Sierra","provincia":"Andrés Ibáñez","departamento":"Santa Cruz","distrito":"6","uv":"309","fuente":"GAM Santa Cruz vía YoViajo/geodatos"},"geometry":{"type":"Polygon","coordinates":[[[-63.057627,-17.749887],[-63.062201,-17.750897],[-63.065624,-17.741719],[-63.061314,-17.739813],[-63.060712,-17.741867],[-63.059819,-17.744631],[-63.057627,-17.749887]]]}},{"type":"Feature","properties":{"id":"scz-uv-6-ET121-5447","nombre":"UV ET121","nivel":"uv","municipio":"Santa Cruz de la Sierra","provincia":"Andrés Ibáñez","departamento":"Santa Cruz","distrito":"6","uv":"ET121","fuente":"GAM Santa Cruz vía YoViajo/geodatos"},"geometry":{"type":"Polygon","coordinates":[[[-63.077701,-17.740046],[-63.080405,-17.744315],[-63.081672,-17.746314],[-63.082317,-17.745025],[-63.078467,-17.739042],[-63.077701,-17.740046]]]}},{"type":"Feature","properties":{"id":"scz-uv-6-197-5448","nombre":"UV 197","nivel":"uv","municipio":"Santa Cruz de la Sierra","provincia":"Andrés Ibáñez","departamento":"Santa Cruz","distrito":"6","uv":"197","fuente":"GAM Santa Cruz vía YoViajo/geodatos"},"geometry":{"type":"Polygon","coordinates":[[[-63.104022,-17.755814],[-63.107866,-17.758409],[-63.10804,-17.757525],[-63.109164,-17.7538],[-63.110418,-17.749483],[-63.110427,-17.749145],[-63.110861,-17.748355],[-63.112665,-17.74572],[-63.113951,-17.742617],[-63.107276,-17.738645],[-63.105863,-17.74092],[-63.105642,-17.741162],[-63.102733,-17.745584],[-63.098812,-17.753783],[-63.104022,-17.755814]]]}},{"type":"Feature","properties":{"id":"scz-uv-6-313-5449","nombre":"UV 313","nivel":"uv","municipio":"Santa Cruz de la Sierra","provincia":"Andrés Ibáñez","departamento":"Santa Cruz","distrito":"6","uv":"313","fuente":"GAM Santa Cruz vía YoViajo/geodatos"},"geometry":{"type":"Polygon","coordinates":[[[-63.082317,-17.745025],[-63.088613,-17.747789],[-63.092046,-17.740816],[-63.091888,-17.740632],[-63.089425,-17.739533],[-63.089287,-17.739415],[-63.085891,-17.737883],[-63.082317,-17.745025]]]}},{"type":"Feature","properties":{"id":"scz-uv-6-321-5462","nombre":"UV 321","nivel":"uv","municipio":"Santa Cruz de la Sierra","provincia":"Andrés Ibáñez","departamento":"Santa Cruz","distrito":"6","uv":"321","fuente":"GAM Santa Cruz vía YoViajo/geodatos"},"geometry":{"type":"Polygon","coordinates":[[[-63.061568,-17.738651],[-63.061314,-17.739813],[-63.069504,-17.74343],[-63.071314,-17.744404],[-63.073659,-17.744403],[-63.080405,-17.744315],[-63.074851,-17.73559],[-63.073126,-17.732226],[-63.072934,-17.732103],[-63.061568,-17.738651]]]}},{"type":"Feature","properties":{"id":"scz-uv-5-75-5463","nombre":"UV 75","nivel":"uv","municipio":"Santa Cruz de la Sierra","provincia":"Andrés Ibáñez","departamento":"Santa Cruz","distrito":"5","uv":"75","fuente":"GAM Santa Cruz vía YoViajo/geodatos"},"geometry":{"type":"Polygon","coordinates":[[[-63.141622,-17.736752],[-63.14554,-17.742538],[-63.154217,-17.737291],[-63.150166,-17.730965],[-63.143882,-17.734758],[-63.142494,-17.736176],[-63.141622,-17.736752]]]}},{"type":"Feature","properties":{"id":"scz-uv-6-319-5495","nombre":"UV 319","nivel":"uv","municipio":"Santa Cruz de la Sierra","provincia":"Andrés Ibáñez","departamento":"Santa Cruz","distrito":"6","uv":"319","fuente":"GAM Santa Cruz vía YoViajo/geodatos"},"geometry":{"type":"Polygon","coordinates":[[[-63.079505,-17.722983],[-63.085041,-17.725558],[-63.086049,-17.726105],[-63.08859,-17.720884],[-63.0825,-17.71805],[-63.082418,-17.718093],[-63.079505,-17.722983]]]}},{"type":"Feature","properties":{"id":"scz-uv-5-64-5450","nombre":"UV 64","nivel":"uv","municipio":"Santa Cruz de la Sierra","provincia":"Andrés Ibáñez","departamento":"Santa Cruz","distrito":"5","uv":"64","fuente":"GAM Santa Cruz vía YoViajo/geodatos"},"geometry":{"type":"Polygon","coordinates":[[[-63.175923,-17.738889],[-63.17159,-17.740613],[-63.173122,-17.744524],[-63.176439,-17.743666],[-63.177158,-17.743752],[-63.177575,-17.743705],[-63.178814,-17.743834],[-63.179281,-17.743845],[-63.180403,-17.744086],[-63.180517,-17.743638],[-63.180685,-17.743335],[-63.182725,-17.743283],[-63.183544,-17.743357],[-63.184351,-17.743513],[-63.184417,-17.743278],[-63.188976,-17.743447],[-63.189944,-17.740455],[-63.188333,-17.740269],[-63.187671,-17.740119],[-63.185945,-17.740023],[-63.184579,-17.740156],[-63.182277,-17.740184],[-63.181736,-17.740116],[-63.181421,-17.740005],[-63.181117,-17.739836],[-63.180849,-17.739618],[-63.180695,-17.739449],[-63.179716,-17.7375],[-63.175923,-17.738889]]]}},{"type":"Feature","properties":{"id":"scz-uv-5-71-5451","nombre":"UV 71","nivel":"uv","municipio":"Santa Cruz de la Sierra","provincia":"Andrés Ibáñez","departamento":"Santa Cruz","distrito":"5","uv":"71","fuente":"GAM Santa Cruz vía YoViajo/geodatos"},"geometry":{"type":"Polygon","coordinates":[[[-63.14554,-17.742538],[-63.149831,-17.748872],[-63.150751,-17.748512],[-63.155927,-17.746231],[-63.161055,-17.744371],[-63.160009,-17.743007],[-63.159294,-17.742394],[-63.154217,-17.737291],[-63.14554,-17.742538]]]}},{"type":"Feature","properties":{"id":"scz-uv-6-ET117-5452","nombre":"UV ET117","nivel":"uv","municipio":"Santa Cruz de la Sierra","provincia":"Andrés Ibáñez","departamento":"Santa Cruz","distrito":"6","uv":"ET117","fuente":"GAM Santa Cruz vía YoViajo/geodatos"},"geometry":{"type":"Polygon","coordinates":[[[-63.085891,-17.737883],[-63.089287,-17.739415],[-63.089425,-17.739533],[-63.091888,-17.740632],[-63.092046,-17.740816],[-63.092194,-17.740611],[-63.092722,-17.739479],[-63.090028,-17.738294],[-63.08994,-17.738196],[-63.086583,-17.736668],[-63.085891,-17.737883]]]}},{"type":"Feature","properties":{"id":"scz-uv-6-317-5453","nombre":"UV 317","nivel":"uv","municipio":"Santa Cruz de la Sierra","provincia":"Andrés Ibáñez","departamento":"Santa Cruz","distrito":"6","uv":"317","fuente":"GAM Santa Cruz vía YoViajo/geodatos"},"geometry":{"type":"Polygon","coordinates":[[[-63.078467,-17.739042],[-63.082317,-17.745025],[-63.085891,-17.737883],[-63.081033,-17.73568],[-63.078467,-17.739042]]]}},{"type":"Feature","properties":{"id":"scz-uv-6-202-5454","nombre":"UV 202","nivel":"uv","municipio":"Santa Cruz de la Sierra","provincia":"Andrés Ibáñez","departamento":"Santa Cruz","distrito":"6","uv":"202","fuente":"GAM Santa Cruz vía YoViajo/geodatos"},"geometry":{"type":"Polygon","coordinates":[[[-63.09767,-17.743347],[-63.102733,-17.745584],[-63.105642,-17.741162],[-63.105863,-17.74092],[-63.107276,-17.738645],[-63.101656,-17.735382],[-63.09767,-17.743347]]]}},{"type":"Feature","properties":{"id":"scz-uv-5-70-5455","nombre":"UV 70","nivel":"uv","municipio":"Santa Cruz de la Sierra","provincia":"Andrés Ibáñez","departamento":"Santa Cruz","distrito":"5","uv":"70","fuente":"GAM Santa Cruz vía YoViajo/geodatos"},"geometry":{"type":"Polygon","coordinates":[[[-63.154217,-17.737291],[-63.159294,-17.742394],[-63.160009,-17.743007],[-63.161055,-17.744371],[-63.165486,-17.74271],[-63.162978,-17.740214],[-63.16255,-17.739681],[-63.16151,-17.737649],[-63.161275,-17.737058],[-63.160277,-17.734901],[-63.1558,-17.736583],[-63.154217,-17.737291]]]}},{"type":"Feature","properties":{"id":"scz-uv-6-ET118-5456","nombre":"UV ET118","nivel":"uv","municipio":"Santa Cruz de la Sierra","provincia":"Andrés Ibáñez","departamento":"Santa Cruz","distrito":"6","uv":"ET118","fuente":"GAM Santa Cruz vía YoViajo/geodatos"},"geometry":{"type":"Polygon","coordinates":[[[-63.081033,-17.73568],[-63.085891,-17.737883],[-63.086583,-17.736668],[-63.081781,-17.734489],[-63.081222,-17.735478],[-63.081033,-17.73568]]]}},{"type":"Feature","properties":{"id":"scz-uv-5-ET30-5457","nombre":"UV ET30","nivel":"uv","municipio":"Santa Cruz de la Sierra","provincia":"Andrés Ibáñez","departamento":"Santa Cruz","distrito":"5","uv":"ET30","fuente":"GAM Santa Cruz vía YoViajo/geodatos"},"geometry":{"type":"Polygon","coordinates":[[[-63.160277,-17.734901],[-63.161275,-17.737058],[-63.16151,-17.737649],[-63.16255,-17.739681],[-63.162978,-17.740214],[-63.165486,-17.74271],[-63.166204,-17.742441],[-63.164155,-17.739202],[-63.161795,-17.734258],[-63.160277,-17.734901]]]}},{"type":"Feature","properties":{"id":"scz-uv-6-144-5458","nombre":"UV 144","nivel":"uv","municipio":"Santa Cruz de la Sierra","provincia":"Andrés Ibáñez","departamento":"Santa Cruz","distrito":"6","uv":"144","fuente":"GAM Santa Cruz vía YoViajo/geodatos"},"geometry":{"type":"Polygon","coordinates":[[[-63.113951,-17.742617],[-63.120362,-17.745729],[-63.121922,-17.746784],[-63.125048,-17.748977],[-63.130471,-17.752832],[-63.122714,-17.740139],[-63.121696,-17.738831],[-63.118432,-17.733867],[-63.113951,-17.742617]]]}},{"type":"Feature","properties":{"id":"scz-uv-1-PSU5-5459","nombre":"UV PSU5","nivel":"uv","municipio":"Santa Cruz de la Sierra","provincia":"Andrés Ibáñez","departamento":"Santa Cruz","distrito":"1","uv":"PSU5","fuente":"GAM Santa Cruz vía YoViajo/geodatos"},"geometry":{"type":"Polygon","coordinates":[[[-63.191523,-17.735527],[-63.191269,-17.736766],[-63.189905,-17.740557],[-63.189346,-17.742259],[-63.188983,-17.743419],[-63.188871,-17.743885],[-63.186769,-17.750522],[-63.188416,-17.750898],[-63.189974,-17.751312],[-63.191819,-17.751912],[-63.192791,-17.750831],[-63.193835,-17.749195],[-63.194278,-17.747643],[-63.194678,-17.746489],[-63.195578,-17.744181],[-63.194787,-17.74182],[-63.1946,-17.74035],[-63.194598,-17.739018],[-63.194997,-17.736999],[-63.195426,-17.735472],[-63.194554,-17.735352],[-63.193547,-17.735046],[-63.19313,-17.734536],[-63.192372,-17.732704],[-63.191523,-17.735527]]]}},{"type":"Feature","properties":{"id":"scz-uv-5-69-5460","nombre":"UV 69","nivel":"uv","municipio":"Santa Cruz de la Sierra","provincia":"Andrés Ibáñez","departamento":"Santa Cruz","distrito":"5","uv":"69","fuente":"GAM Santa Cruz vía YoViajo/geodatos"},"geometry":{"type":"Polygon","coordinates":[[[-63.161795,-17.734258],[-63.164155,-17.739202],[-63.166204,-17.742441],[-63.171525,-17.740445],[-63.16829,-17.732221],[-63.165657,-17.732968],[-63.161795,-17.734258]]]}},{"type":"Feature","properties":{"id":"scz-uv-6-203-5461","nombre":"UV 203","nivel":"uv","municipio":"Santa Cruz de la Sierra","provincia":"Andrés Ibáñez","departamento":"Santa Cruz","distrito":"6","uv":"203","fuente":"GAM Santa Cruz vía YoViajo/geodatos"},"geometry":{"type":"Polygon","coordinates":[[[-63.096212,-17.732183],[-63.092194,-17.740611],[-63.092046,-17.740816],[-63.09767,-17.743347],[-63.101656,-17.735382],[-63.096212,-17.732183]]]}},{"type":"Feature","properties":{"id":"scz-uv-PI-PI-5464","nombre":"UV PI","nivel":"uv","municipio":"Santa Cruz de la Sierra","provincia":"Andrés Ibáñez","departamento":"Santa Cruz","distrito":"PI","uv":"PI","fuente":"GAM Santa Cruz vía YoViajo/geodatos"},"geometry":{"type":"Polygon","coordinates":[[[-63.152302,-17.75253],[-63.14915,-17.754334],[-63.147534,-17.751957],[-63.14237,-17.744186],[-63.144549,-17.74291],[-63.14554,-17.742538],[-63.142186,-17.737592],[-63.138565,-17.736893],[-63.137074,-17.736741],[-63.136884,-17.736668],[-63.13506,-17.737841],[-63.134915,-17.737915],[-63.134789,-17.73785],[-63.130403,-17.73087],[-63.12937,-17.731659],[-63.120342,-17.736771],[-63.121696,-17.738831],[-63.122714,-17.740139],[-63.130646,-17.753119],[-63.130941,-17.753988],[-63.131145,-17.755513],[-63.130797,-17.756815],[-63.127712,-17.76227],[-63.128601,-17.762625],[-63.127101,-17.76827],[-63.127041,-17.768625],[-63.126191,-17.77172],[-63.133085,-17.774408],[-63.147398,-17.779758],[-63.147165,-17.777006],[-63.147097,-17.775618],[-63.147054,-17.773641],[-63.147077,-17.771836],[-63.147163,-17.769619],[-63.147227,-17.769116],[-63.147353,-17.768625],[-63.147606,-17.768021],[-63.148302,-17.76614],[-63.148953,-17.764691],[-63.149586,-17.763438],[-63.151018,-17.761108],[-63.151592,-17.76031],[-63.152722,-17.758946],[-63.154265,-17.7573],[-63.155055,-17.756606],[-63.152302,-17.75253]]]}},{"type":"Feature","properties":{"id":"scz-uv-6-196-5465","nombre":"UV 196","nivel":"uv","municipio":"Santa Cruz de la Sierra","provincia":"Andrés Ibáñez","departamento":"Santa Cruz","distrito":"6","uv":"196","fuente":"GAM Santa Cruz vía YoViajo/geodatos"},"geometry":{"type":"Polygon","coordinates":[[[-63.107276,-17.738645],[-63.113951,-17.742617],[-63.118432,-17.733867],[-63.118251,-17.733591],[-63.110221,-17.730586],[-63.108423,-17.73557],[-63.108055,-17.737116],[-63.107276,-17.738645]]]}},{"type":"Feature","properties":{"id":"scz-uv-5-ET25-5466","nombre":"UV ET25","nivel":"uv","municipio":"Santa Cruz de la Sierra","provincia":"Andrés Ibáñez","departamento":"Santa Cruz","distrito":"5","uv":"ET25","fuente":"GAM Santa Cruz vía YoViajo/geodatos"},"geometry":{"type":"Polygon","coordinates":[[[-63.177094,-17.732454],[-63.177462,-17.733126],[-63.177884,-17.732942],[-63.177709,-17.729409],[-63.177759,-17.729403],[-63.1777,-17.728133],[-63.177616,-17.727688],[-63.177288,-17.726593],[-63.17733,-17.726971],[-63.177292,-17.727475],[-63.177195,-17.727843],[-63.177038,-17.728195],[-63.176822,-17.728525],[-63.176555,-17.728818],[-63.176243,-17.729068],[-63.175894,-17.729268],[-63.177008,-17.732068],[-63.177094,-17.732454]]]}},{"type":"Feature","properties":{"id":"scz-uv-5-68-5467","nombre":"UV 68","nivel":"uv","municipio":"Santa Cruz de la Sierra","provincia":"Andrés Ibáñez","departamento":"Santa Cruz","distrito":"5","uv":"68","fuente":"GAM Santa Cruz vía YoViajo/geodatos"},"geometry":{"type":"Polygon","coordinates":[[[-63.16829,-17.732221],[-63.17159,-17.740613],[-63.175923,-17.738889],[-63.179716,-17.7375],[-63.178901,-17.735882],[-63.177094,-17.732454],[-63.177008,-17.732068],[-63.175894,-17.729268],[-63.171691,-17.730864],[-63.16829,-17.732221]]]}},{"type":"Feature","properties":{"id":"scz-uv-6-312-5468","nombre":"UV 312","nivel":"uv","municipio":"Santa Cruz de la Sierra","provincia":"Andrés Ibáñez","departamento":"Santa Cruz","distrito":"6","uv":"312","fuente":"GAM Santa Cruz vía YoViajo/geodatos"},"geometry":{"type":"Polygon","coordinates":[[[-63.086583,-17.736668],[-63.08994,-17.738196],[-63.090028,-17.738294],[-63.092722,-17.739479],[-63.096212,-17.732183],[-63.096134,-17.732013],[-63.090912,-17.729063],[-63.086583,-17.736668]]]}},{"type":"Feature","properties":{"id":"scz-uv-6-204-5469","nombre":"UV 204","nivel":"uv","municipio":"Santa Cruz de la Sierra","provincia":"Andrés Ibáñez","departamento":"Santa Cruz","distrito":"6","uv":"204","fuente":"GAM Santa Cruz vía YoViajo/geodatos"},"geometry":{"type":"Polygon","coordinates":[[[-63.101656,-17.735382],[-63.107276,-17.738645],[-63.108055,-17.737116],[-63.108423,-17.73557],[-63.110221,-17.730586],[-63.105107,-17.72868],[-63.101656,-17.735382]]]}},{"type":"Feature","properties":{"id":"scz-uv-5-74-5470","nombre":"UV 74","nivel":"uv","municipio":"Santa Cruz de la Sierra","provincia":"Andrés Ibáñez","departamento":"Santa Cruz","distrito":"5","uv":"74","fuente":"GAM Santa Cruz vía YoViajo/geodatos"},"geometry":{"type":"Polygon","coordinates":[[[-63.150166,-17.730965],[-63.154217,-17.737291],[-63.1558,-17.736583],[-63.160277,-17.734901],[-63.156982,-17.728286],[-63.150166,-17.730965]]]}},{"type":"Feature","properties":{"id":"scz-uv-PI-79A-5471","nombre":"UV 79A","nivel":"uv","municipio":"Santa Cruz de la Sierra","provincia":"Andrés Ibáñez","departamento":"Santa Cruz","distrito":"PI","uv":"79A","fuente":"GAM Santa Cruz vía YoViajo/geodatos"},"geometry":{"type":"Polygon","coordinates":[[[-63.130403,-17.73087],[-63.134789,-17.73785],[-63.134915,-17.737915],[-63.13506,-17.737841],[-63.136884,-17.736668],[-63.137074,-17.736741],[-63.138565,-17.736893],[-63.142186,-17.737592],[-63.13587,-17.728136],[-63.135452,-17.728258],[-63.1338,-17.729019],[-63.132867,-17.729541],[-63.1306,-17.730719],[-63.130403,-17.73087]]]}},{"type":"Feature","properties":{"id":"scz-uv-5-ET29-5472","nombre":"UV ET29","nivel":"uv","municipio":"Santa Cruz de la Sierra","provincia":"Andrés Ibáñez","departamento":"Santa Cruz","distrito":"5","uv":"ET29","fuente":"GAM Santa Cruz vía YoViajo/geodatos"},"geometry":{"type":"Polygon","coordinates":[[[-63.156982,-17.728286],[-63.160277,-17.734901],[-63.161795,-17.734258],[-63.15849,-17.727906],[-63.156982,-17.728286]]]}},{"type":"Feature","properties":{"id":"scz-uv-6-326-5473","nombre":"UV 326","nivel":"uv","municipio":"Santa Cruz de la Sierra","provincia":"Andrés Ibáñez","departamento":"Santa Cruz","distrito":"6","uv":"326","fuente":"GAM Santa Cruz vía YoViajo/geodatos"},"geometry":{"type":"Polygon","coordinates":[[[-63.061568,-17.738651],[-63.072934,-17.732103],[-63.071074,-17.728386],[-63.062632,-17.72715],[-63.061641,-17.738268],[-63.061568,-17.738651]]]}},{"type":"Feature","properties":{"id":"scz-uv-6-316-5474","nombre":"UV 316","nivel":"uv","municipio":"Santa Cruz de la Sierra","provincia":"Andrés Ibáñez","departamento":"Santa Cruz","distrito":"6","uv":"316","fuente":"GAM Santa Cruz vía YoViajo/geodatos"},"geometry":{"type":"Polygon","coordinates":[[[-63.081781,-17.734489],[-63.086583,-17.736668],[-63.090912,-17.729063],[-63.086214,-17.726347],[-63.086129,-17.726222],[-63.084307,-17.729859],[-63.081781,-17.734489]]]}},{"type":"Feature","properties":{"id":"scz-uv-5-331-5490","nombre":"UV 331","nivel":"uv","municipio":"Santa Cruz de la Sierra","provincia":"Andrés Ibáñez","departamento":"Santa Cruz","distrito":"5","uv":"331","fuente":"GAM Santa Cruz vía YoViajo/geodatos"},"geometry":{"type":"Polygon","coordinates":[[[-63.190351,-17.735407],[-63.191359,-17.736242],[-63.191523,-17.735527],[-63.192372,-17.732704],[-63.192198,-17.731152],[-63.192176,-17.72912],[-63.191914,-17.728303],[-63.190868,-17.728304],[-63.190845,-17.725241],[-63.190756,-17.723236],[-63.190028,-17.721613],[-63.184367,-17.720436],[-63.182892,-17.720077],[-63.181161,-17.719717],[-63.181097,-17.722115],[-63.181699,-17.72295],[-63.181939,-17.726128],[-63.182003,-17.726449],[-63.181998,-17.73122],[-63.182117,-17.733921],[-63.182447,-17.735415],[-63.190351,-17.735407]]]}},{"type":"Feature","properties":{"id":"scz-uv-5-ET51-5475","nombre":"UV ET51","nivel":"uv","municipio":"Santa Cruz de la Sierra","provincia":"Andrés Ibáñez","departamento":"Santa Cruz","distrito":"5","uv":"ET51","fuente":"GAM Santa Cruz vía YoViajo/geodatos"},"geometry":{"type":"Polygon","coordinates":[[[-63.177288,-17.726593],[-63.177616,-17.727688],[-63.1777,-17.728133],[-63.177759,-17.729403],[-63.177709,-17.729409],[-63.177884,-17.732942],[-63.177462,-17.733126],[-63.178901,-17.735882],[-63.180695,-17.739449],[-63.18077,-17.739535],[-63.181023,-17.739768],[-63.181316,-17.739955],[-63.181631,-17.740086],[-63.182058,-17.740174],[-63.184579,-17.740156],[-63.185945,-17.740023],[-63.187671,-17.740119],[-63.188333,-17.740269],[-63.189944,-17.740455],[-63.191269,-17.736766],[-63.191359,-17.736242],[-63.190351,-17.735407],[-63.182447,-17.735415],[-63.182117,-17.733921],[-63.181998,-17.73122],[-63.182003,-17.726449],[-63.181939,-17.726128],[-63.177808,-17.726625],[-63.177288,-17.726593]]]}},{"type":"Feature","properties":{"id":"scz-uv-6-205-5476","nombre":"UV 205","nivel":"uv","municipio":"Santa Cruz de la Sierra","provincia":"Andrés Ibáñez","departamento":"Santa Cruz","distrito":"6","uv":"205","fuente":"GAM Santa Cruz vía YoViajo/geodatos"},"geometry":{"type":"Polygon","coordinates":[[[-63.096212,-17.732183],[-63.101656,-17.735382],[-63.105107,-17.72868],[-63.099554,-17.725904],[-63.096212,-17.732183]]]}},{"type":"Feature","properties":{"id":"scz-uv-5-73-5478","nombre":"UV 73","nivel":"uv","municipio":"Santa Cruz de la Sierra","provincia":"Andrés Ibáñez","departamento":"Santa Cruz","distrito":"5","uv":"73","fuente":"GAM Santa Cruz vía YoViajo/geodatos"},"geometry":{"type":"Polygon","coordinates":[[[-63.15849,-17.727906],[-63.161795,-17.734258],[-63.165657,-17.732968],[-63.16829,-17.732221],[-63.167883,-17.731263],[-63.165446,-17.725004],[-63.165331,-17.725017],[-63.15849,-17.727906]]]}},{"type":"Feature","properties":{"id":"scz-uv-PI-225-5479","nombre":"UV 225","nivel":"uv","municipio":"Santa Cruz de la Sierra","provincia":"Andrés Ibáñez","departamento":"Santa Cruz","distrito":"PI","uv":"225","fuente":"GAM Santa Cruz vía YoViajo/geodatos"},"geometry":{"type":"Polygon","coordinates":[[[-63.118432,-17.733867],[-63.120342,-17.736771],[-63.12937,-17.731659],[-63.129169,-17.731583],[-63.128186,-17.730252],[-63.12418,-17.724192],[-63.123645,-17.724705],[-63.123411,-17.724601],[-63.122043,-17.723813],[-63.121896,-17.724002],[-63.12149,-17.724724],[-63.121613,-17.727534],[-63.119729,-17.731376],[-63.118432,-17.733867]]]}},{"type":"Feature","properties":{"id":"scz-uv-6-196A-5480","nombre":"UV 196A","nivel":"uv","municipio":"Santa Cruz de la Sierra","provincia":"Andrés Ibáñez","departamento":"Santa Cruz","distrito":"6","uv":"196A","fuente":"GAM Santa Cruz vía YoViajo/geodatos"},"geometry":{"type":"Polygon","coordinates":[[[-63.110221,-17.730586],[-63.115648,-17.732609],[-63.118251,-17.733591],[-63.117255,-17.732076],[-63.114909,-17.727827],[-63.113434,-17.72457],[-63.11292,-17.723586],[-63.112325,-17.725007],[-63.110221,-17.730586]]]}},{"type":"Feature","properties":{"id":"scz-uv-6-311-5481","nombre":"UV 311","nivel":"uv","municipio":"Santa Cruz de la Sierra","provincia":"Andrés Ibáñez","departamento":"Santa Cruz","distrito":"6","uv":"311","fuente":"GAM Santa Cruz vía YoViajo/geodatos"},"geometry":{"type":"Polygon","coordinates":[[[-63.090912,-17.729063],[-63.096134,-17.732013],[-63.096212,-17.732183],[-63.099554,-17.725904],[-63.09411,-17.723392],[-63.090912,-17.729063]]]}},{"type":"Feature","properties":{"id":"scz-uv-6-320-5482","nombre":"UV 320","nivel":"uv","municipio":"Santa Cruz de la Sierra","provincia":"Andrés Ibáñez","departamento":"Santa Cruz","distrito":"6","uv":"320","fuente":"GAM Santa Cruz vía YoViajo/geodatos"},"geometry":{"type":"Polygon","coordinates":[[[-63.073126,-17.732226],[-63.074851,-17.73559],[-63.077701,-17.740046],[-63.081033,-17.73568],[-63.081222,-17.735478],[-63.084307,-17.729859],[-63.086129,-17.726222],[-63.086049,-17.726105],[-63.085041,-17.725558],[-63.079505,-17.722983],[-63.074801,-17.729849],[-63.073126,-17.732226]]]}},{"type":"Feature","properties":{"id":"scz-uv-5-79-5483","nombre":"UV 79","nivel":"uv","municipio":"Santa Cruz de la Sierra","provincia":"Andrés Ibáñez","departamento":"Santa Cruz","distrito":"5","uv":"79","fuente":"GAM Santa Cruz vía YoViajo/geodatos"},"geometry":{"type":"Polygon","coordinates":[[[-63.13587,-17.728136],[-63.141622,-17.736752],[-63.142494,-17.736176],[-63.143882,-17.734758],[-63.150166,-17.730965],[-63.147896,-17.727419],[-63.14492,-17.722879],[-63.136773,-17.727939],[-63.13587,-17.728136]]]}},{"type":"Feature","properties":{"id":"scz-uv-5-72-5484","nombre":"UV 72","nivel":"uv","municipio":"Santa Cruz de la Sierra","provincia":"Andrés Ibáñez","departamento":"Santa Cruz","distrito":"5","uv":"72","fuente":"GAM Santa Cruz vía YoViajo/geodatos"},"geometry":{"type":"Polygon","coordinates":[[[-63.173352,-17.722327],[-63.168832,-17.723821],[-63.165446,-17.725004],[-63.167883,-17.731263],[-63.16829,-17.732221],[-63.171691,-17.730864],[-63.175894,-17.729268],[-63.173352,-17.722327]]]}},{"type":"Feature","properties":{"id":"scz-uv-5-ET26-5486","nombre":"UV ET26","nivel":"uv","municipio":"Santa Cruz de la Sierra","provincia":"Andrés Ibáñez","departamento":"Santa Cruz","distrito":"5","uv":"ET26","fuente":"GAM Santa Cruz vía YoViajo/geodatos"},"geometry":{"type":"Polygon","coordinates":[[[-63.173352,-17.722327],[-63.174693,-17.726045],[-63.175894,-17.729268],[-63.176243,-17.729068],[-63.176555,-17.728818],[-63.176822,-17.728525],[-63.177038,-17.728195],[-63.177195,-17.727843],[-63.177292,-17.727475],[-63.17733,-17.726971],[-63.177288,-17.726593],[-63.176914,-17.725963],[-63.175341,-17.721591],[-63.173352,-17.722327]]]}},{"type":"Feature","properties":{"id":"scz-uv-6-315-5487","nombre":"UV 315","nivel":"uv","municipio":"Santa Cruz de la Sierra","provincia":"Andrés Ibáñez","departamento":"Santa Cruz","distrito":"6","uv":"315","fuente":"GAM Santa Cruz vía YoViajo/geodatos"},"geometry":{"type":"Polygon","coordinates":[[[-63.086049,-17.726105],[-63.086214,-17.726347],[-63.090912,-17.729063],[-63.09411,-17.723392],[-63.08859,-17.720884],[-63.086049,-17.726105]]]}},{"type":"Feature","properties":{"id":"scz-uv-PI-224-5488","nombre":"UV 224","nivel":"uv","municipio":"Santa Cruz de la Sierra","provincia":"Andrés Ibáñez","departamento":"Santa Cruz","distrito":"PI","uv":"224","fuente":"GAM Santa Cruz vía YoViajo/geodatos"},"geometry":{"type":"Polygon","coordinates":[[[-63.12418,-17.724192],[-63.128186,-17.730252],[-63.129169,-17.731583],[-63.12937,-17.731659],[-63.1306,-17.730719],[-63.132867,-17.729541],[-63.1338,-17.729019],[-63.135452,-17.728258],[-63.13587,-17.728136],[-63.130554,-17.720127],[-63.12418,-17.724192]]]}},{"type":"Feature","properties":{"id":"scz-uv-5-78-5489","nombre":"UV 78","nivel":"uv","municipio":"Santa Cruz de la Sierra","provincia":"Andrés Ibáñez","departamento":"Santa Cruz","distrito":"5","uv":"78","fuente":"GAM Santa Cruz vía YoViajo/geodatos"},"geometry":{"type":"Polygon","coordinates":[[[-63.15288,-17.719819],[-63.14492,-17.722879],[-63.147896,-17.727419],[-63.150166,-17.730965],[-63.156982,-17.728286],[-63.154,-17.722187],[-63.15288,-17.719819]]]}},{"type":"Feature","properties":{"id":"scz-uv-5-213-5542","nombre":"UV 213","nivel":"uv","municipio":"Santa Cruz de la Sierra","provincia":"Andrés Ibáñez","departamento":"Santa Cruz","distrito":"5","uv":"213","fuente":"GAM Santa Cruz vía YoViajo/geodatos"},"geometry":{"type":"Polygon","coordinates":[[[-63.148889,-17.700446],[-63.150273,-17.70057],[-63.150475,-17.700612],[-63.150654,-17.700711],[-63.151583,-17.701862],[-63.152242,-17.69558],[-63.146519,-17.695183],[-63.148446,-17.697794],[-63.149035,-17.698681],[-63.148889,-17.700446]]]}},{"type":"Feature","properties":{"id":"scz-uv-6-206-5496","nombre":"UV 206","nivel":"uv","municipio":"Santa Cruz de la Sierra","provincia":"Andrés Ibáñez","departamento":"Santa Cruz","distrito":"6","uv":"206","fuente":"GAM Santa Cruz vía YoViajo/geodatos"},"geometry":{"type":"Polygon","coordinates":[[[-63.105107,-17.72868],[-63.110221,-17.730586],[-63.112325,-17.725007],[-63.11292,-17.723586],[-63.112376,-17.722535],[-63.111765,-17.721623],[-63.109208,-17.718032],[-63.105107,-17.72868]]]}},{"type":"Feature","properties":{"id":"scz-uv-5-195-5497","nombre":"UV 195","nivel":"uv","municipio":"Santa Cruz de la Sierra","provincia":"Andrés Ibáñez","departamento":"Santa Cruz","distrito":"5","uv":"195","fuente":"GAM Santa Cruz vía YoViajo/geodatos"},"geometry":{"type":"Polygon","coordinates":[[[-63.130554,-17.720127],[-63.13587,-17.728136],[-63.136773,-17.727939],[-63.14492,-17.722879],[-63.143846,-17.721299],[-63.14373,-17.721223],[-63.140445,-17.720786],[-63.139709,-17.720218],[-63.135701,-17.717398],[-63.130554,-17.720127]]]}},{"type":"Feature","properties":{"id":"scz-uv-6-ET116-5498","nombre":"UV ET116","nivel":"uv","municipio":"Santa Cruz de la Sierra","provincia":"Andrés Ibáñez","departamento":"Santa Cruz","distrito":"6","uv":"ET116","fuente":"GAM Santa Cruz vía YoViajo/geodatos"},"geometry":{"type":"Polygon","coordinates":[[[-63.095707,-17.719204],[-63.101292,-17.72129],[-63.102235,-17.718788],[-63.099556,-17.718493],[-63.097052,-17.717294],[-63.09654,-17.71702],[-63.095707,-17.719204]]]}},{"type":"Feature","properties":{"id":"scz-uv-6-207-5499","nombre":"UV 207","nivel":"uv","municipio":"Santa Cruz de la Sierra","provincia":"Andrés Ibáñez","departamento":"Santa Cruz","distrito":"6","uv":"207","fuente":"GAM Santa Cruz vía YoViajo/geodatos"},"geometry":{"type":"Polygon","coordinates":[[[-63.1024,-17.71835],[-63.099554,-17.725904],[-63.105107,-17.72868],[-63.109208,-17.718032],[-63.108886,-17.717594],[-63.10654,-17.716712],[-63.105459,-17.719462],[-63.1024,-17.71835]]]}},{"type":"Feature","properties":{"id":"scz-uv-5-77-5500","nombre":"UV 77","nivel":"uv","municipio":"Santa Cruz de la Sierra","provincia":"Andrés Ibáñez","departamento":"Santa Cruz","distrito":"5","uv":"77","fuente":"GAM Santa Cruz vía YoViajo/geodatos"},"geometry":{"type":"Polygon","coordinates":[[[-63.15441,-17.719215],[-63.15849,-17.727906],[-63.165432,-17.72499],[-63.16399,-17.721386],[-63.163065,-17.718872],[-63.162005,-17.716266],[-63.160132,-17.716958],[-63.157283,-17.718112],[-63.157128,-17.718085],[-63.154657,-17.719056],[-63.15441,-17.719215]]]}},{"type":"Feature","properties":{"id":"scz-uv-PI-208B-5501","nombre":"UV 208B","nivel":"uv","municipio":"Santa Cruz de la Sierra","provincia":"Andrés Ibáñez","departamento":"Santa Cruz","distrito":"PI","uv":"208B","fuente":"GAM Santa Cruz vía YoViajo/geodatos"},"geometry":{"type":"Polygon","coordinates":[[[-63.112376,-17.722535],[-63.11292,-17.723586],[-63.118694,-17.719401],[-63.118428,-17.719127],[-63.114388,-17.716763],[-63.106519,-17.714164],[-63.108886,-17.717594],[-63.111765,-17.721623],[-63.112376,-17.722535]]]}},{"type":"Feature","properties":{"id":"scz-uv-PI-222-5502","nombre":"UV 222","nivel":"uv","municipio":"Santa Cruz de la Sierra","provincia":"Andrés Ibáñez","departamento":"Santa Cruz","distrito":"PI","uv":"222","fuente":"GAM Santa Cruz vía YoViajo/geodatos"},"geometry":{"type":"Polygon","coordinates":[[[-63.118694,-17.719401],[-63.119517,-17.719819],[-63.121576,-17.720961],[-63.12418,-17.724192],[-63.130554,-17.720127],[-63.126964,-17.714937],[-63.118694,-17.719401]]]}},{"type":"Feature","properties":{"id":"scz-uv-5-76-5503","nombre":"UV 76","nivel":"uv","municipio":"Santa Cruz de la Sierra","provincia":"Andrés Ibáñez","departamento":"Santa Cruz","distrito":"5","uv":"76","fuente":"GAM Santa Cruz vía YoViajo/geodatos"},"geometry":{"type":"Polygon","coordinates":[[[-63.162005,-17.716266],[-63.163049,-17.718876],[-63.163961,-17.721393],[-63.165382,-17.725003],[-63.165446,-17.725004],[-63.168832,-17.723821],[-63.173301,-17.722344],[-63.171239,-17.715527],[-63.171385,-17.714124],[-63.162005,-17.716266]]]}},{"type":"Feature","properties":{"id":"scz-uv-5-ET27-5504","nombre":"UV ET27","nivel":"uv","municipio":"Santa Cruz de la Sierra","provincia":"Andrés Ibáñez","departamento":"Santa Cruz","distrito":"5","uv":"ET27","fuente":"GAM Santa Cruz vía YoViajo/geodatos"},"geometry":{"type":"Polygon","coordinates":[[[-63.171385,-17.714124],[-63.171239,-17.715527],[-63.173301,-17.722344],[-63.175341,-17.721591],[-63.172464,-17.713876],[-63.171385,-17.714124]]]}},{"type":"Feature","properties":{"id":"scz-uv-6-325-5505","nombre":"UV 325","nivel":"uv","municipio":"Santa Cruz de la Sierra","provincia":"Andrés Ibáñez","departamento":"Santa Cruz","distrito":"6","uv":"325","fuente":"GAM Santa Cruz vía YoViajo/geodatos"},"geometry":{"type":"Polygon","coordinates":[[[-63.062632,-17.72715],[-63.071074,-17.728386],[-63.063826,-17.713721],[-63.062632,-17.72715]]]}},{"type":"Feature","properties":{"id":"scz-uv-5-332-5506","nombre":"UV 332","nivel":"uv","municipio":"Santa Cruz de la Sierra","provincia":"Andrés Ibáñez","departamento":"Santa Cruz","distrito":"5","uv":"332","fuente":"GAM Santa Cruz vía YoViajo/geodatos"},"geometry":{"type":"Polygon","coordinates":[[[-63.181161,-17.719717],[-63.182892,-17.720077],[-63.184367,-17.720436],[-63.190028,-17.721613],[-63.188634,-17.718988],[-63.187136,-17.715798],[-63.186699,-17.714594],[-63.186503,-17.714247],[-63.186031,-17.714317],[-63.185246,-17.71432],[-63.18327,-17.714074],[-63.181334,-17.71299],[-63.18137,-17.713529],[-63.181133,-17.71933],[-63.181161,-17.719717]]]}},{"type":"Feature","properties":{"id":"scz-uv-5-333-5507","nombre":"UV 333","nivel":"uv","municipio":"Santa Cruz de la Sierra","provincia":"Andrés Ibáñez","departamento":"Santa Cruz","distrito":"5","uv":"333","fuente":"GAM Santa Cruz vía YoViajo/geodatos"},"geometry":{"type":"Polygon","coordinates":[[[-63.176077,-17.71298],[-63.173039,-17.713671],[-63.172464,-17.713876],[-63.175341,-17.721591],[-63.181161,-17.719717],[-63.181133,-17.71933],[-63.18137,-17.713529],[-63.181334,-17.71299],[-63.180338,-17.712778],[-63.178233,-17.712742],[-63.176077,-17.71298]]]}},{"type":"Feature","properties":{"id":"scz-uv-6-324-5508","nombre":"UV 324","nivel":"uv","municipio":"Santa Cruz de la Sierra","provincia":"Andrés Ibáñez","departamento":"Santa Cruz","distrito":"6","uv":"324","fuente":"GAM Santa Cruz vía YoViajo/geodatos"},"geometry":{"type":"Polygon","coordinates":[[[-63.06329,-17.71264],[-63.072934,-17.732103],[-63.073126,-17.732226],[-63.074801,-17.729849],[-63.079505,-17.722983],[-63.077667,-17.722071],[-63.076075,-17.721149],[-63.07145,-17.716866],[-63.070154,-17.71588],[-63.06329,-17.71264]]]}},{"type":"Feature","properties":{"id":"scz-uv-6-314-5509","nombre":"UV 314","nivel":"uv","municipio":"Santa Cruz de la Sierra","provincia":"Andrés Ibáñez","departamento":"Santa Cruz","distrito":"6","uv":"314","fuente":"GAM Santa Cruz vía YoViajo/geodatos"},"geometry":{"type":"Polygon","coordinates":[[[-63.08859,-17.720884],[-63.09411,-17.723392],[-63.09654,-17.71702],[-63.095584,-17.716508],[-63.097193,-17.713125],[-63.092361,-17.711313],[-63.08859,-17.720884]]]}},{"type":"Feature","properties":{"id":"scz-uv-5-220-5510","nombre":"UV 220","nivel":"uv","municipio":"Santa Cruz de la Sierra","provincia":"Andrés Ibáñez","departamento":"Santa Cruz","distrito":"5","uv":"220","fuente":"GAM Santa Cruz vía YoViajo/geodatos"},"geometry":{"type":"Polygon","coordinates":[[[-63.126964,-17.714937],[-63.130554,-17.720127],[-63.135701,-17.717398],[-63.131861,-17.715844],[-63.128324,-17.711286],[-63.127549,-17.712735],[-63.127468,-17.713185],[-63.127428,-17.713655],[-63.12751,-17.714086],[-63.126964,-17.714937]]]}},{"type":"Feature","properties":{"id":"scz-uv-5-ET98-5511","nombre":"UV ET98","nivel":"uv","municipio":"Santa Cruz de la Sierra","provincia":"Andrés Ibáñez","departamento":"Santa Cruz","distrito":"5","uv":"ET98","fuente":"GAM Santa Cruz vía YoViajo/geodatos"},"geometry":{"type":"Polygon","coordinates":[[[-63.16025,-17.711158],[-63.160557,-17.712354],[-63.160928,-17.713497],[-63.161377,-17.714701],[-63.16261,-17.713555],[-63.162214,-17.711979],[-63.161437,-17.711059],[-63.16025,-17.711158]]]}},{"type":"Feature","properties":{"id":"scz-uv-5-193-5512","nombre":"UV 193","nivel":"uv","municipio":"Santa Cruz de la Sierra","provincia":"Andrés Ibáñez","departamento":"Santa Cruz","distrito":"5","uv":"193","fuente":"GAM Santa Cruz vía YoViajo/geodatos"},"geometry":{"type":"Polygon","coordinates":[[[-63.152591,-17.719928],[-63.15441,-17.719215],[-63.154657,-17.719056],[-63.157128,-17.718085],[-63.157283,-17.718112],[-63.160132,-17.716958],[-63.162005,-17.716266],[-63.160928,-17.713497],[-63.160511,-17.712164],[-63.158362,-17.71184],[-63.158068,-17.711562],[-63.156216,-17.711308],[-63.152163,-17.711228],[-63.151536,-17.711061],[-63.150795,-17.710994],[-63.150773,-17.711447],[-63.150304,-17.71415],[-63.152112,-17.718219],[-63.152591,-17.719928]]]}},{"type":"Feature","properties":{"id":"scz-uv-5-194-5513","nombre":"UV 194","nivel":"uv","municipio":"Santa Cruz de la Sierra","provincia":"Andrés Ibáñez","departamento":"Santa Cruz","distrito":"5","uv":"194","fuente":"GAM Santa Cruz vía YoViajo/geodatos"},"geometry":{"type":"Polygon","coordinates":[[[-63.135861,-17.71751],[-63.139709,-17.720218],[-63.140445,-17.720786],[-63.14373,-17.721223],[-63.143846,-17.721299],[-63.14492,-17.722879],[-63.152591,-17.719928],[-63.152112,-17.718219],[-63.150304,-17.71415],[-63.150773,-17.711447],[-63.150795,-17.710994],[-63.150469,-17.711092],[-63.141365,-17.710706],[-63.140836,-17.7105],[-63.135861,-17.71751]]]}},{"type":"Feature","properties":{"id":"scz-uv-6-318-5514","nombre":"UV 318","nivel":"uv","municipio":"Santa Cruz de la Sierra","provincia":"Andrés Ibáñez","departamento":"Santa Cruz","distrito":"6","uv":"318","fuente":"GAM Santa Cruz vía YoViajo/geodatos"},"geometry":{"type":"Polygon","coordinates":[[[-63.0825,-17.71805],[-63.08859,-17.720884],[-63.092361,-17.711313],[-63.087931,-17.709652],[-63.082682,-17.717957],[-63.0825,-17.71805]]]}},{"type":"Feature","properties":{"id":"scz-uv-5-335-5515","nombre":"UV 335","nivel":"uv","municipio":"Santa Cruz de la Sierra","provincia":"Andrés Ibáñez","departamento":"Santa Cruz","distrito":"5","uv":"335","fuente":"GAM Santa Cruz vía YoViajo/geodatos"},"geometry":{"type":"Polygon","coordinates":[[[-63.173208,-17.709482],[-63.175031,-17.713217],[-63.176077,-17.71298],[-63.178233,-17.712742],[-63.180338,-17.712778],[-63.181334,-17.71299],[-63.181201,-17.709742],[-63.181164,-17.709446],[-63.173208,-17.709482]]]}},{"type":"Feature","properties":{"id":"scz-uv-5-334-5518","nombre":"UV 334","nivel":"uv","municipio":"Santa Cruz de la Sierra","provincia":"Andrés Ibáñez","departamento":"Santa Cruz","distrito":"5","uv":"334","fuente":"GAM Santa Cruz vía YoViajo/geodatos"},"geometry":{"type":"Polygon","coordinates":[[[-63.162097,-17.709327],[-63.159791,-17.709389],[-63.16025,-17.711158],[-63.161437,-17.711059],[-63.162214,-17.711979],[-63.16261,-17.713555],[-63.161377,-17.714701],[-63.162005,-17.716266],[-63.172464,-17.713876],[-63.173039,-17.713671],[-63.175031,-17.713217],[-63.173208,-17.709482],[-63.171933,-17.709485],[-63.171662,-17.709521],[-63.16683,-17.709387],[-63.166739,-17.709323],[-63.162097,-17.709327]]]}},{"type":"Feature","properties":{"id":"scz-uv-5-ET97-5519","nombre":"UV ET97","nivel":"uv","municipio":"Santa Cruz de la Sierra","provincia":"Andrés Ibáñez","departamento":"Santa Cruz","distrito":"5","uv":"ET97","fuente":"GAM Santa Cruz vía YoViajo/geodatos"},"geometry":{"type":"Polygon","coordinates":[[[-63.140836,-17.7105],[-63.141365,-17.710706],[-63.150469,-17.711092],[-63.150795,-17.710994],[-63.150941,-17.709746],[-63.148249,-17.709916],[-63.142412,-17.709104],[-63.140836,-17.7105]]]}},{"type":"Feature","properties":{"id":"scz-uv-5-ET115-5520","nombre":"UV ET115","nivel":"uv","municipio":"Santa Cruz de la Sierra","provincia":"Andrés Ibáñez","departamento":"Santa Cruz","distrito":"5","uv":"ET115","fuente":"GAM Santa Cruz vía YoViajo/geodatos"},"geometry":{"type":"Polygon","coordinates":[[[-63.134589,-17.708882],[-63.132774,-17.716214],[-63.133535,-17.716522],[-63.135306,-17.708825],[-63.134589,-17.708882]]]}},{"type":"Feature","properties":{"id":"scz-uv-PI-208-5521","nombre":"UV 208","nivel":"uv","municipio":"Santa Cruz de la Sierra","provincia":"Andrés Ibáñez","departamento":"Santa Cruz","distrito":"PI","uv":"208","fuente":"GAM Santa Cruz vía YoViajo/geodatos"},"geometry":{"type":"Polygon","coordinates":[[[-63.118428,-17.719127],[-63.118694,-17.719401],[-63.126964,-17.714937],[-63.122765,-17.708724],[-63.110428,-17.715455],[-63.114388,-17.716763],[-63.118428,-17.719127]]]}},{"type":"Feature","properties":{"id":"scz-uv-5-218-5522","nombre":"UV 218","nivel":"uv","municipio":"Santa Cruz de la Sierra","provincia":"Andrés Ibáñez","departamento":"Santa Cruz","distrito":"5","uv":"218","fuente":"GAM Santa Cruz vía YoViajo/geodatos"},"geometry":{"type":"Polygon","coordinates":[[[-63.135306,-17.708825],[-63.133535,-17.716522],[-63.135701,-17.717398],[-63.135861,-17.71751],[-63.140836,-17.7105],[-63.137671,-17.709253],[-63.136963,-17.708695],[-63.135306,-17.708825]]]}},{"type":"Feature","properties":{"id":"scz-uv-5-219-5523","nombre":"UV 219","nivel":"uv","municipio":"Santa Cruz de la Sierra","provincia":"Andrés Ibáñez","departamento":"Santa Cruz","distrito":"5","uv":"219","fuente":"GAM Santa Cruz vía YoViajo/geodatos"},"geometry":{"type":"Polygon","coordinates":[[[-63.128324,-17.711286],[-63.131861,-17.715844],[-63.132774,-17.716214],[-63.134589,-17.708882],[-63.134184,-17.708914],[-63.132611,-17.708759],[-63.131038,-17.708114],[-63.130037,-17.707997],[-63.128324,-17.711286]]]}},{"type":"Feature","properties":{"id":"scz-uv-5-221-5524","nombre":"UV 221","nivel":"uv","municipio":"Santa Cruz de la Sierra","provincia":"Andrés Ibáñez","departamento":"Santa Cruz","distrito":"5","uv":"221","fuente":"GAM Santa Cruz vía YoViajo/geodatos"},"geometry":{"type":"Polygon","coordinates":[[[-63.123118,-17.709246],[-63.126964,-17.714937],[-63.12751,-17.714086],[-63.127428,-17.713655],[-63.127468,-17.713185],[-63.127549,-17.712735],[-63.130037,-17.707997],[-63.128955,-17.7079],[-63.127668,-17.707548],[-63.126954,-17.707529],[-63.125912,-17.707295],[-63.125728,-17.70706],[-63.125496,-17.706937],[-63.123118,-17.709246]]]}},{"type":"Feature","properties":{"id":"scz-uv-6-LOX-5525","nombre":"UV LOX","nivel":"uv","municipio":"Santa Cruz de la Sierra","provincia":"Andrés Ibáñez","departamento":"Santa Cruz","distrito":"6","uv":"LOX","fuente":"GAM Santa Cruz vía YoViajo/geodatos"},"geometry":{"type":"Polygon","coordinates":[[[-63.097193,-17.713125],[-63.095584,-17.716508],[-63.097052,-17.717294],[-63.099556,-17.718493],[-63.102235,-17.718788],[-63.1024,-17.71835],[-63.105459,-17.719462],[-63.10654,-17.716712],[-63.108886,-17.717594],[-63.10515,-17.71218],[-63.101013,-17.705715],[-63.097819,-17.71336],[-63.097193,-17.713125]]]}},{"type":"Feature","properties":{"id":"scz-uv-5-339-5526","nombre":"UV 339","nivel":"uv","municipio":"Santa Cruz de la Sierra","provincia":"Andrés Ibáñez","departamento":"Santa Cruz","distrito":"5","uv":"339","fuente":"GAM Santa Cruz vía YoViajo/geodatos"},"geometry":{"type":"Polygon","coordinates":[[[-63.171835,-17.704136],[-63.171859,-17.707219],[-63.173208,-17.709482],[-63.181164,-17.709446],[-63.180919,-17.703972],[-63.17626,-17.703962],[-63.171835,-17.704136]]]}},{"type":"Feature","properties":{"id":"scz-uv-5-341-5527","nombre":"UV 341","nivel":"uv","municipio":"Santa Cruz de la Sierra","provincia":"Andrés Ibáñez","departamento":"Santa Cruz","distrito":"5","uv":"341","fuente":"GAM Santa Cruz vía YoViajo/geodatos"},"geometry":{"type":"Polygon","coordinates":[[[-63.159715,-17.703893],[-63.160009,-17.709376],[-63.162097,-17.709327],[-63.166739,-17.709323],[-63.16683,-17.709387],[-63.171662,-17.709521],[-63.171933,-17.709485],[-63.173208,-17.709482],[-63.171859,-17.707219],[-63.171835,-17.704136],[-63.159715,-17.703893]]]}},{"type":"Feature","properties":{"id":"scz-uv-5-ET100-5528","nombre":"UV ET100","nivel":"uv","municipio":"Santa Cruz de la Sierra","provincia":"Andrés Ibáñez","departamento":"Santa Cruz","distrito":"5","uv":"ET100","fuente":"GAM Santa Cruz vía YoViajo/geodatos"},"geometry":{"type":"Polygon","coordinates":[[[-63.159881,-17.706977],[-63.159715,-17.703893],[-63.157666,-17.703674],[-63.158548,-17.706156],[-63.158528,-17.706929],[-63.159881,-17.706977]]]}},{"type":"Feature","properties":{"id":"scz-uv-PI-208A-5529","nombre":"UV 208A","nivel":"uv","municipio":"Santa Cruz de la Sierra","provincia":"Andrés Ibáñez","departamento":"Santa Cruz","distrito":"PI","uv":"208A","fuente":"GAM Santa Cruz vía YoViajo/geodatos"},"geometry":{"type":"Polygon","coordinates":[[[-63.106519,-17.714164],[-63.110428,-17.715455],[-63.122765,-17.708724],[-63.11904,-17.70321],[-63.10515,-17.71218],[-63.106519,-17.714164]]]}},{"type":"Feature","properties":{"id":"scz-uv-5-338-5530","nombre":"UV 338","nivel":"uv","municipio":"Santa Cruz de la Sierra","provincia":"Andrés Ibáñez","departamento":"Santa Cruz","distrito":"5","uv":"338","fuente":"GAM Santa Cruz vía YoViajo/geodatos"},"geometry":{"type":"Polygon","coordinates":[[[-63.180919,-17.703972],[-63.181164,-17.709446],[-63.186805,-17.70944],[-63.186805,-17.709696],[-63.190859,-17.709857],[-63.190873,-17.708319],[-63.190818,-17.707898],[-63.190625,-17.707314],[-63.19047,-17.706908],[-63.189458,-17.704899],[-63.188457,-17.703529],[-63.188236,-17.703494],[-63.188079,-17.703516],[-63.180907,-17.703146],[-63.180919,-17.703972]]]}},{"type":"Feature","properties":{"id":"scz-uv-5-217-5531","nombre":"UV 217","nivel":"uv","municipio":"Santa Cruz de la Sierra","provincia":"Andrés Ibáñez","departamento":"Santa Cruz","distrito":"5","uv":"217","fuente":"GAM Santa Cruz vía YoViajo/geodatos"},"geometry":{"type":"Polygon","coordinates":[[[-63.125496,-17.706937],[-63.125728,-17.70706],[-63.125912,-17.707295],[-63.126954,-17.707529],[-63.127668,-17.707548],[-63.128955,-17.7079],[-63.131038,-17.708114],[-63.132611,-17.708759],[-63.134184,-17.708914],[-63.136963,-17.708695],[-63.135377,-17.707636],[-63.131381,-17.703691],[-63.130102,-17.702466],[-63.125496,-17.706937]]]}},{"type":"Feature","properties":{"id":"scz-uv-5-211-5532","nombre":"UV 211","nivel":"uv","municipio":"Santa Cruz de la Sierra","provincia":"Andrés Ibáñez","departamento":"Santa Cruz","distrito":"5","uv":"211","fuente":"GAM Santa Cruz vía YoViajo/geodatos"},"geometry":{"type":"Polygon","coordinates":[[[-63.150941,-17.709746],[-63.157737,-17.709332],[-63.15779,-17.70951],[-63.160009,-17.709376],[-63.159881,-17.706977],[-63.158528,-17.706929],[-63.158548,-17.706156],[-63.157666,-17.703674],[-63.157378,-17.703643],[-63.15553,-17.702671],[-63.151594,-17.702399],[-63.151454,-17.70384],[-63.151383,-17.704075],[-63.150941,-17.709746]]]}},{"type":"Feature","properties":{"id":"scz-uv-5-210-5533","nombre":"UV 210","nivel":"uv","municipio":"Santa Cruz de la Sierra","provincia":"Andrés Ibáñez","departamento":"Santa Cruz","distrito":"5","uv":"210","fuente":"GAM Santa Cruz vía YoViajo/geodatos"},"geometry":{"type":"Polygon","coordinates":[[[-63.142412,-17.709104],[-63.148249,-17.709916],[-63.150941,-17.709746],[-63.151383,-17.704075],[-63.151454,-17.70384],[-63.151594,-17.702399],[-63.151583,-17.701862],[-63.150654,-17.700711],[-63.150475,-17.700612],[-63.150273,-17.70057],[-63.148889,-17.700446],[-63.148219,-17.700326],[-63.147473,-17.699967],[-63.147271,-17.699956],[-63.145207,-17.700167],[-63.140865,-17.69949],[-63.140441,-17.699156],[-63.142412,-17.709104]]]}},{"type":"Feature","properties":{"id":"scz-uv-5-342-5534","nombre":"UV 342","nivel":"uv","municipio":"Santa Cruz de la Sierra","provincia":"Andrés Ibáñez","departamento":"Santa Cruz","distrito":"5","uv":"342","fuente":"GAM Santa Cruz vía YoViajo/geodatos"},"geometry":{"type":"Polygon","coordinates":[[[-63.162083,-17.699238],[-63.161642,-17.701953],[-63.16171,-17.703934],[-63.171835,-17.704136],[-63.171968,-17.703042],[-63.172112,-17.702598],[-63.172223,-17.701031],[-63.172315,-17.700539],[-63.172449,-17.700154],[-63.172859,-17.699523],[-63.172972,-17.69908],[-63.172976,-17.69891],[-63.17233,-17.698846],[-63.169983,-17.699183],[-63.168304,-17.699362],[-63.166844,-17.699238],[-63.162965,-17.699332],[-63.162399,-17.699312],[-63.162083,-17.699238]]]}},{"type":"Feature","properties":{"id":"scz-uv-5-ET101-5535","nombre":"UV ET101","nivel":"uv","municipio":"Santa Cruz de la Sierra","provincia":"Andrés Ibáñez","departamento":"Santa Cruz","distrito":"5","uv":"ET101","fuente":"GAM Santa Cruz vía YoViajo/geodatos"},"geometry":{"type":"Polygon","coordinates":[[[-63.159715,-17.703893],[-63.16171,-17.703934],[-63.161642,-17.701953],[-63.162083,-17.699238],[-63.159451,-17.698277],[-63.159715,-17.703893]]]}},{"type":"Feature","properties":{"id":"scz-uv-5-209-5536","nombre":"UV 209","nivel":"uv","municipio":"Santa Cruz de la Sierra","provincia":"Andrés Ibáñez","departamento":"Santa Cruz","distrito":"5","uv":"209","fuente":"GAM Santa Cruz vía YoViajo/geodatos"},"geometry":{"type":"Polygon","coordinates":[[[-63.131381,-17.703691],[-63.135377,-17.707636],[-63.136963,-17.708695],[-63.137671,-17.709253],[-63.140836,-17.7105],[-63.142412,-17.709104],[-63.140441,-17.699156],[-63.138799,-17.697865],[-63.131381,-17.703691]]]}},{"type":"Feature","properties":{"id":"scz-uv-5-340-5537","nombre":"UV 340","nivel":"uv","municipio":"Santa Cruz de la Sierra","provincia":"Andrés Ibáñez","departamento":"Santa Cruz","distrito":"5","uv":"340","fuente":"GAM Santa Cruz vía YoViajo/geodatos"},"geometry":{"type":"Polygon","coordinates":[[[-63.17294,-17.697917],[-63.172972,-17.69908],[-63.172859,-17.699523],[-63.172449,-17.700154],[-63.172315,-17.700539],[-63.172223,-17.701031],[-63.172112,-17.702598],[-63.171968,-17.703042],[-63.171835,-17.704136],[-63.17626,-17.703962],[-63.180919,-17.703972],[-63.180751,-17.697247],[-63.171736,-17.696746],[-63.172425,-17.696903],[-63.172682,-17.69708],[-63.172837,-17.697366],[-63.17294,-17.697917]]]}},{"type":"Feature","properties":{"id":"scz-uv-5-ET114-5538","nombre":"UV ET114","nivel":"uv","municipio":"Santa Cruz de la Sierra","provincia":"Andrés Ibáñez","departamento":"Santa Cruz","distrito":"5","uv":"ET114","fuente":"GAM Santa Cruz vía YoViajo/geodatos"},"geometry":{"type":"Polygon","coordinates":[[[-63.130171,-17.702533],[-63.131381,-17.703691],[-63.138799,-17.697865],[-63.136634,-17.696161],[-63.130171,-17.702533]]]}},{"type":"Feature","properties":{"id":"scz-uv-5-ET67-5539","nombre":"UV ET67","nivel":"uv","municipio":"Santa Cruz de la Sierra","provincia":"Andrés Ibáñez","departamento":"Santa Cruz","distrito":"5","uv":"ET67","fuente":"GAM Santa Cruz vía YoViajo/geodatos"},"geometry":{"type":"Polygon","coordinates":[[[-63.138799,-17.697865],[-63.140865,-17.69949],[-63.14185,-17.697442],[-63.140152,-17.696084],[-63.138799,-17.697865]]]}},{"type":"Feature","properties":{"id":"scz-uv-5-ET102-5540","nombre":"UV ET102","nivel":"uv","municipio":"Santa Cruz de la Sierra","provincia":"Andrés Ibáñez","departamento":"Santa Cruz","distrito":"5","uv":"ET102","fuente":"GAM Santa Cruz vía YoViajo/geodatos"},"geometry":{"type":"Polygon","coordinates":[[[-63.157666,-17.703674],[-63.159715,-17.703893],[-63.159347,-17.696079],[-63.156425,-17.695874],[-63.156663,-17.701001],[-63.157666,-17.703674]]]}},{"type":"Feature","properties":{"id":"scz-uv-5-337-5544","nombre":"UV 337","nivel":"uv","municipio":"Santa Cruz de la Sierra","provincia":"Andrés Ibáñez","departamento":"Santa Cruz","distrito":"5","uv":"337","fuente":"GAM Santa Cruz vía YoViajo/geodatos"},"geometry":{"type":"Polygon","coordinates":[[[-63.180735,-17.696484],[-63.180907,-17.703146],[-63.188079,-17.703516],[-63.188236,-17.703494],[-63.188457,-17.703529],[-63.187336,-17.702352],[-63.186355,-17.701067],[-63.18573,-17.700158],[-63.185212,-17.699265],[-63.185104,-17.699272],[-63.184965,-17.698689],[-63.184054,-17.697315],[-63.183396,-17.695343],[-63.182732,-17.693681],[-63.182482,-17.693182],[-63.182205,-17.694008],[-63.181925,-17.6946],[-63.181457,-17.695342],[-63.180933,-17.695974],[-63.180811,-17.696179],[-63.180735,-17.696484]]]}},{"type":"Feature","properties":{"id":"scz-uv-5-ET103-5545","nombre":"UV ET103","nivel":"uv","municipio":"Santa Cruz de la Sierra","provincia":"Andrés Ibáñez","departamento":"Santa Cruz","distrito":"5","uv":"ET103","fuente":"GAM Santa Cruz vía YoViajo/geodatos"},"geometry":{"type":"Polygon","coordinates":[[[-63.152242,-17.69558],[-63.159347,-17.696079],[-63.15926,-17.693983],[-63.157044,-17.693192],[-63.152137,-17.692889],[-63.152242,-17.69558]]]}},{"type":"Feature","properties":{"id":"scz-uv-5-ET106-5546","nombre":"UV ET106","nivel":"uv","municipio":"Santa Cruz de la Sierra","provincia":"Andrés Ibáñez","departamento":"Santa Cruz","distrito":"5","uv":"ET106","fuente":"GAM Santa Cruz vía YoViajo/geodatos"},"geometry":{"type":"Polygon","coordinates":[[[-63.159203,-17.69255],[-63.159347,-17.696079],[-63.161081,-17.696079],[-63.161521,-17.692642],[-63.159203,-17.69255]]]}},{"type":"Feature","properties":{"id":"scz-uv-5-ET104-5547","nombre":"UV ET104","nivel":"uv","municipio":"Santa Cruz de la Sierra","provincia":"Andrés Ibáñez","departamento":"Santa Cruz","distrito":"5","uv":"ET104","fuente":"GAM Santa Cruz vía YoViajo/geodatos"},"geometry":{"type":"Polygon","coordinates":[[[-63.146519,-17.695183],[-63.152242,-17.69558],[-63.152137,-17.692889],[-63.151871,-17.692792],[-63.144349,-17.692244],[-63.146519,-17.695183]]]}},{"type":"Feature","properties":{"id":"scz-uv-5-ET105-5548","nombre":"UV ET105","nivel":"uv","municipio":"Santa Cruz de la Sierra","provincia":"Andrés Ibáñez","departamento":"Santa Cruz","distrito":"5","uv":"ET105","fuente":"GAM Santa Cruz vía YoViajo/geodatos"},"geometry":{"type":"Polygon","coordinates":[[[-63.144349,-17.692244],[-63.140865,-17.69949],[-63.145207,-17.700167],[-63.147271,-17.699956],[-63.147473,-17.699967],[-63.148219,-17.700326],[-63.148889,-17.700446],[-63.149035,-17.698681],[-63.148446,-17.697794],[-63.144349,-17.692244]]]}},{"type":"Feature","properties":{"id":"scz-uv-5-344-5549","nombre":"UV 344","nivel":"uv","municipio":"Santa Cruz de la Sierra","provincia":"Andrés Ibáñez","departamento":"Santa Cruz","distrito":"5","uv":"344","fuente":"GAM Santa Cruz vía YoViajo/geodatos"},"geometry":{"type":"Polygon","coordinates":[[[-63.165351,-17.692293],[-63.165124,-17.69272],[-63.165053,-17.693098],[-63.165101,-17.693704],[-63.165255,-17.694194],[-63.165509,-17.694645],[-63.165978,-17.695205],[-63.166361,-17.695484],[-63.1668,-17.695674],[-63.167272,-17.695765],[-63.167854,-17.695757],[-63.16829,-17.695816],[-63.168601,-17.695922],[-63.168888,-17.696078],[-63.16945,-17.696318],[-63.170431,-17.696599],[-63.17109,-17.696616],[-63.171736,-17.696746],[-63.180751,-17.697247],[-63.180735,-17.696484],[-63.180811,-17.696179],[-63.180933,-17.695974],[-63.181457,-17.695342],[-63.181925,-17.6946],[-63.182205,-17.694008],[-63.182482,-17.693182],[-63.181874,-17.691952],[-63.181587,-17.691466],[-63.180393,-17.692348],[-63.179986,-17.692594],[-63.179548,-17.692783],[-63.179242,-17.692875],[-63.17861,-17.692977],[-63.17813,-17.692979],[-63.165351,-17.692293]]]}},{"type":"Feature","properties":{"id":"scz-uv-5-213-5550","nombre":"UV 213","nivel":"uv","municipio":"Santa Cruz de la Sierra","provincia":"Andrés Ibáñez","departamento":"Santa Cruz","distrito":"5","uv":"213","fuente":"GAM Santa Cruz vía YoViajo/geodatos"},"geometry":{"type":"Polygon","coordinates":[[[-63.142316,-17.690511],[-63.138245,-17.694559],[-63.14185,-17.697442],[-63.144349,-17.692244],[-63.14428,-17.692151],[-63.142458,-17.690488],[-63.142316,-17.690511]]]}},{"type":"Feature","properties":{"id":"scz-uv-5-343-5551","nombre":"UV 343","nivel":"uv","municipio":"Santa Cruz de la Sierra","provincia":"Andrés Ibáñez","departamento":"Santa Cruz","distrito":"5","uv":"343","fuente":"GAM Santa Cruz vía YoViajo/geodatos"},"geometry":{"type":"Polygon","coordinates":[[[-63.161556,-17.692372],[-63.161081,-17.696079],[-63.159347,-17.696079],[-63.159451,-17.698277],[-63.162083,-17.699238],[-63.162399,-17.699312],[-63.162965,-17.699332],[-63.166844,-17.699238],[-63.168304,-17.699362],[-63.169983,-17.699183],[-63.17233,-17.698846],[-63.172976,-17.69891],[-63.17294,-17.697917],[-63.172837,-17.697366],[-63.172682,-17.69708],[-63.172425,-17.696903],[-63.171254,-17.696638],[-63.170926,-17.696601],[-63.170431,-17.696599],[-63.170033,-17.696505],[-63.16945,-17.696318],[-63.168888,-17.696078],[-63.168601,-17.695922],[-63.168182,-17.695792],[-63.167854,-17.695757],[-63.167272,-17.695765],[-63.1668,-17.695674],[-63.166466,-17.695541],[-63.166067,-17.695282],[-63.165813,-17.695035],[-63.165509,-17.694645],[-63.165255,-17.694194],[-63.165101,-17.693704],[-63.165053,-17.693098],[-63.165124,-17.69272],[-63.165243,-17.692455],[-63.165473,-17.692134],[-63.166152,-17.691541],[-63.166485,-17.691171],[-63.166733,-17.690837],[-63.166862,-17.690522],[-63.166884,-17.690354],[-63.166861,-17.690101],[-63.161556,-17.692372]]]}},{"type":"Feature","properties":{"id":"scz-uv-PI-UI9-5552","nombre":"UV UI9","nivel":"uv","municipio":"Santa Cruz de la Sierra","provincia":"Andrés Ibáñez","departamento":"Santa Cruz","distrito":"PI","uv":"UI9","fuente":"GAM Santa Cruz vía YoViajo/geodatos"},"geometry":{"type":"Polygon","coordinates":[[[-63.11904,-17.70321],[-63.123118,-17.709246],[-63.130102,-17.702466],[-63.129843,-17.702095],[-63.113002,-17.689451],[-63.112397,-17.692966],[-63.112643,-17.694674],[-63.113548,-17.696282],[-63.11904,-17.70321]]]}},{"type":"Feature","properties":{"id":"scz-uv-5-AR-5553","nombre":"UV AR","nivel":"uv","municipio":"Santa Cruz de la Sierra","provincia":"Andrés Ibáñez","departamento":"Santa Cruz","distrito":"5","uv":"AR","fuente":"GAM Santa Cruz vía YoViajo/geodatos"},"geometry":{"type":"Polygon","coordinates":[[[-63.182482,-17.693182],[-63.182732,-17.693681],[-63.183396,-17.695343],[-63.184054,-17.697315],[-63.184965,-17.698689],[-63.185104,-17.699272],[-63.185212,-17.699265],[-63.18573,-17.700158],[-63.186355,-17.701067],[-63.187336,-17.702352],[-63.188524,-17.703599],[-63.189188,-17.7045],[-63.189458,-17.704899],[-63.19047,-17.706908],[-63.190818,-17.707898],[-63.190873,-17.708319],[-63.19086,-17.710109],[-63.191169,-17.71001],[-63.191527,-17.709969],[-63.191914,-17.709749],[-63.192228,-17.709392],[-63.1924,-17.708911],[-63.192456,-17.70806],[-63.192398,-17.707676],[-63.192398,-17.707374],[-63.192612,-17.706522],[-63.192912,-17.70563],[-63.193111,-17.704724],[-63.193795,-17.703193],[-63.194378,-17.700387],[-63.194378,-17.699952],[-63.194334,-17.699738],[-63.194217,-17.699431],[-63.194042,-17.699151],[-63.190841,-17.695054],[-63.190307,-17.694162],[-63.189948,-17.693382],[-63.189589,-17.692464],[-63.189399,-17.691865],[-63.18922,-17.690826],[-63.189082,-17.690408],[-63.188975,-17.690214],[-63.188769,-17.68995],[-63.188517,-17.689727],[-63.188327,-17.689604],[-63.187465,-17.68915],[-63.184116,-17.690934],[-63.183488,-17.691566],[-63.182482,-17.693182]]]}},{"type":"Feature","properties":{"id":"scz-uv-5-S1-2-5554","nombre":"UV S1-2","nivel":"uv","municipio":"Santa Cruz de la Sierra","provincia":"Andrés Ibáñez","departamento":"Santa Cruz","distrito":"5","uv":"S1-2","fuente":"GAM Santa Cruz vía YoViajo/geodatos"},"geometry":{"type":"Polygon","coordinates":[[[-63.136634,-17.696161],[-63.142316,-17.690511],[-63.139295,-17.687736],[-63.139099,-17.687625],[-63.138845,-17.687535],[-63.138518,-17.687479],[-63.138053,-17.687452],[-63.137953,-17.688788],[-63.137888,-17.689204],[-63.137706,-17.689736],[-63.137501,-17.690107],[-63.137242,-17.690446],[-63.13394,-17.693727],[-63.136427,-17.696095],[-63.136634,-17.696161]]]}},{"type":"Feature","properties":{"id":"scz-uv-5-215-5555","nombre":"UV 215","nivel":"uv","municipio":"Santa Cruz de la Sierra","provincia":"Andrés Ibáñez","departamento":"Santa Cruz","distrito":"5","uv":"215","fuente":"GAM Santa Cruz vía YoViajo/geodatos"},"geometry":{"type":"Polygon","coordinates":[[[-63.142458,-17.690488],[-63.14428,-17.692151],[-63.144349,-17.692244],[-63.151871,-17.692792],[-63.152137,-17.692889],[-63.152131,-17.692719],[-63.151095,-17.690675],[-63.151013,-17.687364],[-63.147868,-17.687412],[-63.14751,-17.687366],[-63.14721,-17.68719],[-63.146481,-17.686484],[-63.142458,-17.690488]]]}},{"type":"Feature","properties":{"id":"scz-uv-5-S1-1-5556","nombre":"UV S1-1","nivel":"uv","municipio":"Santa Cruz de la Sierra","provincia":"Andrés Ibáñez","departamento":"Santa Cruz","distrito":"5","uv":"S1-1","fuente":"GAM Santa Cruz vía YoViajo/geodatos"},"geometry":{"type":"Polygon","coordinates":[[[-63.124947,-17.69841],[-63.129843,-17.702095],[-63.130171,-17.702533],[-63.136634,-17.696161],[-63.136427,-17.696095],[-63.13394,-17.693727],[-63.137242,-17.690446],[-63.137501,-17.690107],[-63.137706,-17.689736],[-63.137888,-17.689204],[-63.137953,-17.688788],[-63.138053,-17.687452],[-63.134193,-17.684637],[-63.124947,-17.69841]]]}},{"type":"Feature","properties":{"id":"scz-uv-5-345-5557","nombre":"UV 345","nivel":"uv","municipio":"Santa Cruz de la Sierra","provincia":"Andrés Ibáñez","departamento":"Santa Cruz","distrito":"5","uv":"345","fuente":"GAM Santa Cruz vía YoViajo/geodatos"},"geometry":{"type":"Polygon","coordinates":[[[-63.166861,-17.690101],[-63.166884,-17.690354],[-63.166862,-17.690522],[-63.166733,-17.690837],[-63.166267,-17.691421],[-63.165908,-17.691767],[-63.165542,-17.692062],[-63.165351,-17.692293],[-63.17829,-17.692985],[-63.17877,-17.692962],[-63.179086,-17.692911],[-63.179548,-17.692783],[-63.179843,-17.692663],[-63.180393,-17.692348],[-63.181587,-17.691466],[-63.181233,-17.690867],[-63.180114,-17.689396],[-63.179917,-17.688952],[-63.179834,-17.688599],[-63.179814,-17.688117],[-63.180059,-17.686194],[-63.180326,-17.685297],[-63.180304,-17.683573],[-63.174641,-17.684967],[-63.169567,-17.688942],[-63.166861,-17.690101]]]}},{"type":"Feature","properties":{"id":"scz-uv-5-214-5558","nombre":"UV 214","nivel":"uv","municipio":"Santa Cruz de la Sierra","provincia":"Andrés Ibáñez","departamento":"Santa Cruz","distrito":"5","uv":"214","fuente":"GAM Santa Cruz vía YoViajo/geodatos"},"geometry":{"type":"Polygon","coordinates":[[[-63.150921,-17.683666],[-63.151095,-17.690675],[-63.152131,-17.692719],[-63.152137,-17.692889],[-63.15631,-17.693146],[-63.156223,-17.683591],[-63.150921,-17.683666]]]}},{"type":"Feature","properties":{"id":"scz-uv-5-AR-5559","nombre":"UV AR","nivel":"uv","municipio":"Santa Cruz de la Sierra","provincia":"Andrés Ibáñez","departamento":"Santa Cruz","distrito":"5","uv":"AR","fuente":"GAM Santa Cruz vía YoViajo/geodatos"},"geometry":{"type":"Polygon","coordinates":[[[-63.180276,-17.683387],[-63.180304,-17.683573],[-63.180326,-17.685297],[-63.180059,-17.686194],[-63.179814,-17.688117],[-63.179855,-17.688718],[-63.179957,-17.689067],[-63.180114,-17.689396],[-63.181233,-17.690867],[-63.181874,-17.691952],[-63.182482,-17.693182],[-63.183488,-17.691566],[-63.184116,-17.690934],[-63.187465,-17.68915],[-63.18728,-17.68905],[-63.186679,-17.688503],[-63.186417,-17.687659],[-63.186716,-17.686173],[-63.186725,-17.685487],[-63.18654,-17.684865],[-63.186065,-17.684457],[-63.185464,-17.684021],[-63.184544,-17.684079],[-63.183623,-17.684022],[-63.183167,-17.683952],[-63.182495,-17.683793],[-63.181191,-17.683348],[-63.180731,-17.683314],[-63.180276,-17.683387]]]}},{"type":"Feature","properties":{"id":"scz-uv-5-ET107-5560","nombre":"UV ET107","nivel":"uv","municipio":"Santa Cruz de la Sierra","provincia":"Andrés Ibáñez","departamento":"Santa Cruz","distrito":"5","uv":"ET107","fuente":"GAM Santa Cruz vía YoViajo/geodatos"},"geometry":{"type":"Polygon","coordinates":[[[-63.156223,-17.683591],[-63.15631,-17.693146],[-63.157044,-17.693192],[-63.15926,-17.693983],[-63.158832,-17.683101],[-63.156223,-17.683591]]]}},{"type":"Feature","properties":{"id":"scz-uv-5-ET108-5561","nombre":"UV ET108","nivel":"uv","municipio":"Santa Cruz de la Sierra","provincia":"Andrés Ibáñez","departamento":"Santa Cruz","distrito":"5","uv":"ET108","fuente":"GAM Santa Cruz vía YoViajo/geodatos"},"geometry":{"type":"Polygon","coordinates":[[[-63.158832,-17.683101],[-63.159203,-17.69255],[-63.161521,-17.692642],[-63.161556,-17.692372],[-63.161114,-17.691279],[-63.161079,-17.683077],[-63.158832,-17.683101]]]}},{"type":"Feature","properties":{"id":"scz-uv-5-ET112-5562","nombre":"UV ET112","nivel":"uv","municipio":"Santa Cruz de la Sierra","provincia":"Andrés Ibáñez","departamento":"Santa Cruz","distrito":"5","uv":"ET112","fuente":"GAM Santa Cruz vía YoViajo/geodatos"},"geometry":{"type":"Polygon","coordinates":[[[-63.150172,-17.68281],[-63.146481,-17.686484],[-63.14721,-17.68719],[-63.14751,-17.687366],[-63.147868,-17.687412],[-63.151013,-17.687364],[-63.150921,-17.683666],[-63.15079,-17.683388],[-63.150172,-17.68281]]]}},{"type":"Feature","properties":{"id":"scz-uv-PI-UI10-5563","nombre":"UV UI10","nivel":"uv","municipio":"Santa Cruz de la Sierra","provincia":"Andrés Ibáñez","departamento":"Santa Cruz","distrito":"PI","uv":"UI10","fuente":"GAM Santa Cruz vía YoViajo/geodatos"},"geometry":{"type":"Polygon","coordinates":[[[-63.101013,-17.705715],[-63.10515,-17.71218],[-63.11904,-17.70321],[-63.113548,-17.696282],[-63.112643,-17.694674],[-63.112397,-17.692966],[-63.113002,-17.689451],[-63.100447,-17.679903],[-63.101013,-17.705715]]]}},{"type":"Feature","properties":{"id":"scz-uv-5-S1-3-5564","nombre":"UV S1-3","nivel":"uv","municipio":"Santa Cruz de la Sierra","provincia":"Andrés Ibáñez","departamento":"Santa Cruz","distrito":"5","uv":"S1-3","fuente":"GAM Santa Cruz vía YoViajo/geodatos"},"geometry":{"type":"Polygon","coordinates":[[[-63.134193,-17.684637],[-63.138053,-17.687452],[-63.138518,-17.687479],[-63.138845,-17.687535],[-63.139099,-17.687625],[-63.139295,-17.687736],[-63.142316,-17.690511],[-63.142458,-17.690488],[-63.15009,-17.682892],[-63.1489,-17.681781],[-63.14828,-17.681326],[-63.147418,-17.680946],[-63.144261,-17.679816],[-63.143709,-17.679678],[-63.14307,-17.679582],[-63.138609,-17.678059],[-63.134193,-17.684637]]]}},{"type":"Feature","properties":{"id":"scz-uv-5-ET111-5565","nombre":"UV ET111","nivel":"uv","municipio":"Santa Cruz de la Sierra","provincia":"Andrés Ibáñez","departamento":"Santa Cruz","distrito":"5","uv":"ET111","fuente":"GAM Santa Cruz vía YoViajo/geodatos"},"geometry":{"type":"Polygon","coordinates":[[[-63.150172,-17.68281],[-63.15079,-17.683388],[-63.150921,-17.683666],[-63.156223,-17.683591],[-63.156153,-17.676934],[-63.150172,-17.68281]]]}},{"type":"Feature","properties":{"id":"scz-uv-5-AR-5566","nombre":"UV AR","nivel":"uv","municipio":"Santa Cruz de la Sierra","provincia":"Andrés Ibáñez","departamento":"Santa Cruz","distrito":"5","uv":"AR","fuente":"GAM Santa Cruz vía YoViajo/geodatos"},"geometry":{"type":"Polygon","coordinates":[[[-63.180276,-17.683387],[-63.180731,-17.683314],[-63.181191,-17.683348],[-63.182495,-17.683793],[-63.183167,-17.683952],[-63.183623,-17.684022],[-63.184544,-17.684079],[-63.185464,-17.684021],[-63.1853,-17.683873],[-63.185076,-17.683279],[-63.184959,-17.682546],[-63.184784,-17.681766],[-63.183979,-17.680171],[-63.182884,-17.679104],[-63.181547,-17.678233],[-63.18079,-17.677241],[-63.180499,-17.676415],[-63.180345,-17.678086],[-63.179738,-17.679441],[-63.180276,-17.683387]]]}},{"type":"Feature","properties":{"id":"scz-uv-5-346-5567","nombre":"UV 346","nivel":"uv","municipio":"Santa Cruz de la Sierra","provincia":"Andrés Ibáñez","departamento":"Santa Cruz","distrito":"5","uv":"346","fuente":"GAM Santa Cruz vía YoViajo/geodatos"},"geometry":{"type":"Polygon","coordinates":[[[-63.161073,-17.683077],[-63.161114,-17.691279],[-63.161556,-17.692372],[-63.169567,-17.688942],[-63.174641,-17.684967],[-63.180304,-17.683573],[-63.179738,-17.679441],[-63.180345,-17.678086],[-63.180499,-17.676415],[-63.178211,-17.677099],[-63.17797,-17.676235],[-63.171486,-17.678399],[-63.171276,-17.678332],[-63.170146,-17.682996],[-63.170057,-17.683072],[-63.169858,-17.683129],[-63.169699,-17.683082],[-63.168783,-17.682282],[-63.168197,-17.682978],[-63.168098,-17.683055],[-63.167959,-17.683055],[-63.166357,-17.681931],[-63.164559,-17.681183],[-63.164438,-17.682],[-63.164547,-17.682009],[-63.164395,-17.682817],[-63.163177,-17.683043],[-63.161073,-17.683077]]]}},{"type":"Feature","properties":{"id":"scz-uv-5-ET109-5568","nombre":"UV ET109","nivel":"uv","municipio":"Santa Cruz de la Sierra","provincia":"Andrés Ibáñez","departamento":"Santa Cruz","distrito":"5","uv":"ET109","fuente":"GAM Santa Cruz vía YoViajo/geodatos"},"geometry":{"type":"Polygon","coordinates":[[[-63.158489,-17.674538],[-63.156153,-17.676934],[-63.156223,-17.683591],[-63.158819,-17.683107],[-63.158489,-17.674538]]]}},{"type":"Feature","properties":{"id":"scz-uv-5-S1-4-5569","nombre":"UV S1-4","nivel":"uv","municipio":"Santa Cruz de la Sierra","provincia":"Andrés Ibáñez","departamento":"Santa Cruz","distrito":"5","uv":"S1-4","fuente":"GAM Santa Cruz vía YoViajo/geodatos"},"geometry":{"type":"Polygon","coordinates":[[[-63.138609,-17.678059],[-63.14307,-17.679582],[-63.143709,-17.679678],[-63.144261,-17.679816],[-63.147418,-17.680946],[-63.14828,-17.681326],[-63.1489,-17.681781],[-63.15009,-17.682892],[-63.156153,-17.676934],[-63.157875,-17.675168],[-63.144021,-17.669995],[-63.138609,-17.678059]]]}},{"type":"Feature","properties":{"id":"scz-uv-PI-71A-5570","nombre":"UV 71A","nivel":"uv","municipio":"Santa Cruz de la Sierra","provincia":"Andrés Ibáñez","departamento":"Santa Cruz","distrito":"PI","uv":"71A","fuente":"GAM Santa Cruz vía YoViajo/geodatos"},"geometry":{"type":"Polygon","coordinates":[[[-63.152302,-17.75253],[-63.14554,-17.742538],[-63.144549,-17.74291],[-63.14237,-17.744186],[-63.147534,-17.751957],[-63.14915,-17.754334],[-63.152302,-17.75253]]]}},{"type":"Feature","properties":{"id":"scz-uv-12-251A-6372","nombre":"UV 251A","nivel":"uv","municipio":"Santa Cruz de la Sierra","provincia":"Andrés Ibáñez","departamento":"Santa Cruz","distrito":"12","uv":"251A","fuente":"GAM Santa Cruz vía YoViajo/geodatos"},"geometry":{"type":"Polygon","coordinates":[[[-63.168682,-17.880027],[-63.176892,-17.884551],[-63.17721,-17.884313],[-63.172916,-17.879043],[-63.169847,-17.878699],[-63.168682,-17.880027]]]}},{"type":"Feature","properties":{"id":"scz-uv-8-162-5148","nombre":"UV 162","nivel":"uv","municipio":"Santa Cruz de la Sierra","provincia":"Andrés Ibáñez","departamento":"Santa Cruz","distrito":"8","uv":"162","fuente":"GAM Santa Cruz vía YoViajo/geodatos"},"geometry":{"type":"Polygon","coordinates":[[[-63.104521,-17.849559],[-63.105126,-17.848966],[-63.105751,-17.848171],[-63.106949,-17.846422],[-63.109548,-17.842497],[-63.110528,-17.841602],[-63.110437,-17.839613],[-63.10822,-17.839714],[-63.108161,-17.838694],[-63.110384,-17.83862],[-63.110193,-17.835234],[-63.109922,-17.835071],[-63.109801,-17.835189],[-63.109538,-17.835333],[-63.106873,-17.838669],[-63.105779,-17.839725],[-63.104459,-17.841748],[-63.102414,-17.84446],[-63.101556,-17.846142],[-63.102378,-17.847071],[-63.102435,-17.847258],[-63.104521,-17.849559]]]}},{"type":"Feature","properties":{"id":"scz-uv-8-165-5124","nombre":"UV 165","nivel":"uv","municipio":"Santa Cruz de la Sierra","provincia":"Andrés Ibáñez","departamento":"Santa Cruz","distrito":"8","uv":"165","fuente":"GAM Santa Cruz vía YoViajo/geodatos"},"geometry":{"type":"Polygon","coordinates":[[[-63.115623,-17.854621],[-63.116519,-17.855237],[-63.118365,-17.853599],[-63.122161,-17.849459],[-63.120567,-17.848359],[-63.119621,-17.848164],[-63.11611,-17.847086],[-63.111499,-17.844955],[-63.108718,-17.843733],[-63.106949,-17.846422],[-63.105751,-17.848171],[-63.105126,-17.848966],[-63.10464,-17.849461],[-63.106573,-17.851413],[-63.106925,-17.851873],[-63.106904,-17.852095],[-63.106962,-17.852265],[-63.107079,-17.852405],[-63.107183,-17.852474],[-63.112764,-17.853918],[-63.115623,-17.854621]]]}},{"type":"Feature","properties":{"id":"scz-uv-10-190-5155","nombre":"UV 190","nivel":"uv","municipio":"Santa Cruz de la Sierra","provincia":"Andrés Ibáñez","departamento":"Santa Cruz","distrito":"10","uv":"190","fuente":"GAM Santa Cruz vía YoViajo/geodatos"},"geometry":{"type":"Polygon","coordinates":[[[-63.237596,-17.837803],[-63.243669,-17.843062],[-63.243963,-17.842697],[-63.244017,-17.841216],[-63.244075,-17.840929],[-63.244229,-17.840588],[-63.245079,-17.839452],[-63.247118,-17.837198],[-63.243972,-17.835488],[-63.244287,-17.835005],[-63.240651,-17.833049],[-63.23829,-17.837046],[-63.237596,-17.837803]]]}}]}